pid,ozone,dzone,purp,mode,min_time,max_time
101,2.0,15.0,work,train,8.0,11.0
101,15.0,2.0,work,walk,17.0,20.0
101,2.0,1.0,recreation,escooter,20.0,23.0
101,1.0,2.0,home,escooter,23.0,29.0
102,12.0,12.0,education,car,11.0,14.0
102,12.0,22.0,recreation,car,17.0,20.0
102,22.0,10.0,service,car,20.0,23.0
103,15.0,15.0,work,walk,11.0,14.0
103,15.0,15.0,recreation,walk,14.0,17.0
104,7.0,30.0,work,train,11.0,14.0
104,30.0,23.0,work,train,14.0,17.0
104,23.0,7.0,home,train,20.0,23.0
105,22.0,35.0,recreation,car,17.0,20.0
105,35.0,22.0,home,car,20.0,23.0
106,30.0,26.0,other,car,11.0,14.0
106,26.0,30.0,home,car,14.0,17.0
107,3.0,21.0,education,train,8.0,11.0
107,21.0,15.0,education,car,8.0,11.0
107,15.0,3.0,home,train,14.0,17.0
108,15.0,15.0,work,walk,14.0,17.0
108,15.0,15.0,work,walk,17.0,20.0
109,21.0,21.0,recreation,walk,17.0,20.0
109,21.0,21.0,home,walk,20.0,23.0
110,9.0,9.0,recreation,walk,0.0,5.0
110,9.0,9.0,recreation,walk,20.0,23.0
111,12.0,22.0,work,train,11.0,14.0
111,22.0,18.0,work,train,17.0,20.0
112,25.0,25.0,education,train,14.0,17.0
112,25.0,25.0,recreation,walk,17.0,20.0
113,15.0,15.0,education,bus,8.0,11.0
113,15.0,25.0,market,walk,17.0,20.0
114,15.0,1.0,work,walk,8.0,11.0
114,1.0,15.0,home,walk,17.0,20.0
114,15.0,15.0,recreation,walk,20.0,23.0
115,26.0,21.0,work,train,8.0,11.0
115,21.0,26.0,home,train,17.0,20.0
116,1.0,1.0,work,bus,8.0,11.0
116,1.0,1.0,home,bus,14.0,17.0
117,8.0,8.0,recreation,walk,20.0,23.0
117,8.0,15.0,other,walk,38.0,41.0
118,22.0,22.0,other,car,5.0,8.0
118,22.0,29.0,work,car,5.0,8.0
118,29.0,22.0,home,car,17.0,20.0
119,21.0,21.0,other,walk,8.0,11.0
119,21.0,21.0,home,walk,29.0,32.0
120,21.0,1.0,work,bus,8.0,11.0
120,1.0,21.0,home,bus,17.0,20.0
121,36.0,36.0,recreation,car,8.0,11.0
121,36.0,36.0,work,car,11.0,14.0
121,36.0,36.0,market,car,17.0,20.0
122,1.0,15.0,education,bus,11.0,14.0
122,15.0,1.0,home,bus,17.0,20.0
122,1.0,35.0,recreation,train,20.0,23.0
123,25.0,15.0,work,bus,8.0,11.0
123,15.0,25.0,home,bus,17.0,20.0
124,25.0,25.0,recreation,walk,17.0,20.0
124,25.0,28.0,recreation,train,17.0,20.0
125,21.0,36.0,market,bus,14.0,17.0
125,36.0,36.0,recreation,bus,17.0,20.0
125,36.0,36.0,recreation,bus,20.0,23.0
125,36.0,36.0,recreation,bus,23.0,29.0
126,21.0,26.0,recreation,train,17.0,20.0
126,26.0,21.0,home,train,23.0,29.0
127,1.0,1.0,work,walk,14.0,17.0
127,1.0,15.0,work,bus,14.0,17.0
128,2.0,7.0,education,bus,17.0,20.0
128,7.0,2.0,home,bus,20.0,23.0
129,20.0,21.0,work,train,8.0,11.0
129,21.0,21.0,work,car,8.0,11.0
129,21.0,13.0,recreation,car,17.0,20.0
130,2.0,15.0,education,walk,8.0,11.0
130,15.0,2.0,home,walk,14.0,17.0
131,20.0,22.0,work,train,8.0,11.0
131,22.0,20.0,recreation,walk,20.0,23.0
131,20.0,20.0,home,train,41.0,44.0
132,35.0,15.0,work,train,8.0,11.0
132,15.0,1.0,education,train,14.0,17.0
132,1.0,35.0,home,train,20.0,23.0
132,35.0,22.0,recreation,car,20.0,23.0
132,22.0,35.0,home,car,23.0,29.0
133,1.0,5.0,education,train,14.0,17.0
133,5.0,1.0,home,train,20.0,23.0
133,1.0,5.0,recreation,car,20.0,23.0
134,17.0,1.0,work,car,8.0,11.0
134,1.0,29.0,recreation,car,17.0,20.0
134,29.0,14.0,recreation,car,20.0,23.0
134,14.0,17.0,home,car,23.0,29.0
135,15.0,28.0,recreation,bus,14.0,17.0
135,28.0,15.0,home,bus,17.0,20.0
136,17.0,17.0,market,car,17.0,20.0
136,17.0,17.0,recreation,car,17.0,20.0
136,17.0,17.0,home,car,20.0,23.0
137,7.0,29.0,work,car,8.0,11.0
137,29.0,7.0,home,car,17.0,20.0
137,7.0,5.0,education,car,20.0,23.0
138,22.0,15.0,work,car,8.0,11.0
138,15.0,22.0,home,car,17.0,20.0
139,8.0,21.0,market,train,14.0,17.0
139,21.0,22.0,recreation,train,20.0,23.0
139,22.0,8.0,home,taxi,23.0,29.0
140,2.0,15.0,work,bus,8.0,11.0
140,15.0,2.0,home,train,14.0,17.0
140,2.0,11.0,other,train,20.0,23.0
140,11.0,2.0,home,taxi,23.0,29.0
141,2.0,15.0,work,car,11.0,14.0
141,15.0,2.0,home,car,17.0,20.0
142,36.0,35.0,work,motorcycle,8.0,11.0
142,35.0,5.0,education,motorcycle,17.0,20.0
143,22.0,22.0,other,bus,14.0,17.0
143,22.0,22.0,other,taxi,14.0,17.0
144,1.0,13.0,recreation,bus,14.0,17.0
144,13.0,1.0,home,bus,17.0,20.0
145,19.0,31.0,work,car,8.0,11.0
145,31.0,19.0,home,car,17.0,20.0
146,11.0,3.0,work,car,8.0,11.0
146,3.0,11.0,home,car,20.0,23.0
146,11.0,3.0,work,car,32.0,35.0
146,3.0,11.0,home,car,41.0,44.0
147,25.0,28.0,other,car,14.0,17.0
147,28.0,25.0,home,car,14.0,17.0
148,1.0,1.0,work,car,8.0,11.0
148,1.0,1.0,home,car,17.0,20.0
148,1.0,35.0,recreation,car,20.0,23.0
148,35.0,1.0,home,car,23.0,29.0
149,25.0,29.0,work,train,5.0,8.0
149,29.0,4.0,recreation,walk,17.0,20.0
150,16.0,22.0,work,car,8.0,11.0
150,22.0,22.0,work,car,8.0,11.0
150,22.0,16.0,home,car,17.0,20.0
151,15.0,29.0,work,bus,8.0,11.0
151,29.0,2.0,market,bus,17.0,20.0
151,2.0,15.0,home,taxi,20.0,23.0
152,22.0,21.0,work,car,8.0,11.0
152,21.0,22.0,home,car,17.0,20.0
153,22.0,1.0,service,train,8.0,11.0
153,1.0,22.0,home,train,17.0,20.0
154,29.0,29.0,work,car,8.0,11.0
154,29.0,5.0,work,car,11.0,14.0
155,29.0,12.0,work,car,5.0,8.0
155,12.0,12.0,work,car,5.0,8.0
155,12.0,12.0,recreation,car,17.0,20.0
156,20.0,30.0,other,car,17.0,20.0
156,30.0,20.0,other,car,23.0,29.0
156,20.0,15.0,education,car,35.0,38.0
156,15.0,20.0,home,car,38.0,41.0
157,32.0,20.0,work,bus,8.0,11.0
157,20.0,32.0,other,train,11.0,14.0
157,32.0,10.0,work,bus,11.0,14.0
158,24.0,15.0,work,car,5.0,8.0
158,15.0,24.0,home,car,14.0,17.0
159,4.0,15.0,work,bus,8.0,11.0
159,15.0,35.0,work,bus,17.0,20.0
160,25.0,16.0,market,motorcycle,11.0,14.0
160,16.0,16.0,other,car,11.0,14.0
161,21.0,18.0,work,car,8.0,11.0
161,18.0,15.0,market,car,14.0,17.0
161,15.0,5.0,work,car,14.0,17.0
162,2.0,12.0,work,car,8.0,11.0
162,12.0,2.0,home,car,17.0,20.0
163,15.0,22.0,work,car,8.0,11.0
163,22.0,15.0,home,car,17.0,20.0
164,21.0,15.0,work,train,5.0,8.0
164,15.0,21.0,home,train,17.0,20.0
165,22.0,1.0,recreation,train,11.0,14.0
165,1.0,22.0,home,train,17.0,20.0
166,34.0,34.0,recreation,car,17.0,20.0
166,34.0,1.0,other,car,20.0,23.0
167,26.0,25.0,work,motorcycle,8.0,11.0
167,25.0,26.0,home,motorcycle,20.0,23.0
168,7.0,15.0,work,taxi,8.0,11.0
168,15.0,7.0,home,bus,17.0,20.0
168,7.0,1.0,recreation,walk,20.0,23.0
168,1.0,7.0,home,taxi,23.0,29.0
169,36.0,35.0,recreation,car,14.0,17.0
169,35.0,36.0,market,car,17.0,20.0
169,36.0,35.0,education,taxi,35.0,38.0
169,35.0,36.0,home,car,44.0,47.0
170,23.0,35.0,recreation,car,14.0,17.0
170,35.0,3.0,recreation,car,20.0,23.0
170,3.0,23.0,home,car,23.0,29.0
171,19.0,32.0,work,car,8.0,11.0
171,32.0,19.0,home,car,17.0,20.0
171,19.0,32.0,recreation,car,20.0,23.0
172,30.0,25.0,work,walk,11.0,14.0
172,25.0,30.0,home,walk,17.0,20.0
173,30.0,35.0,work,car,8.0,11.0
173,35.0,15.0,recreation,car,17.0,20.0
173,15.0,30.0,home,car,20.0,23.0
173,30.0,30.0,market,walk,20.0,23.0
174,1.0,8.0,work,car,8.0,11.0
174,8.0,30.0,market,car,20.0,23.0
174,30.0,30.0,recreation,walk,23.0,29.0
174,30.0,10.0,other,car,38.0,41.0
175,30.0,30.0,work,walk,11.0,14.0
175,30.0,30.0,work,motorcycle,17.0,20.0
175,30.0,30.0,home,motorcycle,17.0,20.0
175,30.0,30.0,work,motorcycle,17.0,20.0
175,30.0,30.0,home,motorcycle,23.0,29.0
176,32.0,30.0,work,bus,5.0,8.0
176,30.0,30.0,work,bus,14.0,17.0
177,34.0,34.0,recreation,walk,17.0,20.0
177,34.0,2.0,recreation,car,23.0,29.0
178,30.0,17.0,work,car,5.0,8.0
178,17.0,30.0,home,car,14.0,17.0
179,9.0,30.0,work,car,8.0,11.0
179,30.0,30.0,work,car,8.0,11.0
180,5.0,23.0,work,car,8.0,11.0
180,23.0,25.0,work,car,8.0,11.0
181,19.0,2.0,work,train,5.0,8.0
181,2.0,2.0,work,train,5.0,8.0
182,34.0,35.0,other,car,11.0,14.0
182,35.0,34.0,home,car,11.0,14.0
183,28.0,28.0,other,walk,20.0,23.0
183,28.0,25.0,work,walk,32.0,35.0
183,25.0,25.0,recreation,walk,41.0,44.0
183,25.0,25.0,market,bus,41.0,44.0
183,25.0,25.0,other,bus,41.0,44.0
184,2.0,34.0,work,car,5.0,8.0
184,34.0,2.0,home,car,14.0,17.0
185,21.0,21.0,education,train,8.0,11.0
185,21.0,21.0,home,train,17.0,20.0
186,33.0,28.0,work,train,5.0,8.0
186,28.0,22.0,work,train,5.0,8.0
186,22.0,28.0,work,train,14.0,17.0
186,28.0,28.0,recreation,car,17.0,20.0
187,29.0,1.0,work,car,5.0,8.0
187,1.0,29.0,home,car,14.0,17.0
187,29.0,18.0,recreation,car,14.0,17.0
188,35.0,29.0,work,train,8.0,11.0
188,29.0,21.0,work,train,17.0,20.0
189,1.0,1.0,work,bus,8.0,11.0
189,1.0,1.0,home,bus,14.0,17.0
190,34.0,28.0,work,car,5.0,8.0
190,28.0,5.0,work,car,17.0,20.0
191,7.0,28.0,work,train,5.0,8.0
191,28.0,7.0,home,train,17.0,20.0
192,21.0,7.0,work,train,8.0,11.0
192,7.0,21.0,home,train,14.0,17.0
192,21.0,35.0,other,train,20.0,23.0
193,6.0,35.0,other,taxi,17.0,20.0
193,35.0,6.0,home,taxi,20.0,23.0
194,7.0,6.0,work,bus,8.0,11.0
194,6.0,7.0,work,bus,8.0,11.0
194,7.0,7.0,home,bus,17.0,20.0
195,21.0,30.0,work,car,8.0,11.0
195,30.0,21.0,home,car,17.0,20.0
196,12.0,1.0,work,car,5.0,8.0
196,1.0,12.0,market,car,14.0,17.0
196,12.0,12.0,home,car,17.0,20.0
197,21.0,21.0,other,bus,14.0,17.0
197,21.0,35.0,other,bus,17.0,20.0
198,7.0,21.0,work,bus,8.0,11.0
198,21.0,7.0,home,bus,17.0,20.0
199,35.0,1.0,work,car,8.0,11.0
199,1.0,35.0,home,car,17.0,20.0
199,35.0,19.0,service,car,35.0,38.0
199,19.0,1.0,work,car,35.0,38.0
200,30.0,3.0,recreation,car,11.0,14.0
200,3.0,1.0,recreation,walk,14.0,17.0
200,1.0,30.0,home,car,17.0,20.0
201,10.0,8.0,work,car,8.0,11.0
201,8.0,17.0,work,car,17.0,20.0
201,17.0,8.0,recreation,car,20.0,23.0
201,8.0,8.0,recreation,car,20.0,23.0
202,36.0,31.0,work,car,8.0,11.0
202,31.0,14.0,other,car,17.0,20.0
203,9.0,3.0,work,train,5.0,8.0
203,3.0,30.0,market,bus,14.0,17.0
203,30.0,36.0,other,bus,14.0,17.0
204,22.0,1.0,other,car,11.0,14.0
204,1.0,22.0,home,car,11.0,14.0
205,7.0,31.0,work,car,8.0,11.0
205,31.0,31.0,work,car,17.0,20.0
205,31.0,7.0,home,car,17.0,20.0
205,7.0,7.0,market,walk,38.0,41.0
206,5.0,5.0,market,walk,11.0,14.0
206,5.0,5.0,market,walk,11.0,14.0
207,7.0,29.0,work,car,8.0,11.0
207,29.0,7.0,home,car,17.0,20.0
207,7.0,22.0,recreation,car,20.0,23.0
207,22.0,7.0,home,car,20.0,23.0
208,1.0,1.0,market,car,8.0,11.0
208,1.0,11.0,market,car,11.0,14.0
208,11.0,1.0,work,car,20.0,23.0
208,1.0,1.0,home,car,23.0,29.0
209,13.0,22.0,education,train,11.0,14.0
209,22.0,13.0,home,train,11.0,14.0
210,1.0,6.0,recreation,walk,11.0,14.0
210,6.0,26.0,recreation,train,14.0,17.0
210,26.0,1.0,home,train,20.0,23.0
211,2.0,10.0,work,train,8.0,11.0
211,10.0,2.0,home,train,17.0,20.0
212,34.0,34.0,education,bus,14.0,17.0
212,34.0,1.0,education,bus,14.0,17.0
213,28.0,28.0,other,car,11.0,14.0
213,28.0,7.0,other,car,17.0,20.0
213,7.0,28.0,home,car,20.0,23.0
214,18.0,1.0,market,train,14.0,17.0
214,1.0,1.0,recreation,walk,17.0,20.0
214,1.0,2.0,work,train,17.0,20.0
214,2.0,18.0,home,train,23.0,29.0
215,26.0,22.0,work,bus,8.0,11.0
215,22.0,26.0,home,bus,17.0,20.0
215,26.0,32.0,recreation,car,17.0,20.0
215,32.0,30.0,other,car,20.0,23.0
215,30.0,26.0,home,car,23.0,29.0
216,18.0,4.0,work,train,8.0,11.0
216,4.0,18.0,home,train,17.0,20.0
217,18.0,24.0,market,car,8.0,11.0
217,24.0,24.0,recreation,walk,17.0,20.0
218,24.0,28.0,work,car,5.0,8.0
218,28.0,24.0,home,car,14.0,17.0
219,32.0,30.0,work,car,8.0,11.0
219,30.0,28.0,recreation,car,17.0,20.0
219,28.0,28.0,market,car,20.0,23.0
220,28.0,28.0,education,car,8.0,11.0
220,28.0,28.0,recreation,car,17.0,20.0
220,28.0,28.0,recreation,car,20.0,23.0
221,2.0,4.0,work,car,8.0,11.0
221,4.0,24.0,work,car,11.0,14.0
221,24.0,3.0,work,car,11.0,14.0
221,3.0,35.0,work,car,14.0,17.0
222,32.0,4.0,work,car,8.0,11.0
222,4.0,32.0,home,car,17.0,20.0
222,32.0,32.0,other,car,17.0,20.0
223,11.0,11.0,recreation,car,11.0,14.0
223,11.0,17.0,recreation,car,11.0,14.0
224,2.0,25.0,recreation,train,14.0,17.0
224,25.0,2.0,home,walk,17.0,20.0
225,1.0,1.0,recreation,bus,20.0,23.0
225,1.0,12.0,other,car,32.0,35.0
225,12.0,11.0,service,car,41.0,44.0
226,7.0,7.0,work,bus,8.0,11.0
226,7.0,7.0,home,walk,17.0,20.0
226,7.0,1.0,market,walk,17.0,20.0
227,7.0,31.0,work,motorcycle,8.0,11.0
227,31.0,1.0,work,motorcycle,8.0,11.0
227,1.0,30.0,recreation,motorcycle,20.0,23.0
228,22.0,22.0,recreation,car,11.0,14.0
228,22.0,5.0,recreation,car,14.0,17.0
228,5.0,22.0,home,car,17.0,20.0
229,28.0,6.0,work,car,8.0,11.0
229,6.0,18.0,education,car,14.0,17.0
229,18.0,30.0,education,car,14.0,17.0
229,30.0,28.0,home,car,17.0,20.0
230,35.0,35.0,recreation,walk,20.0,23.0
230,35.0,35.0,home,walk,20.0,23.0
231,14.0,1.0,work,train,8.0,11.0
231,1.0,1.0,recreation,train,20.0,23.0
232,5.0,1.0,work,car,8.0,11.0
232,1.0,5.0,home,car,17.0,20.0
232,5.0,5.0,market,car,17.0,20.0
233,4.0,28.0,work,car,8.0,11.0
233,28.0,4.0,home,car,17.0,20.0
234,3.0,3.0,recreation,train,0.0,5.0
234,3.0,1.0,market,bus,11.0,14.0
235,22.0,1.0,work,train,8.0,11.0
235,1.0,22.0,home,train,14.0,17.0
236,14.0,28.0,work,train,8.0,11.0
236,28.0,24.0,work,train,8.0,11.0
236,24.0,16.0,other,train,17.0,20.0
237,25.0,25.0,other,walk,5.0,8.0
237,25.0,1.0,work,train,8.0,11.0
237,1.0,25.0,other,train,11.0,14.0
237,25.0,31.0,other,car,11.0,14.0
237,31.0,25.0,home,car,11.0,14.0
238,5.0,1.0,work,bus,8.0,11.0
238,1.0,5.0,home,bus,17.0,20.0
239,12.0,30.0,work,car,5.0,8.0
239,30.0,35.0,work,car,8.0,11.0
240,25.0,1.0,work,train,8.0,11.0
240,1.0,25.0,home,train,14.0,17.0
241,21.0,21.0,work,bicycle,8.0,11.0
241,21.0,21.0,home,bicycle,17.0,20.0
242,32.0,16.0,work,train,5.0,8.0
242,16.0,32.0,home,train,14.0,17.0
243,25.0,22.0,work,car,5.0,8.0
243,22.0,25.0,home,car,14.0,17.0
244,7.0,22.0,work,car,11.0,14.0
244,22.0,1.0,market,walk,17.0,20.0
245,31.0,28.0,recreation,car,8.0,11.0
245,28.0,31.0,home,car,17.0,20.0
245,31.0,22.0,recreation,car,20.0,23.0
246,7.0,2.0,recreation,bus,14.0,17.0
246,2.0,7.0,home,walk,17.0,20.0
247,32.0,35.0,work,car,5.0,8.0
247,35.0,28.0,work,car,14.0,17.0
248,7.0,3.0,work,walk,5.0,8.0
248,3.0,7.0,home,walk,14.0,17.0
248,7.0,34.0,recreation,walk,17.0,20.0
248,34.0,1.0,recreation,walk,20.0,23.0
249,10.0,26.0,work,car,11.0,14.0
249,26.0,1.0,work,walk,11.0,14.0
249,1.0,1.0,work,car,14.0,17.0
250,1.0,1.0,recreation,walk,17.0,20.0
250,1.0,22.0,other,car,17.0,20.0
251,9.0,1.0,work,car,8.0,11.0
251,1.0,9.0,home,car,17.0,20.0
252,19.0,1.0,work,train,8.0,11.0
252,1.0,19.0,home,train,17.0,20.0
253,21.0,1.0,work,car,8.0,11.0
253,1.0,21.0,home,car,20.0,23.0
253,21.0,1.0,work,walk,35.0,38.0
254,35.0,35.0,recreation,car,11.0,14.0
254,35.0,35.0,recreation,car,20.0,23.0
254,35.0,22.0,recreation,car,38.0,41.0
254,22.0,34.0,work,car,56.0,59.0
255,24.0,7.0,work,car,8.0,11.0
255,7.0,24.0,home,car,14.0,17.0
256,7.0,7.0,work,car,5.0,8.0
256,7.0,7.0,work,car,5.0,8.0
256,7.0,7.0,home,car,17.0,20.0
257,3.0,29.0,work,car,8.0,11.0
257,29.0,18.0,work,train,17.0,20.0
257,18.0,18.0,market,car,17.0,20.0
258,2.0,35.0,work,bus,5.0,8.0
258,35.0,35.0,work,bus,17.0,20.0
258,35.0,2.0,home,bus,17.0,20.0
259,22.0,31.0,work,car,5.0,8.0
259,31.0,22.0,work,car,14.0,17.0
260,19.0,21.0,work,car,8.0,11.0
260,21.0,21.0,work,car,8.0,11.0
260,21.0,19.0,home,car,17.0,20.0
261,19.0,3.0,work,bus,5.0,8.0
261,3.0,19.0,work,bus,17.0,20.0
261,19.0,1.0,work,train,17.0,20.0
262,22.0,2.0,work,train,8.0,11.0
262,2.0,22.0,home,train,17.0,20.0
263,30.0,28.0,work,bus,8.0,11.0
263,28.0,30.0,home,taxi,17.0,20.0
263,30.0,11.0,recreation,taxi,20.0,23.0
263,11.0,11.0,recreation,car,23.0,29.0
264,30.0,22.0,work,train,5.0,8.0
264,22.0,30.0,home,train,17.0,20.0
265,25.0,1.0,work,car,8.0,11.0
265,1.0,25.0,home,car,17.0,20.0
266,25.0,15.0,education,car,8.0,11.0
266,15.0,25.0,work,bus,14.0,17.0
266,25.0,25.0,home,walk,20.0,23.0
267,19.0,28.0,work,car,5.0,8.0
267,28.0,19.0,home,car,17.0,20.0
267,19.0,19.0,recreation,walk,20.0,23.0
268,29.0,22.0,work,car,11.0,14.0
268,22.0,29.0,home,car,17.0,20.0
269,35.0,30.0,work,train,8.0,11.0
269,30.0,35.0,home,train,17.0,20.0
270,35.0,1.0,work,car,8.0,11.0
270,1.0,35.0,home,car,20.0,23.0
271,28.0,28.0,recreation,bus,14.0,17.0
271,28.0,6.0,recreation,train,35.0,38.0
272,25.0,1.0,work,motorcycle,8.0,11.0
272,1.0,1.0,work,motorcycle,17.0,20.0
273,21.0,36.0,work,bus,5.0,8.0
273,36.0,2.0,work,bus,14.0,17.0
274,7.0,17.0,work,car,8.0,11.0
274,17.0,7.0,home,car,17.0,20.0
275,6.0,1.0,work,car,8.0,11.0
275,1.0,23.0,recreation,car,20.0,23.0
275,23.0,6.0,home,car,20.0,23.0
276,9.0,15.0,work,car,8.0,11.0
276,15.0,9.0,home,car,14.0,17.0
276,9.0,9.0,education,car,17.0,20.0
276,9.0,19.0,market,car,17.0,20.0
277,27.0,2.0,work,car,11.0,14.0
277,2.0,15.0,work,car,14.0,17.0
277,15.0,1.0,recreation,car,20.0,23.0
278,32.0,15.0,work,train,5.0,8.0
278,15.0,32.0,home,train,14.0,17.0
279,24.0,1.0,work,car,8.0,11.0
279,1.0,24.0,home,car,17.0,20.0
280,15.0,29.0,work,bus,8.0,11.0
280,29.0,15.0,home,train,17.0,20.0
280,15.0,15.0,market,walk,17.0,20.0
281,35.0,1.0,work,car,8.0,11.0
281,1.0,35.0,other,car,8.0,11.0
281,35.0,35.0,other,car,17.0,20.0
281,35.0,35.0,home,car,17.0,20.0
282,4.0,1.0,work,train,8.0,11.0
282,1.0,4.0,home,train,17.0,20.0
282,4.0,3.0,recreation,walk,17.0,20.0
283,19.0,15.0,education,train,5.0,8.0
283,15.0,19.0,home,train,14.0,17.0
283,19.0,19.0,work,walk,17.0,20.0
284,31.0,15.0,work,train,8.0,11.0
284,15.0,14.0,recreation,car,17.0,20.0
284,14.0,31.0,home,car,23.0,29.0
285,32.0,22.0,work,car,11.0,14.0
285,22.0,8.0,other,car,20.0,23.0
285,8.0,32.0,home,car,23.0,29.0
286,4.0,16.0,work,car,8.0,11.0
286,16.0,4.0,home,car,14.0,17.0
286,4.0,1.0,recreation,car,20.0,23.0
287,36.0,3.0,work,car,8.0,11.0
287,3.0,3.0,recreation,walk,17.0,20.0
287,3.0,1.0,recreation,walk,20.0,23.0
288,20.0,1.0,work,taxi,8.0,11.0
288,1.0,1.0,work,car,29.0,32.0
289,17.0,15.0,work,car,8.0,11.0
289,15.0,4.0,work,car,14.0,17.0
290,31.0,31.0,recreation,car,11.0,14.0
290,31.0,32.0,recreation,car,17.0,20.0
290,32.0,31.0,home,car,23.0,29.0
291,18.0,1.0,recreation,train,8.0,11.0
291,1.0,1.0,recreation,train,14.0,17.0
291,1.0,1.0,recreation,taxi,20.0,23.0
291,1.0,18.0,home,taxi,23.0,29.0
292,35.0,15.0,education,car,11.0,14.0
292,15.0,35.0,home,car,14.0,17.0
292,35.0,35.0,market,car,17.0,20.0
292,35.0,35.0,home,car,17.0,20.0
292,35.0,35.0,recreation,car,20.0,23.0
293,29.0,35.0,work,train,5.0,8.0
293,35.0,35.0,work,train,14.0,17.0
294,1.0,1.0,recreation,car,11.0,14.0
294,1.0,1.0,home,car,14.0,17.0
295,7.0,35.0,work,bus,5.0,8.0
295,35.0,7.0,home,bus,14.0,17.0
295,7.0,7.0,market,walk,14.0,17.0
296,7.0,34.0,work,car,8.0,11.0
296,34.0,24.0,market,car,17.0,20.0
296,24.0,2.0,other,car,17.0,20.0
296,2.0,7.0,home,car,20.0,23.0
297,15.0,15.0,education,train,8.0,11.0
297,15.0,1.0,education,train,17.0,20.0
298,1.0,22.0,work,train,8.0,11.0
298,22.0,1.0,home,train,14.0,17.0
299,32.0,35.0,work,motorcycle,8.0,11.0
299,35.0,22.0,work,motorcycle,17.0,20.0
300,30.0,22.0,work,car,8.0,11.0
300,22.0,30.0,home,car,20.0,23.0
301,1.0,1.0,work,train,8.0,11.0
301,1.0,1.0,home,train,17.0,20.0
301,1.0,1.0,recreation,walk,20.0,23.0
301,1.0,1.0,home,walk,20.0,23.0
302,25.0,35.0,work,train,8.0,11.0
302,35.0,25.0,home,train,17.0,20.0
303,25.0,1.0,work,taxi,8.0,11.0
303,1.0,25.0,home,taxi,17.0,20.0
304,32.0,26.0,work,car,8.0,11.0
304,26.0,22.0,work,car,11.0,14.0
305,18.0,18.0,recreation,walk,17.0,20.0
305,18.0,1.0,market,train,38.0,41.0
305,1.0,2.0,recreation,car,44.0,47.0
305,2.0,28.0,work,car,56.0,59.0
306,24.0,35.0,work,train,14.0,17.0
306,35.0,31.0,recreation,walk,20.0,23.0
307,20.0,25.0,work,train,8.0,11.0
307,25.0,28.0,market,train,17.0,20.0
307,28.0,28.0,recreation,walk,20.0,23.0
308,19.0,34.0,work,car,8.0,11.0
308,34.0,19.0,home,car,17.0,20.0
308,19.0,19.0,market,car,17.0,20.0
309,15.0,22.0,recreation,taxi,0.0,5.0
309,22.0,15.0,home,taxi,5.0,8.0
310,2.0,1.0,market,train,11.0,14.0
310,1.0,28.0,recreation,train,11.0,14.0
310,28.0,14.0,other,bus,17.0,20.0
311,35.0,35.0,other,train,17.0,20.0
311,35.0,36.0,recreation,train,29.0,32.0
312,31.0,4.0,work,bicycle,8.0,11.0
312,4.0,35.0,market,bicycle,17.0,20.0
313,35.0,35.0,work,car,11.0,14.0
313,35.0,35.0,home,car,23.0,29.0
314,19.0,15.0,work,train,8.0,11.0
314,15.0,1.0,recreation,bus,17.0,20.0
314,1.0,19.0,home,train,20.0,23.0
315,24.0,16.0,work,car,8.0,11.0
315,16.0,13.0,other,car,17.0,20.0
315,13.0,15.0,other,car,23.0,29.0
315,15.0,13.0,recreation,walk,38.0,41.0
316,22.0,34.0,work,car,5.0,8.0
316,34.0,22.0,home,car,14.0,17.0
316,22.0,35.0,education,car,17.0,20.0
316,35.0,22.0,home,car,17.0,20.0
317,22.0,36.0,work,car,8.0,11.0
317,36.0,22.0,home,car,17.0,20.0
318,15.0,15.0,recreation,motorcycle,11.0,14.0
318,15.0,29.0,market,motorcycle,11.0,14.0
319,26.0,13.0,work,car,5.0,8.0
319,13.0,30.0,other,car,11.0,14.0
320,5.0,35.0,work,car,5.0,8.0
320,35.0,5.0,home,car,11.0,14.0
320,5.0,1.0,other,car,14.0,17.0
320,1.0,14.0,recreation,car,14.0,17.0
321,35.0,29.0,education,train,8.0,11.0
321,29.0,35.0,recreation,car,14.0,17.0
321,35.0,35.0,home,bus,17.0,20.0
322,19.0,2.0,market,train,8.0,11.0
322,2.0,1.0,market,train,11.0,14.0
322,1.0,4.0,recreation,train,14.0,17.0
323,19.0,15.0,education,train,8.0,11.0
323,15.0,19.0,home,train,14.0,17.0
323,19.0,19.0,recreation,walk,20.0,23.0
324,22.0,29.0,work,train,8.0,11.0
324,29.0,1.0,work,train,14.0,17.0
324,1.0,22.0,work,train,17.0,20.0
324,22.0,22.0,home,taxi,20.0,23.0
325,1.0,1.0,recreation,train,8.0,11.0
325,1.0,1.0,recreation,train,11.0,14.0
325,1.0,34.0,recreation,walk,20.0,23.0
326,28.0,1.0,work,car,8.0,11.0
326,1.0,28.0,home,car,17.0,20.0
327,18.0,18.0,other,train,14.0,17.0
327,18.0,1.0,education,train,35.0,38.0
327,1.0,2.0,recreation,walk,41.0,44.0
328,11.0,11.0,work,car,5.0,8.0
328,11.0,22.0,work,car,5.0,8.0
328,22.0,11.0,home,car,17.0,20.0
329,2.0,24.0,work,motorcycle,8.0,11.0
329,24.0,24.0,market,motorcycle,17.0,20.0
330,7.0,32.0,work,car,8.0,11.0
330,32.0,7.0,home,taxi,14.0,17.0
331,23.0,17.0,work,train,20.0,23.0
331,17.0,10.0,other,train,29.0,32.0
331,10.0,34.0,other,walk,38.0,41.0
332,19.0,1.0,education,train,8.0,11.0
332,1.0,19.0,home,train,11.0,14.0
333,1.0,1.0,other,train,17.0,20.0
333,1.0,1.0,other,train,17.0,20.0
334,15.0,15.0,education,walk,8.0,11.0
334,15.0,1.0,market,bus,11.0,14.0
335,2.0,15.0,work,taxi,8.0,11.0
335,15.0,2.0,home,walk,14.0,17.0
335,2.0,30.0,recreation,train,17.0,20.0
335,30.0,1.0,recreation,train,20.0,23.0
335,1.0,2.0,home,walk,23.0,29.0
336,1.0,1.0,recreation,train,20.0,23.0
336,1.0,11.0,recreation,car,20.0,23.0
337,33.0,15.0,work,car,14.0,17.0
337,15.0,18.0,work,car,20.0,23.0
337,18.0,18.0,recreation,car,20.0,23.0
338,17.0,22.0,work,car,8.0,11.0
338,22.0,36.0,work,car,14.0,17.0
338,36.0,22.0,recreation,car,17.0,20.0
339,31.0,15.0,work,train,8.0,11.0
339,15.0,31.0,home,train,17.0,20.0
339,31.0,31.0,recreation,car,20.0,23.0
340,15.0,15.0,work,car,8.0,11.0
340,15.0,7.0,recreation,car,17.0,20.0
340,7.0,15.0,home,car,20.0,23.0
341,35.0,35.0,work,car,8.0,11.0
341,35.0,35.0,home,car,17.0,20.0
341,35.0,7.0,recreation,car,23.0,29.0
342,7.0,22.0,work,car,5.0,8.0
342,22.0,7.0,home,car,11.0,14.0
343,7.0,22.0,work,car,8.0,11.0
343,22.0,7.0,home,car,14.0,17.0
343,7.0,30.0,recreation,train,17.0,20.0
343,30.0,7.0,home,train,23.0,29.0
344,15.0,15.0,education,bus,8.0,11.0
344,15.0,11.0,recreation,train,17.0,20.0
345,17.0,1.0,education,train,17.0,20.0
345,1.0,1.0,recreation,walk,20.0,23.0
345,1.0,17.0,home,car,23.0,29.0
346,10.0,17.0,work,car,8.0,11.0
346,17.0,13.0,work,car,17.0,20.0
347,16.0,7.0,work,train,14.0,17.0
347,7.0,16.0,home,train,23.0,29.0
348,6.0,15.0,work,motorcycle,11.0,14.0
348,15.0,18.0,recreation,motorcycle,20.0,23.0
349,15.0,15.0,education,car,8.0,11.0
349,15.0,15.0,home,car,11.0,14.0
349,15.0,13.0,recreation,car,20.0,23.0
349,13.0,13.0,home,car,20.0,23.0
350,21.0,28.0,work,motorcycle,8.0,11.0
350,28.0,21.0,home,motorcycle,14.0,17.0
351,18.0,18.0,recreation,train,20.0,23.0
351,18.0,28.0,market,train,41.0,44.0
351,28.0,28.0,market,bus,41.0,44.0
352,30.0,30.0,market,walk,11.0,14.0
352,30.0,30.0,home,bus,11.0,14.0
353,30.0,30.0,recreation,taxi,17.0,20.0
353,30.0,30.0,home,taxi,20.0,23.0
354,22.0,3.0,work,train,8.0,11.0
354,3.0,22.0,home,train,17.0,20.0
355,18.0,24.0,work,car,8.0,11.0
355,24.0,18.0,home,car,20.0,23.0
355,18.0,28.0,recreation,car,20.0,23.0
356,5.0,15.0,education,car,11.0,14.0
356,15.0,5.0,home,car,17.0,20.0
357,35.0,1.0,education,train,14.0,17.0
357,1.0,35.0,home,train,17.0,20.0
357,35.0,35.0,recreation,bus,20.0,23.0
358,19.0,11.0,education,bus,8.0,11.0
358,11.0,19.0,home,bus,17.0,20.0
359,19.0,17.0,education,train,8.0,11.0
359,17.0,19.0,home,car,17.0,20.0
360,1.0,1.0,recreation,train,20.0,23.0
360,1.0,19.0,recreation,walk,41.0,44.0
361,26.0,13.0,work,bus,5.0,8.0
361,13.0,13.0,work,bus,5.0,8.0
361,13.0,13.0,work,bus,5.0,8.0
361,13.0,13.0,work,bus,14.0,17.0
361,13.0,13.0,work,bus,14.0,17.0
362,11.0,23.0,education,train,8.0,11.0
362,23.0,11.0,home,walk,14.0,17.0
363,35.0,35.0,recreation,car,20.0,23.0
363,35.0,20.0,education,car,41.0,44.0
364,7.0,32.0,work,train,5.0,8.0
364,32.0,18.0,work,train,17.0,20.0
365,2.0,21.0,recreation,bicycle,11.0,14.0
365,21.0,2.0,home,bicycle,14.0,17.0
365,2.0,2.0,recreation,walk,20.0,23.0
365,2.0,2.0,home,walk,23.0,29.0
366,30.0,30.0,market,walk,11.0,14.0
366,30.0,30.0,home,bus,14.0,17.0
367,21.0,22.0,work,car,8.0,11.0
367,22.0,22.0,work,car,17.0,20.0
368,17.0,35.0,work,car,5.0,8.0
368,35.0,1.0,market,car,17.0,20.0
369,30.0,31.0,work,car,5.0,8.0
369,31.0,30.0,home,car,14.0,17.0
369,30.0,31.0,work,car,17.0,20.0
369,31.0,30.0,home,car,20.0,23.0
370,24.0,1.0,market,car,17.0,20.0
370,1.0,24.0,home,car,17.0,20.0
371,12.0,25.0,work,car,8.0,11.0
371,25.0,25.0,recreation,car,23.0,29.0
371,25.0,25.0,other,car,41.0,44.0
372,22.0,22.0,other,car,14.0,17.0
372,22.0,22.0,other,car,14.0,17.0
372,22.0,22.0,market,car,35.0,38.0
373,15.0,1.0,work,bus,8.0,11.0
373,1.0,15.0,home,bus,20.0,23.0
373,15.0,6.0,work,taxi,35.0,38.0
374,24.0,3.0,work,car,8.0,11.0
374,3.0,24.0,home,car,17.0,20.0
375,28.0,2.0,work,car,5.0,8.0
375,2.0,28.0,home,car,14.0,17.0
376,16.0,7.0,work,car,8.0,11.0
376,7.0,22.0,work,car,17.0,20.0
376,22.0,22.0,recreation,car,20.0,23.0
377,29.0,5.0,work,car,8.0,11.0
377,5.0,29.0,home,car,14.0,17.0
378,1.0,1.0,recreation,car,17.0,20.0
378,1.0,6.0,recreation,car,20.0,23.0
378,6.0,1.0,home,car,23.0,29.0
379,29.0,29.0,recreation,motorcycle,17.0,20.0
379,29.0,15.0,recreation,walk,20.0,23.0
380,12.0,1.0,work,car,5.0,8.0
380,1.0,22.0,work,car,5.0,8.0
380,22.0,3.0,recreation,car,17.0,20.0
380,3.0,3.0,work,train,35.0,38.0
381,18.0,22.0,work,car,8.0,11.0
381,22.0,18.0,home,car,14.0,17.0
382,28.0,35.0,work,car,8.0,11.0
382,35.0,35.0,work,car,8.0,11.0
383,3.0,3.0,other,car,17.0,20.0
383,3.0,10.0,recreation,train,32.0,35.0
384,26.0,26.0,recreation,walk,14.0,17.0
384,26.0,26.0,recreation,walk,14.0,17.0
385,15.0,11.0,work,car,5.0,8.0
385,11.0,15.0,home,car,20.0,23.0
385,15.0,1.0,recreation,car,23.0,29.0
386,15.0,11.0,work,car,8.0,11.0
386,11.0,14.0,work,car,17.0,20.0
387,8.0,18.0,work,car,8.0,11.0
387,18.0,24.0,work,car,8.0,11.0
387,24.0,18.0,work,car,11.0,14.0
387,18.0,28.0,market,car,11.0,14.0
387,28.0,18.0,work,car,14.0,17.0
388,21.0,17.0,work,motorcycle,8.0,11.0
388,17.0,30.0,education,motorcycle,17.0,20.0
388,30.0,21.0,home,motorcycle,20.0,23.0
388,21.0,23.0,recreation,walk,20.0,23.0
388,23.0,21.0,home,walk,23.0,29.0
389,29.0,15.0,work,car,11.0,14.0
389,15.0,29.0,home,car,14.0,17.0
389,29.0,24.0,recreation,car,20.0,23.0
389,24.0,29.0,home,car,23.0,29.0
390,12.0,31.0,work,train,5.0,8.0
390,31.0,31.0,work,train,5.0,8.0
390,31.0,12.0,home,train,14.0,17.0
391,19.0,32.0,work,car,5.0,8.0
391,32.0,19.0,home,car,20.0,23.0
392,22.0,1.0,work,train,8.0,11.0
392,1.0,22.0,home,train,17.0,20.0
393,6.0,1.0,work,walk,5.0,8.0
393,1.0,6.0,home,walk,14.0,17.0
393,6.0,1.0,other,walk,17.0,20.0
393,1.0,1.0,recreation,walk,20.0,23.0
393,1.0,6.0,home,walk,23.0,29.0
394,16.0,16.0,recreation,walk,14.0,17.0
394,16.0,20.0,recreation,bicycle,14.0,17.0
394,20.0,22.0,recreation,taxi,20.0,23.0
395,8.0,7.0,work,car,8.0,11.0
395,7.0,1.0,recreation,car,20.0,23.0
396,19.0,19.0,work,bus,8.0,11.0
396,19.0,2.0,work,bus,8.0,11.0
396,2.0,1.0,recreation,train,17.0,20.0
396,1.0,19.0,home,bus,20.0,23.0
397,7.0,7.0,work,walk,8.0,11.0
397,7.0,7.0,recreation,walk,20.0,23.0
398,21.0,14.0,work,bus,5.0,8.0
398,14.0,2.0,work,bus,5.0,8.0
399,1.0,22.0,work,train,14.0,17.0
399,22.0,1.0,home,train,20.0,23.0
399,1.0,15.0,education,bus,32.0,35.0
400,6.0,6.0,work,motorcycle,5.0,8.0
400,6.0,19.0,other,motorcycle,17.0,20.0
400,19.0,35.0,recreation,motorcycle,20.0,23.0
400,35.0,6.0,home,motorcycle,20.0,23.0
401,1.0,25.0,work,train,8.0,11.0
401,25.0,1.0,home,train,17.0,20.0
402,11.0,34.0,work,car,17.0,20.0
402,34.0,21.0,work,car,20.0,23.0
403,1.0,1.0,market,train,11.0,14.0
403,1.0,1.0,market,train,11.0,14.0
404,1.0,13.0,work,car,8.0,11.0
404,13.0,29.0,recreation,car,20.0,23.0
405,22.0,32.0,work,bus,8.0,11.0
405,32.0,1.0,work,train,8.0,11.0
406,8.0,8.0,recreation,walk,17.0,20.0
406,8.0,15.0,education,train,32.0,35.0
406,15.0,8.0,home,train,41.0,44.0
407,4.0,30.0,education,train,14.0,17.0
407,30.0,4.0,home,train,17.0,20.0
408,19.0,13.0,work,car,8.0,11.0
408,13.0,16.0,recreation,car,14.0,17.0
409,3.0,5.0,other,bus,8.0,11.0
409,5.0,3.0,home,train,11.0,14.0
410,5.0,5.0,education,walk,5.0,8.0
410,5.0,5.0,home,walk,14.0,17.0
410,5.0,14.0,recreation,car,17.0,20.0
410,14.0,5.0,home,car,20.0,23.0
411,35.0,35.0,education,train,14.0,17.0
411,35.0,24.0,work,train,14.0,17.0
412,1.0,1.0,work,car,5.0,8.0
412,1.0,1.0,home,car,14.0,17.0
413,7.0,22.0,work,car,5.0,8.0
413,22.0,7.0,home,car,11.0,14.0
413,7.0,30.0,work,car,14.0,17.0
413,30.0,7.0,home,car,23.0,29.0
414,1.0,1.0,recreation,walk,11.0,14.0
414,1.0,1.0,home,walk,14.0,17.0
414,1.0,16.0,recreation,taxi,20.0,23.0
414,16.0,1.0,recreation,taxi,23.0,29.0
415,14.0,30.0,recreation,bus,11.0,14.0
415,30.0,14.0,home,bus,20.0,23.0
415,14.0,12.0,recreation,bus,35.0,38.0
415,12.0,30.0,recreation,bus,41.0,44.0
416,1.0,17.0,recreation,car,17.0,20.0
416,17.0,1.0,home,car,20.0,23.0
417,35.0,1.0,work,car,11.0,14.0
417,1.0,1.0,work,car,17.0,20.0
418,8.0,35.0,work,car,5.0,8.0
418,35.0,8.0,home,car,17.0,20.0
419,11.0,18.0,work,train,8.0,11.0
419,18.0,11.0,home,train,17.0,20.0
420,1.0,1.0,recreation,bus,20.0,23.0
420,1.0,35.0,recreation,bus,20.0,23.0
421,15.0,2.0,work,walk,8.0,11.0
421,2.0,15.0,home,walk,17.0,20.0
421,15.0,15.0,market,walk,20.0,23.0
422,7.0,7.0,work,motorcycle,14.0,17.0
422,7.0,6.0,work,motorcycle,32.0,35.0
422,6.0,1.0,market,motorcycle,38.0,41.0
422,1.0,7.0,home,motorcycle,41.0,44.0
423,25.0,34.0,work,car,8.0,11.0
423,34.0,25.0,home,car,14.0,17.0
423,25.0,1.0,recreation,car,20.0,23.0
423,1.0,25.0,home,car,23.0,29.0
424,18.0,18.0,recreation,car,20.0,23.0
424,18.0,13.0,other,car,20.0,23.0
425,25.0,25.0,recreation,train,17.0,20.0
425,25.0,18.0,recreation,train,17.0,20.0
426,21.0,15.0,education,taxi,14.0,17.0
426,15.0,21.0,home,bus,17.0,20.0
427,30.0,15.0,education,train,8.0,11.0
427,15.0,30.0,home,train,14.0,17.0
427,30.0,30.0,service,train,17.0,20.0
428,16.0,12.0,work,car,8.0,11.0
428,12.0,22.0,work,car,14.0,17.0
429,11.0,7.0,work,train,8.0,11.0
429,7.0,6.0,market,train,11.0,14.0
430,7.0,1.0,work,train,8.0,11.0
430,1.0,7.0,home,train,17.0,20.0
431,22.0,22.0,recreation,car,14.0,17.0
431,22.0,28.0,recreation,car,17.0,20.0
432,4.0,17.0,work,train,14.0,17.0
432,17.0,4.0,home,train,20.0,23.0
433,1.0,1.0,work,car,8.0,11.0
433,1.0,1.0,home,car,14.0,17.0
434,35.0,22.0,work,car,8.0,11.0
434,22.0,35.0,home,car,17.0,20.0
435,22.0,22.0,work,car,8.0,11.0
435,22.0,22.0,home,car,14.0,17.0
435,22.0,22.0,recreation,car,17.0,20.0
435,22.0,22.0,recreation,car,20.0,23.0
435,22.0,22.0,home,car,23.0,29.0
436,21.0,1.0,recreation,bus,17.0,20.0
436,1.0,21.0,home,bus,17.0,20.0
437,15.0,16.0,education,bus,8.0,11.0
437,16.0,15.0,home,bus,17.0,20.0
437,15.0,16.0,recreation,train,17.0,20.0
437,16.0,18.0,home,train,20.0,23.0
438,1.0,32.0,market,train,17.0,20.0
438,32.0,1.0,home,train,17.0,20.0
439,32.0,22.0,work,car,8.0,11.0
439,22.0,35.0,recreation,car,17.0,20.0
440,30.0,4.0,work,train,5.0,8.0
440,4.0,2.0,work,train,11.0,14.0
441,18.0,11.0,education,train,8.0,11.0
441,11.0,1.0,recreation,train,20.0,23.0
441,1.0,18.0,home,train,23.0,29.0
442,21.0,21.0,work,bus,5.0,8.0
442,21.0,21.0,home,train,14.0,17.0
443,31.0,29.0,work,train,5.0,8.0
443,29.0,31.0,home,train,14.0,17.0
443,31.0,28.0,recreation,car,17.0,20.0
443,28.0,31.0,home,car,17.0,20.0
443,31.0,35.0,market,train,17.0,20.0
444,30.0,30.0,other,walk,8.0,11.0
444,30.0,31.0,other,walk,11.0,14.0
445,8.0,2.0,work,bus,5.0,8.0
445,2.0,11.0,other,train,17.0,20.0
445,11.0,8.0,home,bus,20.0,23.0
446,12.0,12.0,recreation,car,17.0,20.0
446,12.0,12.0,home,car,23.0,29.0
447,34.0,13.0,other,taxi,17.0,20.0
447,13.0,34.0,home,taxi,20.0,23.0
447,34.0,34.0,home,taxi,20.0,23.0
448,4.0,4.0,recreation,car,11.0,14.0
448,4.0,19.0,recreation,car,14.0,17.0
449,24.0,9.0,work,car,8.0,11.0
449,9.0,24.0,home,car,17.0,20.0
449,24.0,32.0,recreation,car,20.0,23.0
450,4.0,4.0,work,walk,11.0,14.0
450,4.0,4.0,home,walk,17.0,20.0
450,4.0,4.0,market,walk,17.0,20.0
451,5.0,26.0,recreation,bus,17.0,20.0
451,26.0,5.0,home,walk,17.0,20.0
452,18.0,21.0,work,bus,8.0,11.0
452,21.0,30.0,work,bus,20.0,23.0
453,31.0,22.0,work,car,8.0,11.0
453,22.0,31.0,home,car,17.0,20.0
453,31.0,31.0,recreation,walk,17.0,20.0
453,31.0,31.0,home,walk,17.0,20.0
454,13.0,1.0,market,walk,14.0,17.0
454,1.0,13.0,home,walk,20.0,23.0
455,20.0,24.0,work,train,14.0,17.0
455,24.0,16.0,work,train,14.0,17.0
456,24.0,24.0,work,car,8.0,11.0
456,24.0,24.0,home,car,17.0,20.0
457,32.0,32.0,recreation,motorcycle,17.0,20.0
457,32.0,32.0,home,motorcycle,17.0,20.0
458,12.0,12.0,recreation,car,17.0,20.0
458,12.0,12.0,market,car,35.0,38.0
459,2.0,1.0,recreation,bus,11.0,14.0
459,1.0,2.0,home,bus,17.0,20.0
459,2.0,2.0,other,walk,20.0,23.0
459,2.0,2.0,home,walk,23.0,29.0
460,2.0,30.0,recreation,car,14.0,17.0
460,30.0,2.0,home,car,17.0,20.0
461,9.0,22.0,work,car,5.0,8.0
461,22.0,9.0,home,car,14.0,17.0
461,9.0,25.0,other,car,20.0,23.0
462,32.0,32.0,work,walk,8.0,11.0
462,32.0,35.0,work,train,8.0,11.0
462,35.0,32.0,home,train,17.0,20.0
463,24.0,22.0,work,car,8.0,11.0
463,22.0,22.0,market,car,17.0,20.0
464,26.0,26.0,other,car,17.0,20.0
464,26.0,26.0,home,car,17.0,20.0
465,22.0,22.0,recreation,car,20.0,23.0
465,22.0,22.0,home,car,23.0,29.0
466,35.0,1.0,recreation,train,11.0,14.0
466,1.0,35.0,home,train,20.0,23.0
467,18.0,15.0,other,car,8.0,11.0
467,15.0,18.0,home,car,8.0,11.0
468,7.0,4.0,work,walk,5.0,8.0
468,4.0,7.0,home,taxi,17.0,20.0
469,7.0,25.0,work,train,8.0,11.0
469,25.0,7.0,home,train,20.0,23.0
470,30.0,15.0,work,train,8.0,11.0
470,15.0,30.0,home,train,17.0,20.0
471,4.0,1.0,work,bus,11.0,14.0
471,1.0,4.0,home,bus,20.0,23.0
472,16.0,16.0,recreation,walk,14.0,17.0
472,16.0,16.0,recreation,walk,14.0,17.0
473,35.0,35.0,other,train,14.0,17.0
473,35.0,35.0,work,bus,32.0,35.0
473,35.0,35.0,other,train,41.0,44.0
474,8.0,8.0,work,bus,8.0,11.0
474,8.0,8.0,education,train,8.0,11.0
474,8.0,8.0,market,bus,11.0,14.0
474,8.0,8.0,home,bus,17.0,20.0
475,7.0,35.0,work,train,8.0,11.0
475,35.0,7.0,home,train,17.0,20.0
475,7.0,35.0,other,bus,20.0,23.0
476,17.0,36.0,other,car,14.0,17.0
476,36.0,17.0,home,car,14.0,17.0
477,7.0,21.0,work,train,5.0,8.0
477,21.0,7.0,home,train,14.0,17.0
478,21.0,28.0,work,bus,20.0,23.0
478,28.0,21.0,home,bus,29.0,32.0
478,21.0,21.0,other,walk,38.0,41.0
479,2.0,29.0,work,car,8.0,11.0
479,29.0,34.0,recreation,car,17.0,20.0
479,34.0,2.0,home,car,23.0,29.0
480,22.0,2.0,work,car,8.0,11.0
480,2.0,24.0,work,car,14.0,17.0
480,24.0,22.0,other,car,17.0,20.0
480,22.0,20.0,recreation,car,20.0,23.0
480,20.0,22.0,home,car,23.0,29.0
481,30.0,30.0,work,walk,5.0,8.0
481,30.0,30.0,home,walk,17.0,20.0
482,26.0,15.0,work,car,8.0,11.0
482,15.0,11.0,work,car,17.0,20.0
483,12.0,7.0,work,car,8.0,11.0
483,7.0,7.0,work,car,14.0,17.0
483,7.0,1.0,recreation,train,20.0,23.0
484,20.0,29.0,work,car,5.0,8.0
484,29.0,2.0,recreation,car,14.0,17.0
484,2.0,20.0,home,car,17.0,20.0
485,36.0,11.0,education,bus,8.0,11.0
485,11.0,36.0,home,bus,11.0,14.0
486,22.0,22.0,other,car,11.0,14.0
486,22.0,14.0,work,car,11.0,14.0
486,14.0,32.0,recreation,car,20.0,23.0
487,14.0,22.0,work,car,17.0,20.0
487,22.0,35.0,market,car,17.0,20.0
488,36.0,36.0,recreation,car,17.0,20.0
488,36.0,36.0,market,car,20.0,23.0
489,7.0,7.0,other,motorcycle,8.0,11.0
489,7.0,1.0,service,motorcycle,11.0,14.0
489,1.0,2.0,market,motorcycle,11.0,14.0
490,4.0,3.0,work,car,5.0,8.0
490,3.0,4.0,home,car,14.0,17.0
490,4.0,2.0,recreation,car,20.0,23.0
491,26.0,22.0,work,car,8.0,11.0
491,22.0,2.0,work,car,14.0,17.0
491,2.0,2.0,recreation,walk,20.0,23.0
492,2.0,3.0,work,walk,8.0,11.0
492,3.0,2.0,home,walk,17.0,20.0
492,2.0,1.0,recreation,taxi,20.0,23.0
493,35.0,2.0,work,car,8.0,11.0
493,2.0,35.0,home,car,17.0,20.0
494,1.0,1.0,work,walk,5.0,8.0
494,1.0,1.0,work,walk,14.0,17.0
494,1.0,1.0,market,car,17.0,20.0
495,5.0,18.0,work,car,8.0,11.0
495,18.0,11.0,work,car,17.0,20.0
495,11.0,16.0,recreation,walk,17.0,20.0
496,1.0,1.0,education,train,11.0,14.0
496,1.0,1.0,recreation,walk,14.0,17.0
496,1.0,4.0,recreation,car,20.0,23.0
497,1.0,1.0,recreation,bus,20.0,23.0
497,1.0,1.0,market,walk,32.0,35.0
498,34.0,35.0,work,car,8.0,11.0
498,35.0,34.0,home,car,20.0,23.0
499,20.0,1.0,other,car,8.0,11.0
499,1.0,3.0,work,car,11.0,14.0
499,3.0,20.0,home,car,17.0,20.0
500,15.0,34.0,other,car,8.0,11.0
500,34.0,2.0,market,car,17.0,20.0
500,2.0,15.0,home,car,20.0,23.0
501,2.0,2.0,recreation,walk,8.0,11.0
501,2.0,1.0,other,walk,11.0,14.0
501,1.0,1.0,work,bicycle,17.0,20.0
501,1.0,2.0,home,bicycle,20.0,23.0
502,20.0,35.0,work,car,8.0,11.0
502,35.0,20.0,home,car,17.0,20.0
503,1.0,1.0,work,walk,5.0,8.0
503,1.0,13.0,other,car,17.0,20.0
504,24.0,2.0,work,motorcycle,5.0,8.0
504,2.0,1.0,recreation,bicycle,17.0,20.0
505,18.0,18.0,other,train,11.0,14.0
505,18.0,18.0,home,train,11.0,14.0
506,2.0,30.0,education,train,5.0,8.0
506,30.0,2.0,home,bus,11.0,14.0
507,15.0,22.0,work,bus,14.0,17.0
507,22.0,15.0,home,bus,20.0,23.0
507,15.0,4.0,service,bus,35.0,38.0
508,2.0,30.0,work,car,8.0,11.0
508,30.0,2.0,home,car,17.0,20.0
508,2.0,12.0,other,car,35.0,38.0
509,28.0,7.0,work,car,8.0,11.0
509,7.0,22.0,recreation,car,17.0,20.0
509,22.0,28.0,home,car,20.0,23.0
510,2.0,15.0,work,bus,8.0,11.0
510,15.0,1.0,market,train,14.0,17.0
510,1.0,2.0,home,walk,17.0,20.0
511,28.0,28.0,recreation,taxi,14.0,17.0
511,28.0,28.0,market,walk,20.0,23.0
512,7.0,1.0,work,car,8.0,11.0
512,1.0,28.0,work,car,17.0,20.0
513,2.0,13.0,other,taxi,8.0,11.0
513,13.0,2.0,home,bus,11.0,14.0
514,5.0,5.0,other,walk,11.0,14.0
514,5.0,6.0,other,walk,14.0,17.0
514,6.0,6.0,market,walk,17.0,20.0
515,6.0,7.0,work,motorcycle,8.0,11.0
515,7.0,6.0,home,motorcycle,17.0,20.0
515,6.0,6.0,market,walk,17.0,20.0
516,15.0,7.0,work,car,8.0,11.0
516,7.0,6.0,work,car,14.0,17.0
517,16.0,16.0,education,walk,17.0,20.0
517,16.0,1.0,work,walk,29.0,32.0
518,15.0,1.0,work,motorcycle,8.0,11.0
518,1.0,15.0,home,motorcycle,17.0,20.0
518,15.0,18.0,recreation,motorcycle,17.0,20.0
518,18.0,30.0,recreation,motorcycle,20.0,23.0
519,14.0,23.0,work,bicycle,8.0,11.0
519,23.0,21.0,work,bicycle,14.0,17.0
520,6.0,6.0,market,walk,14.0,17.0
520,6.0,6.0,other,walk,14.0,17.0
521,20.0,15.0,work,car,8.0,11.0
521,15.0,10.0,other,car,8.0,11.0
522,7.0,15.0,work,bus,8.0,11.0
522,15.0,7.0,home,bus,17.0,20.0
522,7.0,7.0,recreation,walk,20.0,23.0
522,7.0,7.0,home,walk,23.0,29.0
523,15.0,15.0,recreation,bus,11.0,14.0
523,15.0,15.0,home,walk,23.0,29.0
523,15.0,1.0,home,taxi,44.0,47.0
524,15.0,34.0,recreation,motorcycle,14.0,17.0
524,34.0,21.0,other,motorcycle,17.0,20.0
524,21.0,15.0,home,motorcycle,20.0,23.0
524,15.0,25.0,recreation,motorcycle,20.0,23.0
524,25.0,11.0,recreation,train,20.0,23.0
525,7.0,1.0,recreation,car,20.0,23.0
525,1.0,7.0,home,car,23.0,29.0
526,15.0,15.0,other,walk,14.0,17.0
526,15.0,7.0,recreation,bus,20.0,23.0
527,30.0,24.0,work,car,8.0,11.0
527,24.0,7.0,other,car,17.0,20.0
527,7.0,30.0,home,car,17.0,20.0
528,25.0,24.0,work,train,8.0,11.0
528,24.0,24.0,work,train,29.0,32.0
528,24.0,15.0,work,train,44.0,47.0
529,1.0,1.0,recreation,walk,20.0,23.0
529,1.0,15.0,recreation,walk,20.0,23.0
530,35.0,35.0,recreation,car,17.0,20.0
530,35.0,36.0,work,car,32.0,35.0
531,3.0,1.0,work,train,8.0,11.0
531,1.0,3.0,home,train,17.0,20.0
532,21.0,21.0,other,car,11.0,14.0
532,21.0,2.0,market,car,11.0,14.0
533,14.0,14.0,other,walk,17.0,20.0
533,14.0,14.0,other,walk,17.0,20.0
533,14.0,14.0,market,car,38.0,41.0
534,1.0,1.0,market,walk,11.0,14.0
534,1.0,1.0,other,car,14.0,17.0
535,36.0,36.0,work,car,8.0,11.0
535,36.0,36.0,home,car,14.0,17.0
536,15.0,1.0,market,bus,17.0,20.0
536,1.0,6.0,work,walk,32.0,35.0
537,1.0,12.0,recreation,car,11.0,14.0
537,12.0,1.0,home,car,14.0,17.0
537,1.0,1.0,recreation,taxi,20.0,23.0
537,1.0,1.0,home,car,23.0,29.0
538,24.0,22.0,work,train,8.0,11.0
538,22.0,24.0,home,train,17.0,20.0
539,7.0,15.0,education,bus,8.0,11.0
539,15.0,7.0,home,bus,17.0,20.0
539,7.0,1.0,recreation,train,20.0,23.0
540,7.0,29.0,other,car,17.0,20.0
540,29.0,7.0,recreation,car,17.0,20.0
540,7.0,7.0,home,car,20.0,23.0
541,36.0,2.0,work,train,11.0,14.0
541,2.0,2.0,work,train,11.0,14.0
542,22.0,22.0,other,car,8.0,11.0
542,22.0,22.0,home,car,20.0,23.0
543,24.0,15.0,work,motorcycle,14.0,17.0
543,15.0,13.0,work,motorcycle,14.0,17.0
543,13.0,24.0,work,motorcycle,20.0,23.0
544,25.0,1.0,recreation,train,11.0,14.0
544,1.0,25.0,home,train,14.0,17.0
545,15.0,36.0,work,train,8.0,11.0
545,36.0,15.0,home,train,17.0,20.0
546,7.0,12.0,work,car,8.0,11.0
546,12.0,7.0,work,car,17.0,20.0
546,7.0,7.0,market,walk,17.0,20.0
546,7.0,7.0,home,walk,17.0,20.0
546,7.0,7.0,recreation,walk,20.0,23.0
547,10.0,18.0,work,car,14.0,17.0
547,18.0,25.0,work,car,14.0,17.0
547,25.0,28.0,work,car,17.0,20.0
548,8.0,23.0,work,car,8.0,11.0
548,23.0,6.0,market,car,14.0,17.0
549,15.0,15.0,education,bus,8.0,11.0
549,15.0,11.0,recreation,train,20.0,23.0
549,11.0,13.0,recreation,bus,41.0,44.0
549,13.0,1.0,market,train,62.0,65.0
549,1.0,7.0,recreation,bus,65.0,68.0
550,2.0,1.0,market,walk,11.0,14.0
550,1.0,2.0,home,walk,11.0,14.0
551,34.0,34.0,other,taxi,11.0,14.0
551,34.0,29.0,work,taxi,29.0,32.0
552,13.0,15.0,work,bus,8.0,11.0
552,15.0,1.0,work,bus,17.0,20.0
553,1.0,1.0,work,bus,8.0,11.0
553,1.0,1.0,recreation,taxi,20.0,23.0
553,1.0,1.0,home,walk,41.0,44.0
553,1.0,1.0,home,taxi,47.0,53.0
554,28.0,1.0,work,car,8.0,11.0
554,1.0,7.0,other,car,14.0,17.0
554,7.0,28.0,home,car,17.0,20.0
555,1.0,15.0,work,car,8.0,11.0
555,15.0,1.0,home,car,20.0,23.0
555,1.0,2.0,recreation,walk,20.0,23.0
555,2.0,1.0,home,car,23.0,29.0
556,30.0,36.0,work,car,5.0,8.0
556,36.0,19.0,work,car,8.0,11.0
556,19.0,22.0,market,car,11.0,14.0
556,22.0,24.0,other,taxi,14.0,17.0
557,35.0,29.0,work,train,5.0,8.0
557,29.0,35.0,home,train,14.0,17.0
558,15.0,1.0,work,taxi,5.0,8.0
558,1.0,2.0,market,taxi,11.0,14.0
559,32.0,32.0,other,car,17.0,20.0
559,32.0,32.0,other,car,17.0,20.0
559,32.0,32.0,other,car,17.0,20.0
559,32.0,32.0,other,car,17.0,20.0
559,32.0,32.0,other,car,17.0,20.0
560,35.0,1.0,work,train,5.0,8.0
560,1.0,35.0,home,train,14.0,17.0
560,35.0,35.0,work,bus,29.0,32.0
560,35.0,35.0,home,bus,41.0,44.0
561,15.0,19.0,work,bus,5.0,8.0
561,19.0,19.0,work,bus,5.0,8.0
562,25.0,25.0,other,walk,11.0,14.0
562,25.0,25.0,home,walk,20.0,23.0
562,25.0,25.0,market,walk,20.0,23.0
563,7.0,1.0,work,walk,8.0,11.0
563,1.0,7.0,home,walk,17.0,20.0
564,5.0,14.0,work,car,8.0,11.0
564,14.0,5.0,home,car,14.0,17.0
565,13.0,2.0,work,car,0.0,5.0
565,2.0,2.0,work,car,0.0,5.0
566,23.0,36.0,market,car,11.0,14.0
566,36.0,36.0,market,car,11.0,14.0
566,36.0,36.0,other,car,20.0,23.0
567,15.0,21.0,other,car,17.0,20.0
567,21.0,15.0,home,car,20.0,23.0
568,21.0,21.0,other,taxi,20.0,23.0
568,21.0,25.0,recreation,bus,20.0,23.0
569,10.0,10.0,other,car,5.0,8.0
569,10.0,10.0,other,car,5.0,8.0
570,15.0,1.0,market,car,8.0,11.0
570,1.0,15.0,home,car,11.0,14.0
570,15.0,20.0,recreation,walk,17.0,20.0
570,20.0,15.0,home,walk,20.0,23.0
571,25.0,28.0,work,car,5.0,8.0
571,28.0,25.0,home,car,14.0,17.0
572,12.0,12.0,other,car,17.0,20.0
572,12.0,5.0,other,car,32.0,35.0
573,36.0,36.0,recreation,car,20.0,23.0
573,36.0,36.0,market,car,41.0,44.0
574,25.0,30.0,work,car,5.0,8.0
574,30.0,25.0,home,car,14.0,17.0
575,15.0,31.0,other,train,17.0,20.0
575,31.0,15.0,home,train,20.0,23.0
576,22.0,22.0,market,walk,11.0,14.0
576,22.0,22.0,market,bus,11.0,14.0
577,19.0,19.0,other,car,11.0,14.0
577,19.0,5.0,market,car,14.0,17.0
577,5.0,6.0,market,car,17.0,20.0
578,19.0,19.0,other,car,11.0,14.0
578,19.0,5.0,market,car,14.0,17.0
578,5.0,6.0,market,car,17.0,20.0
579,18.0,1.0,work,car,8.0,11.0
579,1.0,1.0,work,car,8.0,11.0
579,1.0,18.0,home,car,17.0,20.0
580,25.0,4.0,market,taxi,11.0,14.0
580,4.0,4.0,market,taxi,11.0,14.0
581,32.0,17.0,work,car,5.0,8.0
581,17.0,9.0,recreation,car,17.0,20.0
582,21.0,10.0,recreation,bus,8.0,11.0
582,10.0,21.0,home,taxi,20.0,23.0
583,15.0,15.0,other,bus,11.0,14.0
583,15.0,15.0,other,bus,17.0,20.0
584,21.0,1.0,work,car,5.0,8.0
584,1.0,21.0,home,car,14.0,17.0
585,6.0,28.0,work,car,5.0,8.0
585,28.0,6.0,home,car,14.0,17.0
586,21.0,1.0,work,car,5.0,8.0
586,1.0,21.0,home,car,14.0,17.0
587,19.0,1.0,work,car,5.0,8.0
587,1.0,19.0,recreation,car,17.0,20.0
588,2.0,15.0,education,bus,14.0,17.0
588,15.0,2.0,home,bus,20.0,23.0
589,9.0,11.0,work,car,5.0,8.0
589,11.0,9.0,home,car,5.0,8.0
589,9.0,1.0,recreation,car,17.0,20.0
590,16.0,25.0,work,bicycle,14.0,17.0
590,25.0,25.0,work,bicycle,14.0,17.0
590,25.0,25.0,work,bicycle,14.0,17.0
590,25.0,25.0,work,bicycle,14.0,17.0
591,5.0,1.0,work,train,5.0,8.0
591,1.0,5.0,home,train,14.0,17.0
592,18.0,1.0,work,train,5.0,8.0
592,1.0,18.0,home,train,17.0,20.0
593,25.0,3.0,education,train,8.0,11.0
593,3.0,2.0,market,train,11.0,14.0
593,2.0,31.0,other,train,17.0,20.0
593,31.0,25.0,home,train,23.0,29.0
593,25.0,1.0,recreation,train,35.0,38.0
594,35.0,35.0,work,car,8.0,11.0
594,35.0,35.0,recreation,car,17.0,20.0
594,35.0,35.0,home,car,20.0,23.0
595,32.0,32.0,recreation,walk,5.0,8.0
595,32.0,36.0,work,bus,5.0,8.0
596,36.0,36.0,market,car,8.0,11.0
596,36.0,36.0,service,car,29.0,32.0
596,36.0,36.0,home,car,35.0,38.0
597,35.0,22.0,work,car,8.0,11.0
597,22.0,35.0,home,car,17.0,20.0
598,25.0,7.0,work,taxi,5.0,8.0
598,7.0,25.0,home,train,14.0,17.0
599,35.0,22.0,work,bus,5.0,8.0
599,22.0,35.0,home,bus,14.0,17.0
599,35.0,35.0,market,walk,17.0,20.0
599,35.0,1.0,recreation,car,20.0,23.0
600,1.0,1.0,recreation,taxi,20.0,23.0
600,1.0,1.0,recreation,taxi,20.0,23.0
601,19.0,19.0,work,car,8.0,11.0
601,19.0,19.0,work,car,8.0,11.0
601,19.0,19.0,other,car,17.0,20.0
601,19.0,19.0,home,car,38.0,41.0
601,19.0,19.0,market,car,38.0,41.0
602,29.0,29.0,other,bus,5.0,8.0
602,29.0,33.0,market,escooter,23.0,29.0
603,8.0,8.0,other,bus,17.0,20.0
603,8.0,8.0,education,train,32.0,35.0
603,8.0,8.0,recreation,taxi,44.0,47.0
604,30.0,24.0,work,car,5.0,8.0
604,24.0,30.0,home,car,14.0,17.0
605,7.0,1.0,recreation,train,14.0,17.0
605,1.0,7.0,home,bus,17.0,20.0
606,18.0,18.0,other,train,11.0,14.0
606,18.0,7.0,service,train,11.0,14.0
607,35.0,18.0,market,car,11.0,14.0
607,18.0,18.0,other,car,32.0,35.0
608,1.0,22.0,work,train,8.0,11.0
608,22.0,1.0,home,train,17.0,20.0
609,16.0,1.0,work,train,8.0,11.0
609,1.0,16.0,home,train,17.0,20.0
610,11.0,32.0,work,car,8.0,11.0
610,32.0,11.0,home,car,14.0,17.0
611,28.0,28.0,work,car,8.0,11.0
611,28.0,28.0,home,car,17.0,20.0
612,12.0,22.0,market,car,8.0,11.0
612,22.0,1.0,recreation,car,17.0,20.0
613,26.0,26.0,recreation,walk,20.0,23.0
613,26.0,12.0,recreation,bus,20.0,23.0
