pid,gender,age,education,employment,income,car_own,home,dest1,purp1,mode1,time1,dest2,purp2,mode2,time2,dest3,purp3,mode3,time3,dest4,purp4,mode4,time4,dest5,purp5,mode5,time5
101,1: male,28.0,4: master or phd,4: active,2: 750-1500,0: no,2.0,15,1: work,4: train,9,2,1: work,7: walk,18,1.0,5: recreation,8: escooter,22.0,2.0,2: return home,8: escooter,2.0,,,,
102,0: feamale,28.0,2: high school,3: student,0: no income,1: yes,12.0,12,3: education,1: car,11,22,5: recreation,1: car,17,10.0,6: service,1: car,21.0,,,,,,,,
103,0: feamale,27.0,3: bachelor,4: active,2: 750-1500,1: yes,15.0,15,1: work,7: walk,13,15,5: recreation,7: walk,14,,,,,,,,,,,,
104,0: feamale,18.0,4: master or phd,4: active,2: 750-1500,0: no,7.0,30,1: work,4: train,11,23,1: work,4: train,16,7.0,2: return home,4: train,21.0,,,,,,,,
105,1: male,18.0,4: master or phd,4: active,3: 1500-2500,1: yes,22.0,35,5: recreation,1: car,19,22,2: return home,1: car,20,,,,,,,,,,,,
106,1: male,28.0,2: high school,3: student,0: no income,1: yes,30.0,26,7: other,1: car,11,30,2: return home,1: car,15,,,,,,,,,,,,
107,1: male,23.0,3: bachelor,3: student,0: no income,1: yes,3.0,21,3: education,4: train,10,15,3: education,1: car,10,3.0,2: return home,4: train,16.0,,,,,,,,
108,0: feamale,23.0,3: bachelor,3: student,1: 750 or less,1: yes,15.0,15,1: work,7: walk,15,15,1: work,7: walk,18,,,,,,,,,,,,
109,1: male,23.0,3: bachelor,3: student,,0: no,21.0,21,5: recreation,7: walk,17,21,2: return home,7: walk,21,,,,,,,,,,,,
110,0: feamale,18.0,3: bachelor,3: student,4: 2500 or more,1: yes,9.0,9,5: recreation,7: walk,4,9,5: recreation,7: walk,22,,,,,,,,,,,,
111,1: male,21.0,2: high school,3: student,1: 750 or less,1: yes,12.0,22,1: work,4: train,13,18,1: work,4: train,18,,,,,,,,,,,,
112,1: male,23.0,3: bachelor,3: student,0: no income,1: yes,25.0,25,3: education,4: train,14,25,5: recreation,7: walk,18,,,,,,,,,,,,
113,1: male,26.0,3: bachelor,3: student,1: 750 or less,1: yes,15.0,15,3: education,3: bus,9,25,4: market,7: walk,18,,,,,,,,,,,,
114,0: feamale,62.0,3: bachelor,4: active,2: 750-1500,1: yes,15.0,1,1: work,7: walk,10,15,2: return home,7: walk,18,15.0,5: recreation,7: walk,21.0,,,,,,,,
115,0: feamale,64.0,2: high school,4: active,1: 750 or less,1: yes,26.0,21,1: work,4: train,9,26,2: return home,4: train,17,,,,,,,,,,,,
116,0: feamale,24.0,3: bachelor,4: active,1: 750 or less,1: yes,1.0,1,1: work,3: bus,10,1,2: return home,3: bus,15,,,,,,,,,,,,
117,1: male,25.0,3: bachelor,2: unemployed,1: 750 or less,1: yes,8.0,8,5: recreation,7: walk,20,15,7: other,7: walk,15,,,,,,,,,,,,
118,0: feamale,34.0,3: bachelor,4: active,2: 750-1500,1: yes,22.0,22,7: other,1: car,6,29,1: work,1: car,6,22.0,2: return home,1: car,19.0,,,,,,,,
119,1: male,22.0,2: high school,3: student,,0: no,21.0,21,7: other,7: walk,9,21,2: return home,7: walk,7,,,,,,,,,,,,
120,0: feamale,53.0,3: bachelor,4: active,3: 1500-2500,0: no,21.0,1,1: work,3: bus,8,21,2: return home,3: bus,17,,,,,,,,,,,,
121,1: male,19.0,2: high school,3: student,1: 750 or less,1: yes,36.0,36,5: recreation,1: car,9,36,1: work,1: car,13,36.0,4: market,1: car,19.0,,,,,,,,
122,1: male,29.0,3: bachelor,3: student,0: no income,1: yes,1.0,15,3: education,3: bus,13,1,2: return home,3: bus,18,35.0,5: recreation,4: train,20.0,,,,,,,,
123,1: male,25.0,3: bachelor,4: active,2: 750-1500,1: yes,25.0,15,1: work,3: bus,8,25,2: return home,3: bus,17,,,,,,,,,,,,
124,1: male,21.0,3: bachelor,3: student,1: 750 or less,1: yes,25.0,25,5: recreation,7: walk,19,28,5: recreation,4: train,19,,,,,,,,,,,,
125,1: male,26.0,2: high school,3: student,0: no income,0: no,21.0,36,4: market,3: bus,14,36,5: recreation,3: bus,18,36.0,5: recreation,3: bus,20.0,36.0,5: recreation,3: bus,1.0,,,,
126,1: male,18.0,3: bachelor,3: student,0: no income,1: yes,21.0,26,5: recreation,4: train,18,21,2: return home,4: train,0,,,,,,,,,,,,
127,0: feamale,46.0,2: high school,4: active,2: 750-1500,0: no,1.0,1,1: work,7: walk,14,15,1: work,3: bus,14,,,,,,,,,,,,
128,0: feamale,28.0,3: bachelor,4: active,2: 750-1500,0: no,2.0,7,3: education,3: bus,18,2,2: return home,3: bus,20,,,,,,,,,,,,
129,0: feamale,18.0,3: bachelor,4: active,1: 750 or less,1: yes,20.0,21,1: work,4: train,10,21,1: work,1: car,10,13.0,5: recreation,1: car,18.0,,,,,,,,
130,1: male,28.0,2: high school,3: student,0: no income,1: yes,2.0,15,3: education,7: walk,10,2,2: return home,7: walk,15,,,,,,,,,,,,
131,1: male,23.0,4: master or phd,4: active,3: 1500-2500,1: yes,20.0,22,1: work,4: train,10,20,5: recreation,7: walk,21,20.0,2: return home,4: train,18.0,,,,,,,,
132,0: feamale,22.0,3: bachelor,4: active,1: 750 or less,1: yes,35.0,15,1: work,4: train,10,1,3: education,4: train,14,35.0,2: return home,4: train,20.0,22.0,5: recreation,1: car,20.0,35.0,2: return home,1: car,4.0
133,0: feamale,28.0,3: bachelor,4: active,2: 750-1500,1: yes,1.0,5,3: education,4: train,15,1,2: return home,4: train,21,5.0,5: recreation,1: car,21.0,,,,,,,,
134,0: feamale,20.0,3: bachelor,4: active,2: 750-1500,1: yes,17.0,1,1: work,1: car,10,29,5: recreation,1: car,19,14.0,5: recreation,1: car,22.0,17.0,2: return home,1: car,4.0,,,,
135,1: male,27.0,2: high school,3: student,1: 750 or less,1: yes,15.0,28,5: recreation,3: bus,15,15,2: return home,3: bus,18,,,,,,,,,,,,
136,1: male,25.0,2: high school,3: student,2: 750-1500,1: yes,17.0,17,4: market,1: car,18,17,5: recreation,1: car,18,17.0,2: return home,1: car,21.0,,,,,,,,
137,1: male,33.0,4: master or phd,4: active,2: 750-1500,1: yes,7.0,29,1: work,1: car,10,7,2: return home,1: car,18,5.0,3: education,1: car,20.0,,,,,,,,
138,1: male,41.0,4: master or phd,4: active,4: 2500 or more,1: yes,22.0,15,1: work,1: car,9,22,2: return home,1: car,18,,,,,,,,,,,,
139,1: male,26.0,3: bachelor,3: student,0: no income,0: no,8.0,21,4: market,4: train,14,22,5: recreation,4: train,21,8.0,2: return home,2: taxi,3.0,,,,,,,,
140,0: feamale,26.0,3: bachelor,4: active,2: 750-1500,0: no,2.0,15,1: work,3: bus,10,2,2: return home,4: train,16,11.0,7: other,4: train,22.0,2.0,2: return home,2: taxi,0.0,,,,
141,1: male,19.0,4: master or phd,4: active,2: 750-1500,1: yes,2.0,15,1: work,1: car,12,2,2: return home,1: car,18,,,,,,,,,,,,
142,0: feamale,24.0,3: bachelor,4: active,1: 750 or less,1: yes,36.0,35,1: work,5: motorcycle,8,5,3: education,5: motorcycle,18,,,,,,,,,,,,
143,0: feamale,59.0,3: bachelor,1: inactive,1: 750 or less,1: yes,22.0,22,7: other,3: bus,16,22,7: other,2: taxi,16,,,,,,,,,,,,
144,0: feamale,24.0,3: bachelor,4: active,2: 750-1500,1: yes,1.0,13,5: recreation,3: bus,15,1,2: return home,3: bus,18,,,,,,,,,,,,
145,0: feamale,22.0,4: master or phd,4: active,2: 750-1500,1: yes,19.0,31,1: work,1: car,10,19,2: return home,1: car,17,,,,,,,,,,,,
146,0: feamale,24.0,3: bachelor,3: student,0: no income,1: yes,11.0,3,1: work,1: car,9,11,2: return home,1: car,22,3.0,1: work,1: car,9.0,11.0,2: return home,1: car,19.0,,,,
147,1: male,24.0,3: bachelor,3: student,0: no income,1: yes,25.0,28,7: other,1: car,15,25,2: return home,1: car,15,,,,,,,,,,,,
148,1: male,34.0,3: bachelor,4: active,2: 750-1500,1: yes,1.0,1,1: work,1: car,10,1,2: return home,1: car,19,35.0,5: recreation,1: car,20.0,1.0,2: return home,1: car,0.0,,,,
149,0: feamale,23.0,4: master or phd,4: active,2: 750-1500,0: no,25.0,29,1: work,4: train,7,4,5: recreation,7: walk,19,,,,,,,,,,,,
150,0: feamale,25.0,4: master or phd,4: active,3: 1500-2500,1: yes,16.0,22,1: work,1: car,8,22,1: work,1: car,8,16.0,2: return home,1: car,17.0,,,,,,,,
151,0: feamale,19.0,4: master or phd,3: student,0: no income,1: yes,15.0,29,1: work,3: bus,10,2,4: market,3: bus,19,15.0,2: return home,2: taxi,22.0,,,,,,,,
152,0: feamale,26.0,4: master or phd,4: active,,1: yes,22.0,21,1: work,1: car,8,22,2: return home,1: car,17,,,,,,,,,,,,
153,0: feamale,20.0,4: master or phd,4: active,2: 750-1500,1: yes,22.0,1,6: service,4: train,10,22,2: return home,4: train,19,,,,,,,,,,,,
154,1: male,36.0,4: master or phd,4: active,,1: yes,29.0,29,1: work,1: car,8,5,1: work,1: car,13,,,,,,,,,,,,
155,0: feamale,20.0,3: bachelor,4: active,2: 750-1500,0: no,29.0,12,1: work,1: car,6,12,1: work,1: car,6,12.0,5: recreation,1: car,19.0,,,,,,,,
156,0: feamale,28.0,2: high school,3: student,0: no income,1: yes,20.0,30,7: other,1: car,17,20,7: other,1: car,2,15.0,3: education,1: car,11.0,20.0,2: return home,1: car,14.0,,,,
157,0: feamale,26.0,3: bachelor,3: student,1: 750 or less,1: yes,32.0,20,1: work,3: bus,9,32,7: other,4: train,12,10.0,1: work,3: bus,12.0,,,,,,,,
158,0: feamale,62.0,3: bachelor,4: active,2: 750-1500,1: yes,24.0,15,1: work,1: car,5,24,2: return home,1: car,15,,,,,,,,,,,,
159,0: feamale,27.0,4: master or phd,4: active,2: 750-1500,0: no,4.0,15,1: work,3: bus,10,35,1: work,3: bus,17,,,,,,,,,,,,
160,1: male,54.0,3: bachelor,1: inactive,2: 750-1500,1: yes,25.0,16,4: market,5: motorcycle,13,16,7: other,1: car,13,,,,,,,,,,,,
161,1: male,38.0,4: master or phd,4: active,2: 750-1500,1: yes,21.0,18,1: work,1: car,9,15,4: market,1: car,14,5.0,1: work,1: car,14.0,,,,,,,,
162,0: feamale,26.0,4: master or phd,4: active,2: 750-1500,1: yes,2.0,12,1: work,1: car,9,2,2: return home,1: car,18,,,,,,,,,,,,
163,0: feamale,28.0,4: master or phd,4: active,2: 750-1500,1: yes,15.0,22,1: work,1: car,10,15,2: return home,1: car,17,,,,,,,,,,,,
164,1: male,26.0,3: bachelor,4: active,2: 750-1500,1: yes,21.0,15,1: work,4: train,5,21,2: return home,4: train,17,,,,,,,,,,,,
165,1: male,78.0,2: high school,1: inactive,2: 750-1500,1: yes,22.0,1,5: recreation,4: train,12,22,2: return home,4: train,17,,,,,,,,,,,,
166,0: feamale,20.0,4: master or phd,4: active,3: 1500-2500,1: yes,34.0,34,5: recreation,1: car,19,1,7: other,1: car,22,,,,,,,,,,,,
167,1: male,28.0,4: master or phd,4: active,,1: yes,26.0,25,1: work,5: motorcycle,8,26,2: return home,5: motorcycle,21,,,,,,,,,,,,
168,1: male,35.0,4: master or phd,4: active,2: 750-1500,0: no,7.0,15,1: work,2: taxi,8,7,2: return home,3: bus,19,1.0,5: recreation,7: walk,22.0,7.0,2: return home,2: taxi,2.0,,,,
169,0: feamale,27.0,4: master or phd,3: student,1: 750 or less,1: yes,36.0,35,5: recreation,1: car,14,36,4: market,1: car,19,35.0,3: education,2: taxi,11.0,36.0,2: return home,1: car,22.0,,,,
170,1: male,32.0,3: bachelor,4: active,2: 750-1500,1: yes,23.0,35,5: recreation,1: car,16,3,5: recreation,1: car,22,23.0,2: return home,1: car,4.0,,,,,,,,
171,0: feamale,28.0,4: master or phd,4: active,2: 750-1500,1: yes,19.0,32,1: work,1: car,9,19,2: return home,1: car,19,32.0,5: recreation,1: car,20.0,,,,,,,,
172,0: feamale,32.0,3: bachelor,4: active,2: 750-1500,1: yes,30.0,25,1: work,7: walk,13,30,2: return home,7: walk,18,,,,,,,,,,,,
173,1: male,39.0,3: bachelor,4: active,2: 750-1500,1: yes,30.0,35,1: work,1: car,8,15,5: recreation,1: car,19,30.0,2: return home,1: car,21.0,30.0,4: market,7: walk,21.0,,,,
174,0: feamale,31.0,3: bachelor,4: active,2: 750-1500,1: yes,1.0,8,1: work,1: car,9,30,4: market,1: car,20,30.0,5: recreation,7: walk,0.0,10.0,7: other,1: car,16.0,,,,
175,0: feamale,20.0,4: master or phd,4: active,1: 750 or less,1: yes,30.0,30,1: work,7: walk,13,30,1: work,5: motorcycle,18,30.0,2: return home,5: motorcycle,18.0,30.0,1: work,5: motorcycle,18.0,30.0,2: return home,5: motorcycle,4.0
176,0: feamale,60.0,2: high school,4: active,2: 750-1500,0: no,32.0,30,1: work,3: bus,5,30,1: work,3: bus,15,,,,,,,,,,,,
177,0: feamale,28.0,2: high school,3: student,0: no income,1: yes,34.0,34,5: recreation,7: walk,18,2,5: recreation,1: car,1,,,,,,,,,,,,
178,1: male,32.0,3: bachelor,4: active,2: 750-1500,1: yes,30.0,17,1: work,1: car,6,30,2: return home,1: car,15,,,,,,,,,,,,
179,1: male,18.0,3: bachelor,4: active,2: 750-1500,1: yes,9.0,30,1: work,1: car,10,30,1: work,1: car,10,,,,,,,,,,,,
180,0: feamale,39.0,2: high school,4: active,2: 750-1500,1: yes,5.0,23,1: work,1: car,10,25,1: work,1: car,10,,,,,,,,,,,,
181,0: feamale,46.0,3: bachelor,4: active,,0: no,19.0,2,1: work,4: train,6,2,1: work,4: train,6,,,,,,,,,,,,
182,0: feamale,43.0,4: master or phd,4: active,3: 1500-2500,1: yes,34.0,35,7: other,1: car,11,34,2: return home,1: car,11,,,,,,,,,,,,
183,0: feamale,20.0,2: high school,3: student,0: no income,1: yes,28.0,28,7: other,7: walk,21,25,1: work,7: walk,10,25.0,5: recreation,7: walk,19.0,25.0,4: market,3: bus,19.0,25.0,7: other,3: bus,19.0
184,1: male,49.0,2: high school,4: active,3: 1500-2500,1: yes,2.0,34,1: work,1: car,5,2,2: return home,1: car,16,,,,,,,,,,,,
185,0: feamale,26.0,2: high school,3: student,0: no income,1: yes,21.0,21,3: education,4: train,10,21,2: return home,4: train,17,,,,,,,,,,,,
186,0: feamale,46.0,3: bachelor,4: active,2: 750-1500,1: yes,33.0,28,1: work,4: train,5,22,1: work,4: train,5,28.0,1: work,4: train,14.0,28.0,5: recreation,1: car,19.0,,,,
187,0: feamale,36.0,4: master or phd,4: active,3: 1500-2500,1: yes,29.0,1,1: work,1: car,6,29,2: return home,1: car,14,18.0,5: recreation,1: car,14.0,,,,,,,,
188,1: male,36.0,4: master or phd,4: active,,0: no,35.0,29,1: work,4: train,10,21,1: work,4: train,19,,,,,,,,,,,,
189,0: feamale,32.0,3: bachelor,4: active,1: 750 or less,1: yes,1.0,1,1: work,3: bus,9,1,2: return home,3: bus,16,,,,,,,,,,,,
190,,,4: master or phd,4: active,,1: yes,34.0,28,1: work,1: car,6,5,1: work,1: car,17,,,,,,,,,,,,
191,1: male,45.0,2: high school,4: active,2: 750-1500,1: yes,7.0,28,1: work,4: train,6,7,2: return home,4: train,19,,,,,,,,,,,,
192,0: feamale,25.0,3: bachelor,4: active,1: 750 or less,1: yes,21.0,7,1: work,4: train,8,21,2: return home,4: train,16,35.0,7: other,4: train,21.0,,,,,,,,
193,1: male,56.0,3: bachelor,4: active,,0: no,6.0,35,7: other,2: taxi,18,6,2: return home,2: taxi,20,,,,,,,,,,,,
194,1: male,19.0,3: bachelor,4: active,2: 750-1500,1: yes,7.0,6,1: work,3: bus,9,7,1: work,3: bus,9,7.0,2: return home,3: bus,18.0,,,,,,,,
195,1: male,35.0,4: master or phd,4: active,2: 750-1500,1: yes,21.0,30,1: work,1: car,8,21,2: return home,1: car,18,,,,,,,,,,,,
196,0: feamale,33.0,4: master or phd,4: active,2: 750-1500,1: yes,12.0,1,1: work,1: car,7,12,4: market,1: car,16,12.0,2: return home,1: car,17.0,,,,,,,,
197,1: male,20.0,3: bachelor,4: active,3: 1500-2500,0: no,21.0,21,7: other,3: bus,14,35,7: other,3: bus,19,,,,,,,,,,,,
198,1: male,39.0,4: master or phd,4: active,2: 750-1500,0: no,7.0,21,1: work,3: bus,9,7,2: return home,3: bus,19,,,,,,,,,,,,
199,0: feamale,48.0,4: master or phd,4: active,3: 1500-2500,1: yes,35.0,1,1: work,1: car,9,35,2: return home,1: car,17,19.0,6: service,1: car,13.0,1.0,1: work,1: car,13.0,,,,
200,1: male,25.0,4: master or phd,4: active,3: 1500-2500,1: yes,30.0,3,5: recreation,1: car,12,1,5: recreation,7: walk,16,30.0,2: return home,1: car,19.0,,,,,,,,
201,1: male,22.0,3: bachelor,4: active,2: 750-1500,1: yes,10.0,8,1: work,1: car,9,17,1: work,1: car,18,8.0,5: recreation,1: car,20.0,8.0,5: recreation,1: car,20.0,,,,
202,1: male,35.0,4: master or phd,4: active,2: 750-1500,1: yes,36.0,31,1: work,1: car,8,14,7: other,1: car,17,,,,,,,,,,,,
203,0: feamale,44.0,3: bachelor,4: active,2: 750-1500,1: yes,9.0,3,1: work,4: train,7,30,4: market,3: bus,14,36.0,7: other,3: bus,14.0,,,,,,,,
204,0: feamale,59.0,4: master or phd,4: active,,1: yes,22.0,1,7: other,1: car,12,22,2: return home,1: car,12,,,,,,,,,,,,
205,0: feamale,23.0,3: bachelor,4: active,0: no income,1: yes,7.0,31,1: work,1: car,10,31,1: work,1: car,19,7.0,2: return home,1: car,19.0,7.0,4: market,7: walk,16.0,,,,
206,0: feamale,47.0,3: bachelor,4: active,2: 750-1500,0: no,5.0,5,4: market,7: walk,11,5,4: market,7: walk,11,,,,,,,,,,,,
207,0: feamale,37.0,4: master or phd,4: active,2: 750-1500,1: yes,7.0,29,1: work,1: car,8,7,2: return home,1: car,17,22.0,5: recreation,1: car,22.0,7.0,2: return home,1: car,22.0,,,,
208,0: feamale,47.0,4: master or phd,4: active,3: 1500-2500,1: yes,1.0,1,4: market,1: car,8,11,4: market,1: car,13,1.0,1: work,1: car,21.0,1.0,2: return home,1: car,2.0,,,,
209,0: feamale,44.0,3: bachelor,4: active,2: 750-1500,1: yes,13.0,22,3: education,4: train,12,13,2: return home,4: train,12,,,,,,,,,,,,
210,1: male,31.0,4: master or phd,4: active,2: 750-1500,0: no,1.0,6,5: recreation,7: walk,11,26,5: recreation,4: train,14,1.0,2: return home,4: train,20.0,,,,,,,,
211,0: feamale,23.0,3: bachelor,4: active,1: 750 or less,1: yes,2.0,10,1: work,4: train,8,2,2: return home,4: train,18,,,,,,,,,,,,
212,0: feamale,62.0,4: master or phd,4: active,2: 750-1500,1: yes,34.0,34,3: education,3: bus,15,1,3: education,3: bus,15,,,,,,,,,,,,
213,1: male,51.0,4: master or phd,4: active,2: 750-1500,1: yes,28.0,28,7: other,1: car,11,7,7: other,1: car,19,28.0,2: return home,1: car,20.0,,,,,,,,
214,0: feamale,18.0,2: high school,3: student,1: 750 or less,1: yes,18.0,1,4: market,4: train,16,1,5: recreation,7: walk,17,2.0,1: work,4: train,17.0,18.0,2: return home,4: train,2.0,,,,
215,1: male,46.0,3: bachelor,4: active,3: 1500-2500,1: yes,26.0,22,1: work,3: bus,10,26,2: return home,3: bus,18,32.0,5: recreation,1: car,18.0,30.0,7: other,1: car,22.0,26.0,2: return home,1: car,0.0
216,1: male,23.0,2: high school,4: active,1: 750 or less,1: yes,18.0,4,1: work,4: train,8,18,2: return home,4: train,17,,,,,,,,,,,,
217,0: feamale,33.0,4: master or phd,4: active,3: 1500-2500,1: yes,18.0,24,4: market,1: car,8,24,5: recreation,7: walk,18,,,,,,,,,,,,
218,0: feamale,23.0,3: bachelor,,1: 750 or less,1: yes,24.0,28,1: work,1: car,5,24,2: return home,1: car,14,,,,,,,,,,,,
219,1: male,49.0,4: master or phd,4: active,,1: yes,32.0,30,1: work,1: car,10,28,5: recreation,1: car,19,28.0,4: market,1: car,21.0,,,,,,,,
220,0: feamale,49.0,4: master or phd,4: active,,1: yes,28.0,28,3: education,1: car,8,28,5: recreation,1: car,18,28.0,5: recreation,1: car,21.0,,,,,,,,
221,0: feamale,36.0,3: bachelor,4: active,2: 750-1500,1: yes,2.0,4,1: work,1: car,9,24,1: work,1: car,12,3.0,1: work,1: car,12.0,35.0,1: work,1: car,14.0,,,,
222,1: male,58.0,3: bachelor,4: active,3: 1500-2500,1: yes,32.0,4,1: work,1: car,9,32,2: return home,1: car,18,32.0,7: other,1: car,18.0,,,,,,,,
223,0: feamale,35.0,4: master or phd,4: active,2: 750-1500,1: yes,11.0,11,5: recreation,1: car,11,17,5: recreation,1: car,11,,,,,,,,,,,,
224,1: male,24.0,4: master or phd,4: active,2: 750-1500,0: no,2.0,25,5: recreation,4: train,16,2,2: return home,7: walk,17,,,,,,,,,,,,
225,1: male,37.0,4: master or phd,4: active,2: 750-1500,1: yes,1.0,1,5: recreation,3: bus,21,12,7: other,1: car,9,11.0,6: service,1: car,19.0,,,,,,,,
226,0: feamale,35.0,3: bachelor,4: active,2: 750-1500,1: yes,7.0,7,1: work,3: bus,8,7,2: return home,7: walk,17,1.0,4: market,7: walk,17.0,,,,,,,,
227,0: feamale,35.0,4: master or phd,4: active,4: 2500 or more,1: yes,7.0,31,1: work,5: motorcycle,8,1,1: work,5: motorcycle,8,30.0,5: recreation,5: motorcycle,20.0,,,,,,,,
228,0: feamale,49.0,4: master or phd,4: active,,1: yes,22.0,22,5: recreation,1: car,11,5,5: recreation,1: car,14,22.0,2: return home,1: car,19.0,,,,,,,,
229,0: feamale,43.0,3: bachelor,4: active,2: 750-1500,1: yes,28.0,6,1: work,1: car,8,18,3: education,1: car,14,30.0,3: education,1: car,14.0,28.0,2: return home,1: car,18.0,,,,
230,1: male,35.0,4: master or phd,4: active,2: 750-1500,1: yes,35.0,35,5: recreation,7: walk,22,35,2: return home,7: walk,22,,,,,,,,,,,,
231,0: feamale,36.0,4: master or phd,4: active,2: 750-1500,1: yes,14.0,1,1: work,4: train,10,1,5: recreation,4: train,22,,,,,,,,,,,,
232,1: male,35.0,3: bachelor,4: active,1: 750 or less,0: no,5.0,1,1: work,1: car,10,5,2: return home,1: car,18,5.0,4: market,1: car,18.0,,,,,,,,
233,0: feamale,32.0,4: master or phd,4: active,2: 750-1500,1: yes,4.0,28,1: work,1: car,10,4,2: return home,1: car,18,,,,,,,,,,,,
234,1: male,27.0,2: high school,3: student,1: 750 or less,1: yes,3.0,3,5: recreation,4: train,3,1,4: market,3: bus,12,,,,,,,,,,,,
235,0: feamale,37.0,4: master or phd,4: active,4: 2500 or more,1: yes,22.0,1,1: work,4: train,10,22,2: return home,4: train,16,,,,,,,,,,,,
236,0: feamale,49.0,3: bachelor,4: active,3: 1500-2500,1: yes,14.0,28,1: work,4: train,9,24,1: work,4: train,9,16.0,7: other,4: train,18.0,,,,,,,,
237,0: feamale,43.0,4: master or phd,4: active,2: 750-1500,1: yes,25.0,25,7: other,7: walk,7,1,1: work,4: train,9,25.0,7: other,4: train,13.0,31.0,7: other,1: car,13.0,25.0,2: return home,1: car,13.0
238,0: feamale,38.0,4: master or phd,4: active,2: 750-1500,1: yes,5.0,1,1: work,3: bus,10,5,2: return home,3: bus,19,,,,,,,,,,,,
239,1: male,25.0,4: master or phd,4: active,2: 750-1500,1: yes,12.0,30,1: work,1: car,5,35,1: work,1: car,8,,,,,,,,,,,,
240,0: feamale,38.0,4: master or phd,4: active,1: 750 or less,0: no,25.0,1,1: work,4: train,8,25,2: return home,4: train,15,,,,,,,,,,,,
241,1: male,54.0,4: master or phd,4: active,3: 1500-2500,0: no,21.0,21,1: work,6: bicycle,9,21,2: return home,6: bicycle,18,,,,,,,,,,,,
242,0: feamale,61.0,3: bachelor,4: active,2: 750-1500,1: yes,32.0,16,1: work,4: train,5,32,2: return home,4: train,15,,,,,,,,,,,,
243,0: feamale,37.0,4: master or phd,4: active,2: 750-1500,1: yes,25.0,22,1: work,1: car,6,25,2: return home,1: car,15,,,,,,,,,,,,
244,0: feamale,62.0,3: bachelor,4: active,,1: yes,7.0,22,1: work,1: car,11,1,4: market,7: walk,18,,,,,,,,,,,,
245,1: male,42.0,3: bachelor,4: active,,1: yes,31.0,28,5: recreation,1: car,8,31,2: return home,1: car,19,22.0,5: recreation,1: car,21.0,,,,,,,,
246,0: feamale,26.0,4: master or phd,4: active,1: 750 or less,0: no,7.0,2,5: recreation,3: bus,15,7,2: return home,7: walk,17,,,,,,,,,,,,
247,1: male,44.0,3: bachelor,4: active,2: 750-1500,1: yes,32.0,35,1: work,1: car,7,28,1: work,1: car,16,,,,,,,,,,,,
248,0: feamale,36.0,4: master or phd,4: active,2: 750-1500,1: yes,7.0,3,1: work,7: walk,5,7,2: return home,7: walk,15,34.0,5: recreation,7: walk,17.0,1.0,5: recreation,7: walk,21.0,,,,
249,0: feamale,48.0,4: master or phd,4: active,1: 750 or less,1: yes,10.0,26,1: work,1: car,13,1,1: work,7: walk,13,1.0,1: work,1: car,15.0,,,,,,,,
250,0: feamale,23.0,4: master or phd,4: active,2: 750-1500,1: yes,1.0,1,5: recreation,7: walk,17,22,7: other,1: car,17,,,,,,,,,,,,
251,0: feamale,47.0,3: bachelor,4: active,2: 750-1500,1: yes,9.0,1,1: work,1: car,9,9,2: return home,1: car,17,,,,,,,,,,,,
252,1: male,48.0,3: bachelor,4: active,2: 750-1500,1: yes,19.0,1,1: work,4: train,9,19,2: return home,4: train,17,,,,,,,,,,,,
253,1: male,57.0,3: bachelor,4: active,3: 1500-2500,1: yes,21.0,1,1: work,1: car,9,21,2: return home,1: car,20,1.0,1: work,7: walk,12.0,,,,,,,,
254,0: feamale,61.0,4: master or phd,4: active,3: 1500-2500,1: yes,35.0,35,5: recreation,1: car,11,35,5: recreation,1: car,22,22.0,5: recreation,1: car,15.0,34.0,1: work,1: car,8.0,,,,
255,0: feamale,21.0,4: master or phd,4: active,2: 750-1500,1: yes,24.0,7,1: work,1: car,8,24,2: return home,1: car,15,,,,,,,,,,,,
256,1: male,44.0,3: bachelor,4: active,3: 1500-2500,1: yes,7.0,7,1: work,1: car,7,7,1: work,1: car,7,7.0,2: return home,1: car,19.0,,,,,,,,
257,,,,4: active,,1: yes,3.0,29,1: work,1: car,9,18,1: work,4: train,19,18.0,4: market,1: car,19.0,,,,,,,,
258,0: feamale,25.0,2: high school,4: active,1: 750 or less,0: no,2.0,35,1: work,3: bus,7,35,1: work,3: bus,18,2.0,2: return home,3: bus,18.0,,,,,,,,
259,0: feamale,44.0,4: master or phd,4: active,2: 750-1500,1: yes,22.0,31,1: work,1: car,5,22,1: work,1: car,14,,,,,,,,,,,,
260,1: male,64.0,3: bachelor,4: active,3: 1500-2500,1: yes,19.0,21,1: work,1: car,9,21,1: work,1: car,9,19.0,2: return home,1: car,18.0,,,,,,,,
261,0: feamale,45.0,3: bachelor,4: active,2: 750-1500,1: yes,19.0,3,1: work,3: bus,6,19,1: work,3: bus,18,1.0,1: work,4: train,18.0,,,,,,,,
262,1: male,58.0,3: bachelor,4: active,2: 750-1500,0: no,22.0,2,1: work,4: train,9,22,2: return home,4: train,18,,,,,,,,,,,,
263,0: feamale,34.0,3: bachelor,4: active,2: 750-1500,1: yes,30.0,28,1: work,3: bus,10,30,2: return home,2: taxi,18,11.0,5: recreation,2: taxi,22.0,11.0,5: recreation,1: car,1.0,,,,
264,0: feamale,21.0,4: master or phd,4: active,2: 750-1500,1: yes,30.0,22,1: work,4: train,7,30,2: return home,4: train,19,,,,,,,,,,,,
265,0: feamale,37.0,4: master or phd,4: active,2: 750-1500,1: yes,25.0,1,1: work,1: car,8,25,2: return home,1: car,17,,,,,,,,,,,,
266,0: feamale,26.0,4: master or phd,3: student,1: 750 or less,1: yes,25.0,15,3: education,1: car,8,25,1: work,3: bus,16,25.0,2: return home,7: walk,21.0,,,,,,,,
267,1: male,35.0,3: bachelor,4: active,2: 750-1500,1: yes,19.0,28,1: work,1: car,5,19,2: return home,1: car,18,19.0,5: recreation,7: walk,20.0,,,,,,,,
268,0: feamale,33.0,4: master or phd,4: active,3: 1500-2500,1: yes,29.0,22,1: work,1: car,11,29,2: return home,1: car,18,,,,,,,,,,,,
269,0: feamale,48.0,4: master or phd,4: active,,1: yes,35.0,30,1: work,4: train,8,35,2: return home,4: train,19,,,,,,,,,,,,
270,0: feamale,41.0,4: master or phd,4: active,2: 750-1500,1: yes,35.0,1,1: work,1: car,9,35,2: return home,1: car,22,,,,,,,,,,,,
271,1: male,26.0,3: bachelor,3: student,1: 750 or less,1: yes,28.0,28,5: recreation,3: bus,14,6,5: recreation,4: train,11,,,,,,,,,,,,
272,1: male,46.0,3: bachelor,4: active,3: 1500-2500,1: yes,25.0,1,1: work,5: motorcycle,9,1,1: work,5: motorcycle,17,,,,,,,,,,,,
273,1: male,46.0,3: bachelor,4: active,,0: no,21.0,36,1: work,3: bus,7,2,1: work,3: bus,14,,,,,,,,,,,,
274,0: feamale,32.0,4: master or phd,4: active,3: 1500-2500,1: yes,7.0,17,1: work,1: car,8,7,2: return home,1: car,17,,,,,,,,,,,,
275,0: feamale,59.0,3: bachelor,4: active,,1: yes,6.0,1,1: work,1: car,8,23,5: recreation,1: car,20,6.0,2: return home,1: car,20.0,,,,,,,,
276,0: feamale,33.0,4: master or phd,4: active,2: 750-1500,1: yes,9.0,15,1: work,1: car,8,9,2: return home,1: car,16,9.0,3: education,1: car,19.0,19.0,4: market,1: car,19.0,,,,
277,1: male,41.0,4: master or phd,4: active,2: 750-1500,1: yes,27.0,2,1: work,1: car,11,15,1: work,1: car,14,1.0,5: recreation,1: car,21.0,,,,,,,,
278,0: feamale,48.0,2: high school,4: active,2: 750-1500,1: yes,32.0,15,1: work,4: train,6,32,2: return home,4: train,15,,,,,,,,,,,,
279,0: feamale,32.0,4: master or phd,4: active,2: 750-1500,1: yes,24.0,1,1: work,1: car,10,24,2: return home,1: car,19,,,,,,,,,,,,
280,0: feamale,27.0,3: bachelor,4: active,2: 750-1500,1: yes,15.0,29,1: work,3: bus,8,15,2: return home,4: train,19,15.0,4: market,7: walk,19.0,,,,,,,,
281,0: feamale,39.0,4: master or phd,4: active,3: 1500-2500,1: yes,35.0,1,1: work,1: car,10,35,7: other,1: car,10,35.0,7: other,1: car,18.0,35.0,2: return home,1: car,18.0,,,,
282,1: male,53.0,3: bachelor,4: active,2: 750-1500,0: no,4.0,1,1: work,4: train,9,4,2: return home,4: train,17,3.0,5: recreation,7: walk,17.0,,,,,,,,
283,0: feamale,29.0,2: high school,3: student,0: no income,1: yes,19.0,15,3: education,4: train,5,19,2: return home,4: train,15,19.0,1: work,7: walk,19.0,,,,,,,,
284,1: male,19.0,4: master or phd,4: active,1: 750 or less,1: yes,31.0,15,1: work,4: train,9,14,5: recreation,1: car,17,31.0,2: return home,1: car,2.0,,,,,,,,
285,1: male,21.0,4: master or phd,4: active,1: 750 or less,1: yes,32.0,22,1: work,1: car,13,8,7: other,1: car,20,32.0,2: return home,1: car,0.0,,,,,,,,
286,1: male,29.0,4: master or phd,4: active,2: 750-1500,1: yes,4.0,16,1: work,1: car,8,4,2: return home,1: car,15,1.0,5: recreation,1: car,22.0,,,,,,,,
287,1: male,31.0,3: bachelor,4: active,3: 1500-2500,1: yes,36.0,3,1: work,1: car,10,3,5: recreation,7: walk,17,1.0,5: recreation,7: walk,21.0,,,,,,,,
288,0: feamale,54.0,3: bachelor,4: active,3: 1500-2500,0: no,20.0,1,1: work,2: taxi,8,1,1: work,1: car,6,,,,,,,,,,,,
289,1: male,44.0,3: bachelor,4: active,2: 750-1500,1: yes,17.0,15,1: work,1: car,9,4,1: work,1: car,15,,,,,,,,,,,,
290,1: male,24.0,2: high school,3: student,0: no income,1: yes,31.0,31,5: recreation,1: car,12,32,5: recreation,1: car,19,31.0,2: return home,1: car,2.0,,,,,,,,
291,0: feamale,22.0,3: bachelor,4: active,1: 750 or less,1: yes,18.0,1,5: recreation,4: train,8,1,5: recreation,4: train,14,1.0,5: recreation,2: taxi,22.0,18.0,2: return home,2: taxi,0.0,,,,
292,1: male,26.0,2: high school,3: student,0: no income,1: yes,35.0,15,3: education,1: car,12,35,2: return home,1: car,16,35.0,4: market,1: car,19.0,35.0,2: return home,1: car,19.0,35.0,5: recreation,1: car,21.0
293,1: male,34.0,3: bachelor,4: active,1: 750 or less,1: yes,29.0,35,1: work,4: train,5,35,1: work,4: train,15,,,,,,,,,,,,
294,0: feamale,33.0,3: bachelor,4: active,2: 750-1500,1: yes,1.0,1,5: recreation,1: car,13,1,2: return home,1: car,14,,,,,,,,,,,,
295,0: feamale,45.0,2: high school,4: active,1: 750 or less,0: no,7.0,35,1: work,3: bus,6,7,2: return home,3: bus,16,7.0,4: market,7: walk,16.0,,,,,,,,
296,0: feamale,61.0,4: master or phd,4: active,3: 1500-2500,1: yes,7.0,34,1: work,1: car,10,24,4: market,1: car,19,2.0,7: other,1: car,19.0,7.0,2: return home,1: car,20.0,,,,
297,1: male,19.0,3: bachelor,2: unemployed,0: no income,0: no,15.0,15,3: education,4: train,8,1,3: education,4: train,17,,,,,,,,,,,,
298,1: male,43.0,3: bachelor,4: active,3: 1500-2500,1: yes,1.0,22,1: work,4: train,9,1,2: return home,4: train,14,,,,,,,,,,,,
299,1: male,44.0,4: master or phd,4: active,3: 1500-2500,1: yes,32.0,35,1: work,5: motorcycle,9,22,1: work,5: motorcycle,19,,,,,,,,,,,,
300,0: feamale,46.0,3: bachelor,4: active,2: 750-1500,1: yes,30.0,22,1: work,1: car,9,30,2: return home,1: car,22,,,,,,,,,,,,
301,1: male,36.0,4: master or phd,4: active,3: 1500-2500,1: yes,1.0,1,1: work,4: train,8,1,2: return home,4: train,19,1.0,5: recreation,7: walk,21.0,1.0,2: return home,7: walk,21.0,,,,
302,0: feamale,31.0,3: bachelor,4: active,1: 750 or less,1: yes,25.0,35,1: work,4: train,9,25,2: return home,4: train,19,,,,,,,,,,,,
303,0: feamale,31.0,4: master or phd,4: active,3: 1500-2500,0: no,25.0,1,1: work,2: taxi,9,25,2: return home,2: taxi,19,,,,,,,,,,,,
304,0: feamale,44.0,3: bachelor,4: active,2: 750-1500,1: yes,32.0,26,1: work,1: car,9,22,1: work,1: car,11,,,,,,,,,,,,
305,0: feamale,23.0,2: high school,3: student,0: no income,1: yes,18.0,18,5: recreation,7: walk,17,1,4: market,4: train,14,2.0,5: recreation,1: car,22.0,28.0,1: work,1: car,9.0,,,,
306,1: male,28.0,3: bachelor,4: active,2: 750-1500,1: yes,24.0,35,1: work,4: train,14,31,5: recreation,7: walk,20,,,,,,,,,,,,
307,0: feamale,26.0,4: master or phd,4: active,2: 750-1500,1: yes,20.0,25,1: work,4: train,9,28,4: market,4: train,19,28.0,5: recreation,7: walk,22.0,,,,,,,,
308,0: feamale,46.0,3: bachelor,4: active,2: 750-1500,1: yes,19.0,34,1: work,1: car,8,19,2: return home,1: car,18,19.0,4: market,1: car,18.0,,,,,,,,
309,1: male,29.0,2: high school,3: student,1: 750 or less,0: no,15.0,22,5: recreation,2: taxi,0,15,2: return home,2: taxi,7,,,,,,,,,,,,
310,1: male,84.0,2: high school,1: inactive,2: 750-1500,1: yes,2.0,1,4: market,4: train,11,28,5: recreation,4: train,11,14.0,7: other,3: bus,19.0,,,,,,,,
311,0: feamale,24.0,4: master or phd,4: active,3: 1500-2500,1: yes,35.0,35,7: other,4: train,17,36,5: recreation,4: train,5,,,,,,,,,,,,
312,1: male,62.0,3: bachelor,4: active,2: 750-1500,0: no,31.0,4,1: work,6: bicycle,9,35,4: market,6: bicycle,19,,,,,,,,,,,,
313,0: feamale,38.0,3: bachelor,4: active,2: 750-1500,1: yes,35.0,35,1: work,1: car,13,35,2: return home,1: car,0,,,,,,,,,,,,
314,,22.0,3: bachelor,4: active,2: 750-1500,1: yes,19.0,15,1: work,4: train,9,1,5: recreation,3: bus,18,19.0,2: return home,4: train,22.0,,,,,,,,
315,0: feamale,55.0,4: master or phd,4: active,3: 1500-2500,1: yes,24.0,16,1: work,1: car,10,13,7: other,1: car,18,15.0,7: other,1: car,3.0,13.0,5: recreation,7: walk,16.0,,,,
316,0: feamale,36.0,4: master or phd,4: active,1: 750 or less,1: yes,22.0,34,1: work,1: car,6,22,2: return home,1: car,16,35.0,3: education,1: car,17.0,22.0,2: return home,1: car,17.0,,,,
317,0: feamale,44.0,4: master or phd,4: active,3: 1500-2500,1: yes,22.0,36,1: work,1: car,9,22,2: return home,1: car,17,,,,,,,,,,,,
318,1: male,54.0,2: high school,4: active,4: 2500 or more,1: yes,15.0,15,5: recreation,5: motorcycle,13,29,4: market,5: motorcycle,13,,,,,,,,,,,,
319,1: male,64.0,3: bachelor,4: active,,1: yes,26.0,13,1: work,1: car,7,30,7: other,1: car,13,,,,,,,,,,,,
320,0: feamale,55.0,3: bachelor,4: active,2: 750-1500,1: yes,5.0,35,1: work,1: car,7,5,2: return home,1: car,11,1.0,7: other,1: car,16.0,14.0,5: recreation,1: car,16.0,,,,
321,0: feamale,27.0,2: high school,3: student,1: 750 or less,1: yes,35.0,29,3: education,4: train,9,35,5: recreation,1: car,16,35.0,2: return home,3: bus,18.0,,,,,,,,
322,1: male,19.0,2: high school,3: student,0: no income,0: no,19.0,2,4: market,4: train,9,1,4: market,4: train,12,4.0,5: recreation,4: train,14.0,,,,,,,,
323,1: male,29.0,2: high school,3: student,0: no income,1: yes,19.0,15,3: education,4: train,10,19,2: return home,4: train,15,19.0,5: recreation,7: walk,22.0,,,,,,,,
324,0: feamale,49.0,4: master or phd,4: active,2: 750-1500,1: yes,22.0,29,1: work,4: train,10,1,1: work,4: train,15,22.0,1: work,4: train,18.0,22.0,2: return home,2: taxi,22.0,,,,
325,1: male,36.0,4: master or phd,4: active,,1: yes,1.0,1,5: recreation,4: train,9,1,5: recreation,4: train,11,34.0,5: recreation,7: walk,21.0,,,,,,,,
326,1: male,51.0,4: master or phd,4: active,4: 2500 or more,1: yes,28.0,1,1: work,1: car,9,28,2: return home,1: car,17,,,,,,,,,,,,
327,0: feamale,19.0,2: high school,3: student,0: no income,0: no,18.0,18,7: other,4: train,15,1,3: education,4: train,11,2.0,5: recreation,7: walk,17.0,,,,,,,,
328,0: feamale,53.0,3: bachelor,4: active,2: 750-1500,1: yes,11.0,11,1: work,1: car,6,22,1: work,1: car,6,11.0,2: return home,1: car,19.0,,,,,,,,
329,1: male,27.0,4: master or phd,4: active,2: 750-1500,1: yes,2.0,24,1: work,5: motorcycle,8,24,4: market,5: motorcycle,18,,,,,,,,,,,,
330,1: male,47.0,2: high school,4: active,2: 750-1500,1: yes,7.0,32,1: work,1: car,9,7,2: return home,2: taxi,16,,,,,,,,,,,,
331,1: male,49.0,2: high school,4: active,,1: yes,23.0,17,1: work,4: train,21,10,7: other,4: train,5,34.0,7: other,7: walk,16.0,,,,,,,,
332,1: male,26.0,3: bachelor,3: student,0: no income,1: yes,19.0,1,3: education,4: train,10,19,2: return home,4: train,12,,,,,,,,,,,,
333,1: male,57.0,3: bachelor,4: active,,1: yes,1.0,1,7: other,4: train,18,1,7: other,4: train,18,,,,,,,,,,,,
334,0: feamale,27.0,2: high school,3: student,1: 750 or less,1: yes,15.0,15,3: education,7: walk,10,1,4: market,3: bus,12,,,,,,,,,,,,
335,1: male,26.0,4: master or phd,4: active,3: 1500-2500,0: no,2.0,15,1: work,2: taxi,9,2,2: return home,7: walk,14,30.0,5: recreation,4: train,17.0,1.0,5: recreation,4: train,21.0,2.0,2: return home,7: walk,4.0
336,1: male,20.0,2: high school,3: student,0: no income,1: yes,1.0,1,5: recreation,4: train,21,11,5: recreation,1: car,21,,,,,,,,,,,,
337,0: feamale,39.0,3: bachelor,4: active,2: 750-1500,1: yes,33.0,15,1: work,1: car,16,18,1: work,1: car,21,18.0,5: recreation,1: car,21.0,,,,,,,,
338,0: feamale,29.0,4: master or phd,4: active,3: 1500-2500,1: yes,17.0,22,1: work,1: car,8,36,1: work,1: car,16,22.0,5: recreation,1: car,17.0,,,,,,,,
339,1: male,26.0,3: bachelor,4: active,2: 750-1500,1: yes,31.0,15,1: work,4: train,10,31,2: return home,4: train,19,31.0,5: recreation,1: car,21.0,,,,,,,,
340,1: male,23.0,3: bachelor,4: active,2: 750-1500,1: yes,15.0,15,1: work,1: car,10,7,5: recreation,1: car,17,15.0,2: return home,1: car,20.0,,,,,,,,
341,1: male,38.0,3: bachelor,4: active,2: 750-1500,1: yes,35.0,35,1: work,1: car,10,35,2: return home,1: car,19,7.0,5: recreation,1: car,0.0,,,,,,,,
342,0: feamale,23.0,4: master or phd,4: active,2: 750-1500,1: yes,7.0,22,1: work,1: car,6,7,2: return home,1: car,11,,,,,,,,,,,,
343,1: male,37.0,4: master or phd,4: active,3: 1500-2500,1: yes,7.0,22,1: work,1: car,9,7,2: return home,1: car,16,30.0,5: recreation,4: train,19.0,7.0,2: return home,4: train,4.0,,,,
344,1: male,22.0,2: high school,3: student,0: no income,1: yes,15.0,15,3: education,3: bus,9,11,5: recreation,4: train,18,,,,,,,,,,,,
345,0: feamale,49.0,3: bachelor,4: active,4: 2500 or more,1: yes,17.0,1,3: education,4: train,17,1,5: recreation,7: walk,22,17.0,2: return home,1: car,1.0,,,,,,,,
346,1: male,38.0,3: bachelor,4: active,2: 750-1500,1: yes,10.0,17,1: work,1: car,9,13,1: work,1: car,17,,,,,,,,,,,,
347,0: feamale,19.0,2: high school,4: active,1: 750 or less,1: yes,16.0,7,1: work,4: train,14,16,2: return home,4: train,1,,,,,,,,,,,,
348,0: feamale,25.0,4: master or phd,4: active,2: 750-1500,1: yes,6.0,15,1: work,5: motorcycle,13,18,5: recreation,5: motorcycle,21,,,,,,,,,,,,
349,1: male,24.0,2: high school,3: student,0: no income,1: yes,15.0,15,3: education,1: car,9,15,2: return home,1: car,11,13.0,5: recreation,1: car,22.0,13.0,2: return home,1: car,22.0,,,,
350,1: male,23.0,2: high school,4: active,1: 750 or less,0: no,21.0,28,1: work,5: motorcycle,8,21,2: return home,5: motorcycle,16,,,,,,,,,,,,
351,,26.0,3: bachelor,4: active,2: 750-1500,0: no,18.0,18,5: recreation,4: train,21,28,4: market,4: train,19,28.0,4: market,3: bus,19.0,,,,,,,,
352,1: male,16.0,2: high school,3: student,0: no income,1: yes,30.0,30,4: market,7: walk,12,30,2: return home,3: bus,12,,,,,,,,,,,,
353,0: feamale,16.0,2: high school,3: student,0: no income,1: yes,30.0,30,5: recreation,2: taxi,17,30,2: return home,2: taxi,20,,,,,,,,,,,,
354,1: male,44.0,4: master or phd,4: active,2: 750-1500,1: yes,22.0,3,1: work,4: train,9,22,2: return home,4: train,18,,,,,,,,,,,,
355,0: feamale,23.0,4: master or phd,4: active,2: 750-1500,1: yes,18.0,24,1: work,1: car,9,18,2: return home,1: car,21,28.0,5: recreation,1: car,21.0,,,,,,,,
356,1: male,28.0,3: bachelor,3: student,0: no income,1: yes,5.0,15,3: education,1: car,11,5,2: return home,1: car,17,,,,,,,,,,,,
357,1: male,21.0,2: high school,3: student,0: no income,1: yes,35.0,1,3: education,4: train,14,35,2: return home,4: train,18,35.0,5: recreation,3: bus,22.0,,,,,,,,
358,0: feamale,22.0,2: high school,3: student,0: no income,1: yes,19.0,11,3: education,3: bus,9,19,2: return home,3: bus,18,,,,,,,,,,,,
359,0: feamale,21.0,2: high school,3: student,1: 750 or less,1: yes,19.0,17,3: education,4: train,9,19,2: return home,1: car,17,,,,,,,,,,,,
360,0: feamale,27.0,2: high school,3: student,1: 750 or less,1: yes,1.0,1,5: recreation,4: train,20,19,5: recreation,7: walk,18,,,,,,,,,,,,
361,0: feamale,46.0,3: bachelor,4: active,1: 750 or less,0: no,26.0,13,1: work,3: bus,6,13,1: work,3: bus,6,13.0,1: work,3: bus,6.0,13.0,1: work,3: bus,14.0,13.0,1: work,3: bus,14.0
362,0: feamale,24.0,2: high school,3: student,0: no income,1: yes,11.0,23,3: education,4: train,8,11,2: return home,7: walk,14,,,,,,,,,,,,
363,1: male,25.0,3: bachelor,4: active,,1: yes,35.0,35,5: recreation,1: car,21,20,3: education,1: car,18,,,,,,,,,,,,
364,1: male,25.0,2: high school,3: student,0: no income,1: yes,7.0,32,1: work,4: train,7,18,1: work,4: train,17,,,,,,,,,,,,
365,1: male,33.0,4: master or phd,4: active,2: 750-1500,0: no,2.0,21,5: recreation,6: bicycle,11,2,2: return home,6: bicycle,14,2.0,5: recreation,7: walk,22.0,2.0,2: return home,7: walk,2.0,,,,
366,1: male,60.0,3: bachelor,1: inactive,,1: yes,30.0,30,4: market,7: walk,13,30,2: return home,3: bus,15,,,,,,,,,,,,
367,0: feamale,35.0,4: master or phd,4: active,2: 750-1500,1: yes,21.0,22,1: work,1: car,10,22,1: work,1: car,19,,,,,,,,,,,,
368,1: male,52.0,4: master or phd,4: active,4: 2500 or more,1: yes,17.0,35,1: work,1: car,6,1,4: market,1: car,18,,,,,,,,,,,,
369,1: male,55.0,3: bachelor,4: active,3: 1500-2500,1: yes,30.0,31,1: work,1: car,7,30,2: return home,1: car,16,31.0,1: work,1: car,17.0,30.0,2: return home,1: car,22.0,,,,
370,1: male,36.0,4: master or phd,4: active,2: 750-1500,1: yes,24.0,1,4: market,1: car,17,24,2: return home,1: car,17,,,,,,,,,,,,
371,0: feamale,22.0,4: master or phd,4: active,2: 750-1500,1: yes,12.0,25,1: work,1: car,9,25,5: recreation,1: car,3,25.0,7: other,1: car,17.0,,,,,,,,
372,,36.0,4: master or phd,,1: 750 or less,1: yes,22.0,22,7: other,1: car,15,22,7: other,1: car,15,22.0,4: market,1: car,11.0,,,,,,,,
373,0: feamale,26.0,4: master or phd,4: active,2: 750-1500,1: yes,15.0,1,1: work,3: bus,10,15,2: return home,3: bus,22,6.0,1: work,2: taxi,11.0,,,,,,,,
374,0: feamale,21.0,4: master or phd,4: active,2: 750-1500,1: yes,24.0,3,1: work,1: car,8,24,2: return home,1: car,17,,,,,,,,,,,,
375,0: feamale,35.0,4: master or phd,4: active,2: 750-1500,1: yes,28.0,2,1: work,1: car,5,28,2: return home,1: car,16,,,,,,,,,,,,
376,1: male,19.0,3: bachelor,4: active,2: 750-1500,1: yes,16.0,7,1: work,1: car,10,22,1: work,1: car,19,22.0,5: recreation,1: car,21.0,,,,,,,,
377,1: male,43.0,3: bachelor,4: active,3: 1500-2500,1: yes,29.0,5,1: work,1: car,9,29,2: return home,1: car,14,,,,,,,,,,,,
378,1: male,38.0,4: master or phd,4: active,2: 750-1500,1: yes,1.0,1,5: recreation,1: car,18,6,5: recreation,1: car,22,1.0,2: return home,1: car,4.0,,,,,,,,
379,1: male,32.0,4: master or phd,4: active,4: 2500 or more,1: yes,29.0,29,5: recreation,5: motorcycle,19,15,5: recreation,7: walk,21,,,,,,,,,,,,
380,1: male,44.0,4: master or phd,4: active,4: 2500 or more,1: yes,12.0,1,1: work,1: car,5,22,1: work,1: car,5,3.0,5: recreation,1: car,17.0,3.0,1: work,4: train,13.0,,,,
381,0: feamale,26.0,4: master or phd,4: active,,1: yes,18.0,22,1: work,1: car,8,18,2: return home,1: car,16,,,,,,,,,,,,
382,1: male,27.0,4: master or phd,4: active,2: 750-1500,1: yes,28.0,35,1: work,1: car,9,35,1: work,1: car,9,,,,,,,,,,,,
383,0: feamale,59.0,3: bachelor,4: active,3: 1500-2500,1: yes,3.0,3,7: other,1: car,18,10,5: recreation,4: train,9,,,,,,,,,,,,
384,0: feamale,28.0,4: master or phd,4: active,2: 750-1500,1: yes,26.0,26,5: recreation,7: walk,16,26,5: recreation,7: walk,16,,,,,,,,,,,,
385,0: feamale,23.0,3: bachelor,4: active,2: 750-1500,1: yes,15.0,11,1: work,1: car,6,15,2: return home,1: car,20,1.0,5: recreation,1: car,2.0,,,,,,,,
386,1: male,21.0,4: master or phd,4: active,2: 750-1500,1: yes,15.0,11,1: work,1: car,8,14,1: work,1: car,18,,,,,,,,,,,,
387,1: male,36.0,3: bachelor,4: active,2: 750-1500,1: yes,8.0,18,1: work,1: car,10,24,1: work,1: car,10,18.0,1: work,1: car,13.0,28.0,4: market,1: car,13.0,18.0,1: work,1: car,16.0
388,1: male,18.0,4: master or phd,4: active,2: 750-1500,1: yes,21.0,17,1: work,5: motorcycle,10,30,3: education,5: motorcycle,18,21.0,2: return home,5: motorcycle,21.0,23.0,5: recreation,7: walk,21.0,21.0,2: return home,7: walk,4.0
389,0: feamale,29.0,4: master or phd,4: active,2: 750-1500,1: yes,29.0,15,1: work,1: car,13,29,2: return home,1: car,16,24.0,5: recreation,1: car,20.0,29.0,2: return home,1: car,2.0,,,,
390,0: feamale,41.0,3: bachelor,4: active,1: 750 or less,1: yes,12.0,31,1: work,4: train,5,31,1: work,4: train,5,12.0,2: return home,4: train,14.0,,,,,,,,
391,0: feamale,42.0,4: master or phd,4: active,3: 1500-2500,1: yes,19.0,32,1: work,1: car,5,19,2: return home,1: car,20,,,,,,,,,,,,
392,1: male,18.0,3: bachelor,4: active,2: 750-1500,1: yes,22.0,1,1: work,4: train,9,22,2: return home,4: train,19,,,,,,,,,,,,
393,0: feamale,19.0,4: master or phd,4: active,2: 750-1500,1: yes,6.0,1,1: work,7: walk,6,6,2: return home,7: walk,14,1.0,7: other,7: walk,19.0,1.0,5: recreation,7: walk,22.0,6.0,2: return home,7: walk,3.0
394,0: feamale,28.0,2: high school,3: student,0: no income,1: yes,16.0,16,5: recreation,7: walk,16,20,5: recreation,6: bicycle,16,22.0,5: recreation,2: taxi,20.0,,,,,,,,
395,0: feamale,21.0,3: bachelor,4: active,2: 750-1500,1: yes,8.0,7,1: work,1: car,9,1,5: recreation,1: car,21,,,,,,,,,,,,
396,0: feamale,28.0,4: master or phd,4: active,1: 750 or less,1: yes,19.0,19,1: work,3: bus,9,2,1: work,3: bus,9,1.0,5: recreation,4: train,19.0,19.0,2: return home,3: bus,22.0,,,,
397,0: feamale,18.0,3: bachelor,4: active,2: 750-1500,1: yes,7.0,7,1: work,7: walk,9,7,5: recreation,7: walk,20,,,,,,,,,,,,
398,1: male,29.0,2: high school,4: active,0: no income,1: yes,21.0,14,1: work,3: bus,7,2,1: work,3: bus,7,,,,,,,,,,,,
399,1: male,20.0,3: bachelor,4: active,1: 750 or less,0: no,1.0,22,1: work,4: train,16,1,2: return home,4: train,21,15.0,3: education,3: bus,10.0,,,,,,,,
400,1: male,36.0,2: high school,4: active,2: 750-1500,0: no,6.0,6,1: work,5: motorcycle,7,19,7: other,5: motorcycle,17,35.0,5: recreation,5: motorcycle,20.0,6.0,2: return home,5: motorcycle,20.0,,,,
401,0: feamale,57.0,3: bachelor,4: active,2: 750-1500,1: yes,1.0,25,1: work,4: train,8,1,2: return home,4: train,19,,,,,,,,,,,,
402,1: male,27.0,4: master or phd,4: active,2: 750-1500,1: yes,11.0,34,1: work,1: car,18,21,1: work,1: car,21,,,,,,,,,,,,
403,0: feamale,56.0,3: bachelor,1: inactive,2: 750-1500,1: yes,1.0,1,4: market,4: train,11,1,4: market,4: train,11,,,,,,,,,,,,
404,0: feamale,29.0,4: master or phd,4: active,2: 750-1500,1: yes,1.0,13,1: work,1: car,10,29,5: recreation,1: car,20,,,,,,,,,,,,
405,0: feamale,29.0,4: master or phd,4: active,2: 750-1500,1: yes,22.0,32,1: work,3: bus,8,1,1: work,4: train,8,,,,,,,,,,,,
406,0: feamale,29.0,2: high school,3: student,1: 750 or less,0: no,8.0,8,5: recreation,7: walk,19,15,3: education,4: train,8,8.0,2: return home,4: train,19.0,,,,,,,,
407,0: feamale,22.0,2: high school,3: student,0: no income,0: no,4.0,30,3: education,4: train,15,4,2: return home,4: train,19,,,,,,,,,,,,
408,0: feamale,31.0,4: master or phd,4: active,3: 1500-2500,1: yes,19.0,13,1: work,1: car,10,16,5: recreation,1: car,15,,,,,,,,,,,,
409,1: male,65.0,2: high school,1: inactive,1: 750 or less,1: yes,3.0,5,7: other,3: bus,10,3,2: return home,4: train,11,,,,,,,,,,,,
410,1: male,16.0,2: high school,3: student,0: no income,1: yes,5.0,5,3: education,7: walk,7,5,2: return home,7: walk,14,14.0,5: recreation,1: car,17.0,5.0,2: return home,1: car,21.0,,,,
411,0: feamale,19.0,3: bachelor,4: active,,1: yes,35.0,35,3: education,4: train,16,24,1: work,4: train,16,,,,,,,,,,,,
412,0: feamale,52.0,3: bachelor,4: active,3: 1500-2500,1: yes,1.0,1,1: work,1: car,6,1,2: return home,1: car,15,,,,,,,,,,,,
413,0: feamale,27.0,4: master or phd,4: active,2: 750-1500,1: yes,7.0,22,1: work,1: car,6,7,2: return home,1: car,12,30.0,1: work,1: car,16.0,7.0,2: return home,1: car,4.0,,,,
414,0: feamale,19.0,4: master or phd,4: active,2: 750-1500,1: yes,1.0,1,5: recreation,7: walk,12,1,2: return home,7: walk,15,16.0,5: recreation,2: taxi,21.0,1.0,5: recreation,2: taxi,1.0,,,,
415,1: male,25.0,2: high school,3: student,1: 750 or less,1: yes,14.0,30,5: recreation,3: bus,13,14,2: return home,3: bus,21,12.0,5: recreation,3: bus,13.0,30.0,5: recreation,3: bus,19.0,,,,
416,0: feamale,41.0,4: master or phd,4: active,,1: yes,1.0,17,5: recreation,1: car,18,1,2: return home,1: car,20,,,,,,,,,,,,
417,0: feamale,51.0,4: master or phd,4: active,3: 1500-2500,1: yes,35.0,1,1: work,1: car,13,1,1: work,1: car,18,,,,,,,,,,,,
418,0: feamale,19.0,4: master or phd,4: active,2: 750-1500,1: yes,8.0,35,1: work,1: car,6,8,2: return home,1: car,17,,,,,,,,,,,,
419,0: feamale,28.0,3: bachelor,4: active,1: 750 or less,0: no,11.0,18,1: work,4: train,8,11,2: return home,4: train,17,,,,,,,,,,,,
420,0: feamale,19.0,3: bachelor,4: active,3: 1500-2500,1: yes,1.0,1,5: recreation,3: bus,22,35,5: recreation,3: bus,22,,,,,,,,,,,,
421,0: feamale,23.0,3: bachelor,4: active,2: 750-1500,1: yes,15.0,2,1: work,7: walk,10,15,2: return home,7: walk,18,15.0,4: market,7: walk,21.0,,,,,,,,
422,0: feamale,56.0,4: master or phd,4: active,2: 750-1500,0: no,7.0,7,1: work,5: motorcycle,16,6,1: work,5: motorcycle,10,1.0,4: market,5: motorcycle,16.0,7.0,2: return home,5: motorcycle,18.0,,,,
423,1: male,35.0,4: master or phd,4: active,3: 1500-2500,1: yes,25.0,34,1: work,1: car,8,25,2: return home,1: car,15,1.0,5: recreation,1: car,21.0,25.0,2: return home,1: car,3.0,,,,
424,0: feamale,19.0,3: bachelor,4: active,2: 750-1500,1: yes,18.0,18,5: recreation,1: car,21,13,7: other,1: car,21,,,,,,,,,,,,
425,1: male,22.0,2: high school,3: student,0: no income,0: no,25.0,25,5: recreation,4: train,18,18,5: recreation,4: train,18,,,,,,,,,,,,
426,0: feamale,28.0,2: high school,3: student,1: 750 or less,0: no,21.0,15,3: education,2: taxi,14,21,2: return home,3: bus,17,,,,,,,,,,,,
427,0: feamale,22.0,2: high school,3: student,0: no income,1: yes,30.0,15,3: education,4: train,10,30,2: return home,4: train,15,30.0,6: service,4: train,19.0,,,,,,,,
428,0: feamale,26.0,3: bachelor,4: active,3: 1500-2500,1: yes,16.0,12,1: work,1: car,10,22,1: work,1: car,16,,,,,,,,,,,,
429,1: male,43.0,4: master or phd,4: active,2: 750-1500,1: yes,11.0,7,1: work,4: train,10,6,4: market,4: train,13,,,,,,,,,,,,
430,0: feamale,43.0,4: master or phd,4: active,3: 1500-2500,1: yes,7.0,1,1: work,4: train,10,7,2: return home,4: train,17,,,,,,,,,,,,
431,0: feamale,25.0,4: master or phd,4: active,2: 750-1500,1: yes,22.0,22,5: recreation,1: car,15,28,5: recreation,1: car,19,,,,,,,,,,,,
432,0: feamale,27.0,3: bachelor,4: active,1: 750 or less,1: yes,4.0,17,1: work,4: train,15,4,2: return home,4: train,22,,,,,,,,,,,,
433,0: feamale,27.0,4: master or phd,4: active,2: 750-1500,1: yes,1.0,1,1: work,1: car,10,1,2: return home,1: car,15,,,,,,,,,,,,
434,0: feamale,35.0,3: bachelor,4: active,3: 1500-2500,1: yes,35.0,22,1: work,1: car,8,35,2: return home,1: car,17,,,,,,,,,,,,
435,0: feamale,29.0,2: high school,4: active,1: 750 or less,1: yes,22.0,22,1: work,1: car,9,22,2: return home,1: car,16,22.0,5: recreation,1: car,17.0,22.0,5: recreation,1: car,22.0,22.0,2: return home,1: car,3.0
436,1: male,35.0,4: master or phd,4: active,,1: yes,21.0,1,5: recreation,3: bus,19,21,2: return home,3: bus,19,,,,,,,,,,,,
437,0: feamale,22.0,3: bachelor,4: active,1: 750 or less,1: yes,15.0,16,3: education,3: bus,9,15,2: return home,3: bus,17,16.0,5: recreation,4: train,17.0,18.0,2: return home,4: train,20.0,,,,
438,0: feamale,36.0,2: high school,2: unemployed,1: 750 or less,0: no,1.0,32,4: market,4: train,18,1,2: return home,4: train,18,,,,,,,,,,,,
439,1: male,24.0,3: bachelor,4: active,,1: yes,32.0,22,1: work,1: car,9,35,5: recreation,1: car,17,,,,,,,,,,,,
440,1: male,32.0,2: high school,4: active,2: 750-1500,1: yes,30.0,4,1: work,4: train,7,2,1: work,4: train,11,,,,,,,,,,,,
441,0: feamale,28.0,2: high school,3: student,1: 750 or less,1: yes,18.0,11,3: education,4: train,9,1,5: recreation,4: train,20,18.0,2: return home,4: train,1.0,,,,,,,,
442,0: feamale,41.0,2: high school,4: active,1: 750 or less,0: no,21.0,21,1: work,3: bus,7,21,2: return home,4: train,16,,,,,,,,,,,,
443,0: feamale,20.0,3: bachelor,4: active,2: 750-1500,1: yes,31.0,29,1: work,4: train,7,31,2: return home,4: train,15,28.0,5: recreation,1: car,17.0,31.0,2: return home,1: car,17.0,35.0,4: market,4: train,17.0
444,0: feamale,45.0,4: master or phd,2: unemployed,2: 750-1500,1: yes,30.0,30,7: other,7: walk,8,31,7: other,7: walk,12,,,,,,,,,,,,
445,0: feamale,34.0,3: bachelor,4: active,2: 750-1500,1: yes,8.0,2,1: work,3: bus,5,11,7: other,4: train,19,8.0,2: return home,3: bus,22.0,,,,,,,,
446,0: feamale,28.0,3: bachelor,3: student,1: 750 or less,1: yes,12.0,12,5: recreation,1: car,19,12,2: return home,1: car,3,,,,,,,,,,,,
447,0: feamale,34.0,4: master or phd,4: active,3: 1500-2500,1: yes,34.0,13,7: other,2: taxi,18,34,2: return home,2: taxi,20,34.0,2: return home,2: taxi,20.0,,,,,,,,
448,1: male,27.0,3: bachelor,4: active,1: 750 or less,1: yes,4.0,4,5: recreation,1: car,12,19,5: recreation,1: car,14,,,,,,,,,,,,
449,0: feamale,27.0,3: bachelor,4: active,1: 750 or less,1: yes,24.0,9,1: work,1: car,9,24,2: return home,1: car,18,32.0,5: recreation,1: car,21.0,,,,,,,,
450,0: feamale,49.0,4: master or phd,4: active,2: 750-1500,1: yes,4.0,4,1: work,7: walk,13,4,2: return home,7: walk,17,4.0,4: market,7: walk,17.0,,,,,,,,
451,0: feamale,36.0,4: master or phd,4: active,2: 750-1500,0: no,5.0,26,5: recreation,3: bus,17,5,2: return home,7: walk,17,,,,,,,,,,,,
452,0: feamale,36.0,3: bachelor,4: active,1: 750 or less,1: yes,18.0,21,1: work,3: bus,10,30,1: work,3: bus,22,,,,,,,,,,,,
453,1: male,24.0,4: master or phd,4: active,2: 750-1500,1: yes,31.0,22,1: work,1: car,8,31,2: return home,1: car,17,31.0,5: recreation,7: walk,17.0,31.0,2: return home,7: walk,17.0,,,,
454,0: feamale,21.0,3: bachelor,4: active,2: 750-1500,1: yes,13.0,1,4: market,7: walk,15,13,2: return home,7: walk,21,,,,,,,,,,,,
455,0: feamale,21.0,3: bachelor,4: active,2: 750-1500,1: yes,20.0,24,1: work,4: train,16,16,1: work,4: train,16,,,,,,,,,,,,
456,0: feamale,39.0,3: bachelor,4: active,1: 750 or less,1: yes,24.0,24,1: work,1: car,8,24,2: return home,1: car,17,,,,,,,,,,,,
457,1: male,39.0,4: master or phd,4: active,2: 750-1500,0: no,32.0,32,5: recreation,5: motorcycle,19,32,2: return home,5: motorcycle,19,,,,,,,,,,,,
458,1: male,62.0,3: bachelor,4: active,4: 2500 or more,1: yes,12.0,12,5: recreation,1: car,17,12,4: market,1: car,11,,,,,,,,,,,,
459,0: feamale,61.0,3: bachelor,1: inactive,2: 750-1500,1: yes,2.0,1,5: recreation,3: bus,13,2,2: return home,3: bus,19,2.0,7: other,7: walk,22.0,2.0,2: return home,7: walk,1.0,,,,
460,1: male,56.0,3: bachelor,1: inactive,2: 750-1500,1: yes,2.0,30,5: recreation,1: car,14,2,2: return home,1: car,19,,,,,,,,,,,,
461,0: feamale,43.0,2: high school,4: active,2: 750-1500,1: yes,9.0,22,1: work,1: car,7,9,2: return home,1: car,15,25.0,7: other,1: car,21.0,,,,,,,,
462,0: feamale,27.0,3: bachelor,4: active,2: 750-1500,0: no,32.0,32,1: work,7: walk,9,35,1: work,4: train,9,32.0,2: return home,4: train,17.0,,,,,,,,
463,0: feamale,37.0,4: master or phd,4: active,2: 750-1500,1: yes,24.0,22,1: work,1: car,10,22,4: market,1: car,18,,,,,,,,,,,,
464,1: male,62.0,4: master or phd,4: active,,1: yes,26.0,26,7: other,1: car,17,26,2: return home,1: car,17,,,,,,,,,,,,
465,0: feamale,20.0,3: bachelor,4: active,1: 750 or less,1: yes,22.0,22,5: recreation,1: car,22,22,2: return home,1: car,2,,,,,,,,,,,,
466,0: feamale,23.0,4: master or phd,4: active,2: 750-1500,1: yes,35.0,1,5: recreation,4: train,13,35,2: return home,4: train,20,,,,,,,,,,,,
467,1: male,19.0,3: bachelor,4: active,2: 750-1500,1: yes,18.0,15,7: other,1: car,10,18,2: return home,1: car,10,,,,,,,,,,,,
468,0: feamale,45.0,2: high school,4: active,2: 750-1500,1: yes,7.0,4,1: work,7: walk,6,7,2: return home,2: taxi,17,,,,,,,,,,,,
469,1: male,28.0,3: bachelor,4: active,3: 1500-2500,0: no,7.0,25,1: work,4: train,9,7,2: return home,4: train,21,,,,,,,,,,,,
470,0: feamale,29.0,4: master or phd,4: active,2: 750-1500,1: yes,30.0,15,1: work,4: train,10,30,2: return home,4: train,18,,,,,,,,,,,,
471,1: male,26.0,2: high school,4: active,1: 750 or less,1: yes,4.0,1,1: work,3: bus,12,4,2: return home,3: bus,20,,,,,,,,,,,,
472,1: male,25.0,3: bachelor,2: unemployed,0: no income,0: no,16.0,16,5: recreation,7: walk,16,16,5: recreation,7: walk,16,,,,,,,,,,,,
473,1: male,38.0,3: bachelor,4: active,1: 750 or less,1: yes,35.0,35,7: other,4: train,15,35,1: work,3: bus,8,35.0,7: other,4: train,17.0,,,,,,,,
474,0: feamale,18.0,2: high school,3: student,2: 750-1500,1: yes,8.0,8,1: work,3: bus,10,8,3: education,4: train,10,8.0,4: market,3: bus,13.0,8.0,2: return home,3: bus,18.0,,,,
475,1: male,26.0,3: bachelor,3: student,0: no income,0: no,7.0,35,1: work,4: train,8,7,2: return home,4: train,18,35.0,7: other,3: bus,21.0,,,,,,,,
476,0: feamale,35.0,3: bachelor,4: active,1: 750 or less,1: yes,17.0,36,7: other,1: car,15,17,2: return home,1: car,15,,,,,,,,,,,,
477,0: feamale,64.0,3: bachelor,4: active,2: 750-1500,1: yes,7.0,21,1: work,4: train,7,7,2: return home,4: train,16,,,,,,,,,,,,
478,0: feamale,33.0,3: bachelor,4: active,1: 750 or less,0: no,21.0,28,1: work,3: bus,20,21,2: return home,3: bus,5,21.0,7: other,7: walk,14.0,,,,,,,,
479,0: feamale,24.0,4: master or phd,4: active,3: 1500-2500,1: yes,2.0,29,1: work,1: car,8,34,5: recreation,1: car,19,2.0,2: return home,1: car,4.0,,,,,,,,
480,1: male,31.0,4: master or phd,4: active,4: 2500 or more,1: yes,22.0,2,1: work,1: car,8,24,1: work,1: car,16,22.0,7: other,1: car,17.0,20.0,5: recreation,1: car,22.0,22.0,2: return home,1: car,1.0
481,0: feamale,29.0,3: bachelor,4: active,2: 750-1500,1: yes,30.0,30,1: work,7: walk,7,30,2: return home,7: walk,19,,,,,,,,,,,,
482,1: male,22.0,4: master or phd,4: active,3: 1500-2500,1: yes,26.0,15,1: work,1: car,9,11,1: work,1: car,18,,,,,,,,,,,,
483,0: feamale,25.0,3: bachelor,4: active,2: 750-1500,1: yes,12.0,7,1: work,1: car,10,7,1: work,1: car,16,1.0,5: recreation,4: train,20.0,,,,,,,,
484,0: feamale,26.0,4: master or phd,4: active,2: 750-1500,1: yes,20.0,29,1: work,1: car,6,2,5: recreation,1: car,16,20.0,2: return home,1: car,17.0,,,,,,,,
485,1: male,24.0,2: high school,3: student,1: 750 or less,1: yes,36.0,11,3: education,3: bus,8,36,2: return home,3: bus,11,,,,,,,,,,,,
486,0: feamale,21.0,3: bachelor,4: active,2: 750-1500,1: yes,22.0,22,7: other,1: car,11,14,1: work,1: car,11,32.0,5: recreation,1: car,20.0,,,,,,,,
487,0: feamale,24.0,3: bachelor,4: active,1: 750 or less,0: no,14.0,22,1: work,1: car,19,35,4: market,1: car,19,,,,,,,,,,,,
488,0: feamale,26.0,3: bachelor,4: active,2: 750-1500,1: yes,36.0,36,5: recreation,1: car,18,36,4: market,1: car,22,,,,,,,,,,,,
489,0: feamale,45.0,4: master or phd,4: active,,0: no,7.0,7,7: other,5: motorcycle,9,1,6: service,5: motorcycle,13,2.0,4: market,5: motorcycle,13.0,,,,,,,,
490,0: feamale,27.0,4: master or phd,3: student,1: 750 or less,1: yes,4.0,3,1: work,1: car,6,4,2: return home,1: car,14,2.0,5: recreation,1: car,22.0,,,,,,,,
491,1: male,49.0,4: master or phd,4: active,,1: yes,26.0,22,1: work,1: car,8,2,1: work,1: car,16,2.0,5: recreation,7: walk,21.0,,,,,,,,
492,0: feamale,32.0,4: master or phd,4: active,2: 750-1500,0: no,2.0,3,1: work,7: walk,10,2,2: return home,7: walk,18,1.0,5: recreation,2: taxi,22.0,,,,,,,,
493,1: male,62.0,2: high school,,2: 750-1500,1: yes,35.0,2,1: work,1: car,8,35,2: return home,1: car,18,,,,,,,,,,,,
494,0: feamale,43.0,4: master or phd,4: active,3: 1500-2500,1: yes,1.0,1,1: work,7: walk,6,1,1: work,7: walk,15,1.0,4: market,1: car,18.0,,,,,,,,
495,1: male,38.0,3: bachelor,4: active,2: 750-1500,1: yes,5.0,18,1: work,1: car,10,11,1: work,1: car,19,16.0,5: recreation,7: walk,19.0,,,,,,,,
496,0: feamale,27.0,3: bachelor,3: student,0: no income,1: yes,1.0,1,3: education,4: train,12,1,5: recreation,7: walk,14,4.0,5: recreation,1: car,22.0,,,,,,,,
497,0: feamale,55.0,3: bachelor,2: unemployed,1: 750 or less,0: no,1.0,1,5: recreation,3: bus,21,1,4: market,7: walk,9,,,,,,,,,,,,
498,1: male,29.0,3: bachelor,4: active,2: 750-1500,1: yes,34.0,35,1: work,1: car,10,34,2: return home,1: car,21,,,,,,,,,,,,
499,0: feamale,63.0,4: master or phd,4: active,2: 750-1500,1: yes,20.0,1,7: other,1: car,8,3,1: work,1: car,12,20.0,2: return home,1: car,19.0,,,,,,,,
500,0: feamale,60.0,4: master or phd,1: inactive,1: 750 or less,1: yes,15.0,34,7: other,1: car,8,2,4: market,1: car,18,15.0,2: return home,1: car,20.0,,,,,,,,
501,0: feamale,31.0,3: bachelor,4: active,2: 750-1500,0: no,2.0,2,5: recreation,7: walk,10,1,7: other,7: walk,11,1.0,1: work,6: bicycle,19.0,2.0,2: return home,6: bicycle,21.0,,,,
502,0: feamale,56.0,3: bachelor,4: active,3: 1500-2500,1: yes,20.0,35,1: work,1: car,9,20,2: return home,1: car,19,,,,,,,,,,,,
503,1: male,43.0,4: master or phd,4: active,2: 750-1500,1: yes,1.0,1,1: work,7: walk,7,13,7: other,1: car,18,,,,,,,,,,,,
504,1: male,57.0,3: bachelor,4: active,2: 750-1500,1: yes,24.0,2,1: work,5: motorcycle,6,1,5: recreation,6: bicycle,17,,,,,,,,,,,,
505,0: feamale,25.0,3: bachelor,4: active,2: 750-1500,1: yes,18.0,18,7: other,4: train,13,18,2: return home,4: train,13,,,,,,,,,,,,
506,0: feamale,29.0,2: high school,3: student,0: no income,1: yes,2.0,30,3: education,4: train,5,2,2: return home,3: bus,11,,,,,,,,,,,,
507,0: feamale,22.0,4: master or phd,4: active,1: 750 or less,0: no,15.0,22,1: work,3: bus,14,15,2: return home,3: bus,21,4.0,6: service,3: bus,11.0,,,,,,,,
508,1: male,31.0,4: master or phd,4: active,3: 1500-2500,1: yes,2.0,30,1: work,1: car,10,2,2: return home,1: car,19,12.0,7: other,1: car,11.0,,,,,,,,
509,0: feamale,39.0,4: master or phd,4: active,3: 1500-2500,1: yes,28.0,7,1: work,1: car,8,22,5: recreation,1: car,17,28.0,2: return home,1: car,22.0,,,,,,,,
510,1: male,39.0,4: master or phd,4: active,2: 750-1500,0: no,2.0,15,1: work,3: bus,8,1,4: market,4: train,15,2.0,2: return home,7: walk,19.0,,,,,,,,
511,0: feamale,47.0,3: bachelor,1: inactive,,0: no,28.0,28,5: recreation,2: taxi,16,28,4: market,7: walk,20,,,,,,,,,,,,
512,0: feamale,25.0,4: master or phd,4: active,3: 1500-2500,1: yes,7.0,1,1: work,1: car,8,28,1: work,1: car,18,,,,,,,,,,,,
513,0: feamale,55.0,3: bachelor,1: inactive,1: 750 or less,1: yes,2.0,13,7: other,2: taxi,10,2,2: return home,3: bus,12,,,,,,,,,,,,
514,0: feamale,62.0,4: master or phd,4: active,2: 750-1500,0: no,5.0,5,7: other,7: walk,11,6,7: other,7: walk,14,6.0,4: market,7: walk,19.0,,,,,,,,
515,0: feamale,48.0,2: high school,4: active,2: 750-1500,1: yes,6.0,7,1: work,5: motorcycle,9,6,2: return home,5: motorcycle,17,6.0,4: market,7: walk,17.0,,,,,,,,
516,1: male,58.0,3: bachelor,4: active,2: 750-1500,1: yes,15.0,7,1: work,1: car,10,6,1: work,1: car,14,,,,,,,,,,,,
517,1: male,21.0,2: high school,4: active,1: 750 or less,1: yes,16.0,16,3: education,7: walk,19,1,1: work,7: walk,7,,,,,,,,,,,,
518,1: male,24.0,3: bachelor,4: active,2: 750-1500,1: yes,15.0,1,1: work,5: motorcycle,10,15,2: return home,5: motorcycle,19,18.0,5: recreation,5: motorcycle,19.0,30.0,5: recreation,5: motorcycle,22.0,,,,
519,0: feamale,39.0,2: high school,4: active,1: 750 or less,0: no,14.0,23,1: work,6: bicycle,8,21,1: work,6: bicycle,14,,,,,,,,,,,,
520,0: feamale,38.0,3: bachelor,4: active,1: 750 or less,1: yes,6.0,6,4: market,7: walk,14,6,7: other,7: walk,14,,,,,,,,,,,,
521,1: male,23.0,4: master or phd,4: active,2: 750-1500,1: yes,20.0,15,1: work,1: car,8,10,7: other,1: car,8,,,,,,,,,,,,
522,0: feamale,31.0,4: master or phd,4: active,2: 750-1500,1: yes,7.0,15,1: work,3: bus,9,7,2: return home,3: bus,17,7.0,5: recreation,7: walk,22.0,7.0,2: return home,7: walk,4.0,,,,
523,1: male,20.0,2: high school,3: student,0: no income,1: yes,15.0,15,5: recreation,3: bus,13,15,2: return home,7: walk,3,1.0,2: return home,2: taxi,21.0,,,,,,,,
524,0: feamale,18.0,2: high school,3: student,1: 750 or less,1: yes,15.0,34,5: recreation,5: motorcycle,14,21,7: other,5: motorcycle,17,15.0,2: return home,5: motorcycle,22.0,25.0,5: recreation,5: motorcycle,22.0,11.0,5: recreation,4: train,22.0
525,0: feamale,56.0,3: bachelor,4: active,2: 750-1500,1: yes,7.0,1,5: recreation,1: car,20,7,2: return home,1: car,1,,,,,,,,,,,,
526,1: male,22.0,2: high school,3: student,1: 750 or less,0: no,15.0,15,7: other,7: walk,16,7,5: recreation,3: bus,21,,,,,,,,,,,,
527,1: male,42.0,4: master or phd,4: active,2: 750-1500,1: yes,30.0,24,1: work,1: car,9,7,7: other,1: car,18,30.0,2: return home,1: car,18.0,,,,,,,,
528,0: feamale,20.0,3: bachelor,4: active,2: 750-1500,1: yes,25.0,24,1: work,4: train,10,24,1: work,4: train,5,15.0,1: work,4: train,20.0,,,,,,,,
529,0: feamale,28.0,3: bachelor,4: active,2: 750-1500,1: yes,1.0,1,5: recreation,7: walk,20,15,5: recreation,7: walk,20,,,,,,,,,,,,
530,1: male,22.0,4: master or phd,4: active,2: 750-1500,1: yes,35.0,35,5: recreation,1: car,18,36,1: work,1: car,8,,,,,,,,,,,,
531,1: male,29.0,4: master or phd,4: active,2: 750-1500,1: yes,3.0,1,1: work,4: train,8,3,2: return home,4: train,17,,,,,,,,,,,,
532,1: male,63.0,3: bachelor,1: inactive,2: 750-1500,1: yes,21.0,21,7: other,1: car,11,2,4: market,1: car,11,,,,,,,,,,,,
533,0: feamale,60.0,2: high school,1: inactive,1: 750 or less,1: yes,14.0,14,7: other,7: walk,18,14,7: other,7: walk,18,14.0,4: market,1: car,14.0,,,,,,,,
534,0: feamale,73.0,4: master or phd,1: inactive,2: 750-1500,1: yes,1.0,1,4: market,7: walk,11,1,7: other,1: car,15,,,,,,,,,,,,
535,0: feamale,55.0,3: bachelor,4: active,2: 750-1500,1: yes,36.0,36,1: work,1: car,10,36,2: return home,1: car,14,,,,,,,,,,,,
536,0: feamale,42.0,4: master or phd,4: active,3: 1500-2500,1: yes,15.0,1,4: market,3: bus,18,6,1: work,7: walk,10,,,,,,,,,,,,
537,0: feamale,33.0,2: high school,2: unemployed,0: no income,1: yes,1.0,12,5: recreation,1: car,11,1,2: return home,1: car,16,1.0,5: recreation,2: taxi,20.0,1.0,2: return home,1: car,3.0,,,,
538,0: feamale,26.0,4: master or phd,4: active,2: 750-1500,1: yes,24.0,22,1: work,4: train,8,24,2: return home,4: train,17,,,,,,,,,,,,
539,0: feamale,20.0,2: high school,3: student,0: no income,1: yes,7.0,15,3: education,3: bus,8,7,2: return home,3: bus,17,1.0,5: recreation,4: train,20.0,,,,,,,,
540,1: male,36.0,4: master or phd,4: active,3: 1500-2500,1: yes,7.0,29,7: other,1: car,19,7,5: recreation,1: car,19,7.0,2: return home,1: car,21.0,,,,,,,,
541,0: feamale,29.0,4: master or phd,4: active,1: 750 or less,1: yes,36.0,2,1: work,4: train,13,2,1: work,4: train,13,,,,,,,,,,,,
542,1: male,21.0,4: master or phd,4: active,2: 750-1500,1: yes,22.0,22,7: other,1: car,9,22,2: return home,1: car,20,,,,,,,,,,,,
543,0: feamale,31.0,3: bachelor,4: active,1: 750 or less,1: yes,24.0,15,1: work,5: motorcycle,15,13,1: work,5: motorcycle,15,24.0,1: work,5: motorcycle,22.0,,,,,,,,
544,0: feamale,61.0,3: bachelor,1: inactive,2: 750-1500,1: yes,25.0,1,5: recreation,4: train,13,25,2: return home,4: train,15,,,,,,,,,,,,
545,0: feamale,23.0,4: master or phd,4: active,2: 750-1500,0: no,15.0,36,1: work,4: train,9,15,2: return home,4: train,19,,,,,,,,,,,,
546,1: male,,3: bachelor,2: unemployed,0: no income,1: yes,7.0,12,1: work,1: car,9,7,1: work,1: car,17,7.0,4: market,7: walk,17.0,7.0,2: return home,7: walk,17.0,7.0,5: recreation,7: walk,20.0
547,1: male,20.0,4: master or phd,4: active,1: 750 or less,1: yes,10.0,18,1: work,1: car,14,25,1: work,1: car,14,28.0,1: work,1: car,17.0,,,,,,,,
548,0: feamale,46.0,3: bachelor,4: active,2: 750-1500,1: yes,8.0,23,1: work,1: car,9,6,4: market,1: car,15,,,,,,,,,,,,
549,0: feamale,24.0,2: high school,3: student,0: no income,1: yes,15.0,15,3: education,3: bus,8,11,5: recreation,4: train,22,13.0,5: recreation,3: bus,19.0,1.0,4: market,4: train,16.0,7.0,5: recreation,3: bus,19.0
550,1: male,54.0,3: bachelor,1: inactive,2: 750-1500,1: yes,2.0,1,4: market,7: walk,11,2,2: return home,7: walk,11,,,,,,,,,,,,
551,0: feamale,70.0,2: high school,1: inactive,2: 750-1500,0: no,34.0,34,7: other,2: taxi,11,29,1: work,2: taxi,6,,,,,,,,,,,,
552,0: feamale,38.0,3: bachelor,4: active,3: 1500-2500,0: no,13.0,15,1: work,3: bus,8,1,1: work,3: bus,17,,,,,,,,,,,,
553,1: male,32.0,4: master or phd,4: active,3: 1500-2500,0: no,1.0,1,1: work,3: bus,10,1,5: recreation,2: taxi,22,1.0,2: return home,7: walk,17.0,1.0,2: return home,2: taxi,0.0,,,,
554,0: feamale,36.0,4: master or phd,4: active,3: 1500-2500,1: yes,28.0,1,1: work,1: car,9,7,7: other,1: car,16,28.0,2: return home,1: car,19.0,,,,,,,,
555,0: feamale,47.0,4: master or phd,4: active,3: 1500-2500,1: yes,1.0,15,1: work,1: car,8,1,2: return home,1: car,21,2.0,5: recreation,7: walk,21.0,1.0,2: return home,1: car,3.0,,,,
556,1: male,45.0,4: master or phd,4: active,3: 1500-2500,1: yes,30.0,36,1: work,1: car,6,19,1: work,1: car,9,22.0,4: market,1: car,13.0,24.0,7: other,2: taxi,15.0,,,,
557,1: male,47.0,4: master or phd,4: active,2: 750-1500,0: no,35.0,29,1: work,4: train,7,35,2: return home,4: train,16,,,,,,,,,,,,
558,0: feamale,51.0,4: master or phd,4: active,3: 1500-2500,0: no,15.0,1,1: work,2: taxi,6,2,4: market,2: taxi,12,,,,,,,,,,,,
559,1: male,59.0,2: high school,4: active,2: 750-1500,1: yes,32.0,32,7: other,1: car,19,32,7: other,1: car,19,32.0,7: other,1: car,19.0,32.0,7: other,1: car,19.0,32.0,7: other,1: car,19.0
560,0: feamale,51.0,3: bachelor,4: active,2: 750-1500,0: no,35.0,1,1: work,4: train,7,35,2: return home,4: train,16,35.0,1: work,3: bus,7.0,35.0,2: return home,3: bus,18.0,,,,
561,0: feamale,56.0,1: primary school,4: active,,1: yes,15.0,19,1: work,3: bus,6,19,1: work,3: bus,6,,,,,,,,,,,,
562,0: feamale,61.0,3: bachelor,4: active,1: 750 or less,1: yes,25.0,25,7: other,7: walk,12,25,2: return home,7: walk,22,25.0,4: market,7: walk,22.0,,,,,,,,
563,1: male,27.0,4: master or phd,4: active,1: 750 or less,1: yes,7.0,1,1: work,7: walk,9,7,2: return home,7: walk,17,,,,,,,,,,,,
564,1: male,49.0,3: bachelor,4: active,2: 750-1500,1: yes,5.0,14,1: work,1: car,10,5,2: return home,1: car,15,,,,,,,,,,,,
565,1: male,28.0,3: bachelor,3: student,1: 750 or less,0: no,13.0,2,1: work,1: car,3,2,1: work,1: car,3,,,,,,,,,,,,
566,0: feamale,51.0,3: bachelor,1: inactive,2: 750-1500,1: yes,23.0,36,4: market,1: car,13,36,4: market,1: car,13,36.0,7: other,1: car,22.0,,,,,,,,
567,1: male,83.0,3: bachelor,1: inactive,,1: yes,15.0,21,7: other,1: car,17,15,2: return home,1: car,21,,,,,,,,,,,,
568,0: feamale,20.0,3: bachelor,,1: 750 or less,0: no,21.0,21,7: other,2: taxi,20,25,5: recreation,3: bus,20,,,,,,,,,,,,
569,0: feamale,24.0,3: bachelor,4: active,2: 750-1500,1: yes,10.0,10,7: other,1: car,6,10,7: other,1: car,6,,,,,,,,,,,,
570,1: male,83.0,3: bachelor,1: inactive,2: 750-1500,1: yes,15.0,1,4: market,1: car,10,15,2: return home,1: car,13,20.0,5: recreation,7: walk,19.0,15.0,2: return home,7: walk,21.0,,,,
571,0: feamale,54.0,2: high school,4: active,2: 750-1500,1: yes,25.0,28,1: work,1: car,6,25,2: return home,1: car,15,,,,,,,,,,,,
572,0: feamale,43.0,4: master or phd,4: active,3: 1500-2500,1: yes,12.0,12,7: other,1: car,19,5,7: other,1: car,8,,,,,,,,,,,,
573,0: feamale,35.0,3: bachelor,4: active,3: 1500-2500,1: yes,36.0,36,5: recreation,1: car,21,36,4: market,1: car,18,,,,,,,,,,,,
574,1: male,61.0,2: high school,4: active,3: 1500-2500,1: yes,25.0,30,1: work,1: car,5,25,2: return home,1: car,15,,,,,,,,,,,,
575,0: feamale,37.0,4: master or phd,4: active,,0: no,15.0,31,7: other,4: train,18,15,2: return home,4: train,22,,,,,,,,,,,,
576,0: feamale,54.0,3: bachelor,1: inactive,2: 750-1500,1: yes,22.0,22,4: market,7: walk,13,22,4: market,3: bus,13,,,,,,,,,,,,
577,0: feamale,36.0,4: master or phd,4: active,2: 750-1500,1: yes,19.0,19,7: other,1: car,11,5,4: market,1: car,14,6.0,4: market,1: car,17.0,,,,,,,,
578,0: feamale,42.0,4: master or phd,4: active,2: 750-1500,1: yes,19.0,19,7: other,1: car,12,5,4: market,1: car,16,6.0,4: market,1: car,19.0,,,,,,,,
579,0: feamale,25.0,4: master or phd,4: active,2: 750-1500,1: yes,18.0,1,1: work,1: car,8,1,1: work,1: car,8,18.0,2: return home,1: car,18.0,,,,,,,,
580,0: feamale,74.0,2: high school,1: inactive,2: 750-1500,1: yes,25.0,4,4: market,2: taxi,11,4,4: market,2: taxi,11,,,,,,,,,,,,
581,1: male,23.0,2: high school,4: active,2: 750-1500,1: yes,32.0,17,1: work,1: car,6,9,5: recreation,1: car,18,,,,,,,,,,,,
582,1: male,51.0,2: high school,4: active,,0: no,21.0,10,5: recreation,3: bus,8,21,2: return home,2: taxi,21,,,,,,,,,,,,
583,0: feamale,20.0,2: high school,3: student,0: no income,1: yes,15.0,15,7: other,3: bus,13,15,7: other,3: bus,19,,,,,,,,,,,,
584,0: feamale,37.0,4: master or phd,4: active,3: 1500-2500,1: yes,21.0,1,1: work,1: car,7,21,2: return home,1: car,16,,,,,,,,,,,,
585,0: feamale,42.0,3: bachelor,4: active,2: 750-1500,1: yes,6.0,28,1: work,1: car,7,6,2: return home,1: car,16,,,,,,,,,,,,
586,0: feamale,46.0,4: master or phd,4: active,2: 750-1500,1: yes,21.0,1,1: work,1: car,7,21,2: return home,1: car,14,,,,,,,,,,,,
587,1: male,42.0,3: bachelor,4: active,2: 750-1500,1: yes,19.0,1,1: work,1: car,6,19,5: recreation,1: car,19,,,,,,,,,,,,
588,0: feamale,25.0,2: high school,3: student,0: no income,1: yes,2.0,15,3: education,3: bus,14,2,2: return home,3: bus,20,,,,,,,,,,,,
589,1: male,34.0,4: master or phd,4: active,3: 1500-2500,1: yes,9.0,11,1: work,1: car,5,9,2: return home,1: car,5,1.0,5: recreation,1: car,17.0,,,,,,,,
590,0: feamale,23.0,4: master or phd,4: active,2: 750-1500,1: yes,16.0,25,1: work,6: bicycle,16,25,1: work,6: bicycle,16,25.0,1: work,6: bicycle,16.0,25.0,1: work,6: bicycle,16.0,,,,
591,1: male,36.0,2: high school,4: active,2: 750-1500,1: yes,5.0,1,1: work,4: train,7,5,2: return home,4: train,15,,,,,,,,,,,,
592,0: feamale,53.0,4: master or phd,4: active,3: 1500-2500,1: yes,18.0,1,1: work,4: train,7,18,2: return home,4: train,19,,,,,,,,,,,,
593,0: feamale,24.0,2: high school,3: student,0: no income,1: yes,25.0,3,3: education,4: train,10,2,4: market,4: train,11,31.0,7: other,4: train,19.0,25.0,2: return home,4: train,4.0,1.0,5: recreation,4: train,11.0
594,1: male,31.0,4: master or phd,4: active,3: 1500-2500,1: yes,35.0,35,1: work,1: car,9,35,5: recreation,1: car,17,35.0,2: return home,1: car,22.0,,,,,,,,
595,0: feamale,52.0,2: high school,4: active,2: 750-1500,1: yes,32.0,32,5: recreation,7: walk,6,36,1: work,3: bus,6,,,,,,,,,,,,
596,1: male,63.0,2: high school,4: active,2: 750-1500,1: yes,36.0,36,4: market,1: car,9,36,6: service,1: car,7,36.0,2: return home,1: car,11.0,,,,,,,,
597,0: feamale,28.0,3: bachelor,4: active,1: 750 or less,1: yes,35.0,22,1: work,1: car,8,35,2: return home,1: car,19,,,,,,,,,,,,
598,0: feamale,26.0,3: bachelor,4: active,1: 750 or less,1: yes,25.0,7,1: work,2: taxi,6,25,2: return home,4: train,15,,,,,,,,,,,,
599,0: feamale,19.0,4: master or phd,4: active,1: 750 or less,1: yes,35.0,22,1: work,3: bus,6,35,2: return home,3: bus,16,35.0,4: market,7: walk,18.0,1.0,5: recreation,1: car,21.0,,,,
600,0: feamale,55.0,3: bachelor,1: inactive,2: 750-1500,1: yes,1.0,1,5: recreation,2: taxi,20,1,5: recreation,2: taxi,20,,,,,,,,,,,,
601,0: feamale,58.0,3: bachelor,4: active,2: 750-1500,1: yes,19.0,19,1: work,1: car,10,19,1: work,1: car,10,19.0,7: other,1: car,18.0,19.0,2: return home,1: car,14.0,19.0,4: market,1: car,14.0
602,,,,,,0: no,29.0,29,7: other,3: bus,6,33,4: market,8: escooter,2,,,,,,,,,,,,
603,1: male,22.0,4: master or phd,3: student,1: 750 or less,1: yes,8.0,8,7: other,3: bus,19,8,3: education,4: train,8,8.0,5: recreation,2: taxi,22.0,,,,,,,,
604,0: feamale,52.0,3: bachelor,4: active,,1: yes,30.0,24,1: work,1: car,7,30,2: return home,1: car,14,,,,,,,,,,,,
605,1: male,41.0,4: master or phd,4: active,,1: yes,7.0,1,5: recreation,4: train,14,7,2: return home,3: bus,17,,,,,,,,,,,,
606,0: feamale,53.0,3: bachelor,1: inactive,2: 750-1500,1: yes,18.0,18,7: other,4: train,11,7,6: service,4: train,11,,,,,,,,,,,,
607,1: male,75.0,2: high school,1: inactive,2: 750-1500,1: yes,35.0,18,4: market,1: car,12,18,7: other,1: car,10,,,,,,,,,,,,
608,1: male,49.0,4: master or phd,4: active,3: 1500-2500,0: no,1.0,22,1: work,4: train,10,1,2: return home,4: train,19,,,,,,,,,,,,
609,1: male,37.0,3: bachelor,4: active,,1: yes,16.0,1,1: work,4: train,8,16,2: return home,4: train,18,,,,,,,,,,,,
610,0: feamale,36.0,3: bachelor,4: active,,1: yes,11.0,32,1: work,1: car,9,11,2: return home,1: car,15,,,,,,,,,,,,
611,0: feamale,53.0,3: bachelor,4: active,,1: yes,28.0,28,1: work,1: car,10,28,2: return home,1: car,19,,,,,,,,,,,,
612,1: male,21.0,4: master or phd,4: active,,1: yes,12.0,22,4: market,1: car,9,1,5: recreation,1: car,18,,,,,,,,,,,,
613,1: male,25.0,3: bachelor,2: unemployed,0: no income,1: yes,26.0,26,5: recreation,7: walk,21,12,5: recreation,3: bus,21,,,,,,,,,,,,
