pid,gender,age,education,employment,income,car_own,home,dest1,purp1,mode1,dest2,purp2,mode2,dest3,purp3,mode3,dest4,purp4,mode4,dest5,purp5,mode5,min_time1,max_time1,min_time2,max_time2,min_time3,max_time3,min_time4,max_time4,min_time5,max_time5
101,1: male,28.0,4: master or phd,4: active,2: 750-1500,0: no,2.0,15,1: work,4: train,2,1: work,7: walk,1.0,5: recreation,8: escooter,2.0,2: return home,8: escooter,,,,8.0,11.0,17.0,20.0,20.0,23.0,23.0,29.0,,
102,0: feamale,28.0,2: high school,3: student,0: no income,1: yes,12.0,12,3: education,1: car,22,5: recreation,1: car,10.0,6: service,1: car,,,,,,,11.0,14.0,17.0,20.0,20.0,23.0,,,,
103,0: feamale,27.0,3: bachelor,4: active,2: 750-1500,1: yes,15.0,15,1: work,7: walk,15,5: recreation,7: walk,,,,,,,,,,11.0,14.0,14.0,17.0,,,,,,
104,0: feamale,18.0,4: master or phd,4: active,2: 750-1500,0: no,7.0,30,1: work,4: train,23,1: work,4: train,7.0,2: return home,4: train,,,,,,,11.0,14.0,14.0,17.0,20.0,23.0,,,,
105,1: male,18.0,4: master or phd,4: active,3: 1500-2500,1: yes,22.0,35,5: recreation,1: car,22,2: return home,1: car,,,,,,,,,,17.0,20.0,20.0,23.0,,,,,,
106,1: male,28.0,2: high school,3: student,0: no income,1: yes,30.0,26,7: other,1: car,30,2: return home,1: car,,,,,,,,,,11.0,14.0,14.0,17.0,,,,,,
107,1: male,23.0,3: bachelor,3: student,0: no income,1: yes,3.0,21,3: education,4: train,15,3: education,1: car,3.0,2: return home,4: train,,,,,,,8.0,11.0,8.0,11.0,14.0,17.0,,,,
108,0: feamale,23.0,3: bachelor,3: student,1: 750 or less,1: yes,15.0,15,1: work,7: walk,15,1: work,7: walk,,,,,,,,,,14.0,17.0,17.0,20.0,,,,,,
109,1: male,23.0,3: bachelor,3: student,,0: no,21.0,21,5: recreation,7: walk,21,2: return home,7: walk,,,,,,,,,,17.0,20.0,20.0,23.0,,,,,,
110,0: feamale,18.0,3: bachelor,3: student,4: 2500 or more,1: yes,9.0,9,5: recreation,7: walk,9,5: recreation,7: walk,,,,,,,,,,0.0,5.0,20.0,23.0,,,,,,
111,1: male,21.0,2: high school,3: student,1: 750 or less,1: yes,12.0,22,1: work,4: train,18,1: work,4: train,,,,,,,,,,11.0,14.0,17.0,20.0,,,,,,
112,1: male,23.0,3: bachelor,3: student,0: no income,1: yes,25.0,25,3: education,4: train,25,5: recreation,7: walk,,,,,,,,,,14.0,17.0,17.0,20.0,,,,,,
113,1: male,26.0,3: bachelor,3: student,1: 750 or less,1: yes,15.0,15,3: education,3: bus,25,4: market,7: walk,,,,,,,,,,8.0,11.0,17.0,20.0,,,,,,
114,0: feamale,62.0,3: bachelor,4: active,2: 750-1500,1: yes,15.0,1,1: work,7: walk,15,2: return home,7: walk,15.0,5: recreation,7: walk,,,,,,,8.0,11.0,17.0,20.0,20.0,23.0,,,,
115,0: feamale,64.0,2: high school,4: active,1: 750 or less,1: yes,26.0,21,1: work,4: train,26,2: return home,4: train,,,,,,,,,,8.0,11.0,17.0,20.0,,,,,,
116,0: feamale,24.0,3: bachelor,4: active,1: 750 or less,1: yes,1.0,1,1: work,3: bus,1,2: return home,3: bus,,,,,,,,,,8.0,11.0,14.0,17.0,,,,,,
117,1: male,25.0,3: bachelor,2: unemployed,1: 750 or less,1: yes,8.0,8,5: recreation,7: walk,15,7: other,7: walk,,,,,,,,,,20.0,23.0,38.0,41.0,,,,,,
118,0: feamale,34.0,3: bachelor,4: active,2: 750-1500,1: yes,22.0,22,7: other,1: car,29,1: work,1: car,22.0,2: return home,1: car,,,,,,,5.0,8.0,5.0,8.0,17.0,20.0,,,,
119,1: male,22.0,2: high school,3: student,,0: no,21.0,21,7: other,7: walk,21,2: return home,7: walk,,,,,,,,,,8.0,11.0,29.0,32.0,,,,,,
120,0: feamale,53.0,3: bachelor,4: active,3: 1500-2500,0: no,21.0,1,1: work,3: bus,21,2: return home,3: bus,,,,,,,,,,8.0,11.0,17.0,20.0,,,,,,
121,1: male,19.0,2: high school,3: student,1: 750 or less,1: yes,36.0,36,5: recreation,1: car,36,1: work,1: car,36.0,4: market,1: car,,,,,,,8.0,11.0,11.0,14.0,17.0,20.0,,,,
122,1: male,29.0,3: bachelor,3: student,0: no income,1: yes,1.0,15,3: education,3: bus,1,2: return home,3: bus,35.0,5: recreation,4: train,,,,,,,11.0,14.0,17.0,20.0,20.0,23.0,,,,
123,1: male,25.0,3: bachelor,4: active,2: 750-1500,1: yes,25.0,15,1: work,3: bus,25,2: return home,3: bus,,,,,,,,,,8.0,11.0,17.0,20.0,,,,,,
124,1: male,21.0,3: bachelor,3: student,1: 750 or less,1: yes,25.0,25,5: recreation,7: walk,28,5: recreation,4: train,,,,,,,,,,17.0,20.0,17.0,20.0,,,,,,
125,1: male,26.0,2: high school,3: student,0: no income,0: no,21.0,36,4: market,3: bus,36,5: recreation,3: bus,36.0,5: recreation,3: bus,36.0,5: recreation,3: bus,,,,14.0,17.0,17.0,20.0,20.0,23.0,23.0,29.0,,
126,1: male,18.0,3: bachelor,3: student,0: no income,1: yes,21.0,26,5: recreation,4: train,21,2: return home,4: train,,,,,,,,,,17.0,20.0,23.0,29.0,,,,,,
127,0: feamale,46.0,2: high school,4: active,2: 750-1500,0: no,1.0,1,1: work,7: walk,15,1: work,3: bus,,,,,,,,,,14.0,17.0,14.0,17.0,,,,,,
128,0: feamale,28.0,3: bachelor,4: active,2: 750-1500,0: no,2.0,7,3: education,3: bus,2,2: return home,3: bus,,,,,,,,,,17.0,20.0,20.0,23.0,,,,,,
129,0: feamale,18.0,3: bachelor,4: active,1: 750 or less,1: yes,20.0,21,1: work,4: train,21,1: work,1: car,13.0,5: recreation,1: car,,,,,,,8.0,11.0,8.0,11.0,17.0,20.0,,,,
130,1: male,28.0,2: high school,3: student,0: no income,1: yes,2.0,15,3: education,7: walk,2,2: return home,7: walk,,,,,,,,,,8.0,11.0,14.0,17.0,,,,,,
131,1: male,23.0,4: master or phd,4: active,3: 1500-2500,1: yes,20.0,22,1: work,4: train,20,5: recreation,7: walk,20.0,2: return home,4: train,,,,,,,8.0,11.0,20.0,23.0,41.0,44.0,,,,
132,0: feamale,22.0,3: bachelor,4: active,1: 750 or less,1: yes,35.0,15,1: work,4: train,1,3: education,4: train,35.0,2: return home,4: train,22.0,5: recreation,1: car,35.0,2: return home,1: car,8.0,11.0,14.0,17.0,20.0,23.0,20.0,23.0,23.0,29.0
133,0: feamale,28.0,3: bachelor,4: active,2: 750-1500,1: yes,1.0,5,3: education,4: train,1,2: return home,4: train,5.0,5: recreation,1: car,,,,,,,14.0,17.0,20.0,23.0,20.0,23.0,,,,
134,0: feamale,20.0,3: bachelor,4: active,2: 750-1500,1: yes,17.0,1,1: work,1: car,29,5: recreation,1: car,14.0,5: recreation,1: car,17.0,2: return home,1: car,,,,8.0,11.0,17.0,20.0,20.0,23.0,23.0,29.0,,
135,1: male,27.0,2: high school,3: student,1: 750 or less,1: yes,15.0,28,5: recreation,3: bus,15,2: return home,3: bus,,,,,,,,,,14.0,17.0,17.0,20.0,,,,,,
136,1: male,25.0,2: high school,3: student,2: 750-1500,1: yes,17.0,17,4: market,1: car,17,5: recreation,1: car,17.0,2: return home,1: car,,,,,,,17.0,20.0,17.0,20.0,20.0,23.0,,,,
137,1: male,33.0,4: master or phd,4: active,2: 750-1500,1: yes,7.0,29,1: work,1: car,7,2: return home,1: car,5.0,3: education,1: car,,,,,,,8.0,11.0,17.0,20.0,20.0,23.0,,,,
138,1: male,41.0,4: master or phd,4: active,4: 2500 or more,1: yes,22.0,15,1: work,1: car,22,2: return home,1: car,,,,,,,,,,8.0,11.0,17.0,20.0,,,,,,
139,1: male,26.0,3: bachelor,3: student,0: no income,0: no,8.0,21,4: market,4: train,22,5: recreation,4: train,8.0,2: return home,2: taxi,,,,,,,14.0,17.0,20.0,23.0,23.0,29.0,,,,
140,0: feamale,26.0,3: bachelor,4: active,2: 750-1500,0: no,2.0,15,1: work,3: bus,2,2: return home,4: train,11.0,7: other,4: train,2.0,2: return home,2: taxi,,,,8.0,11.0,14.0,17.0,20.0,23.0,23.0,29.0,,
141,1: male,19.0,4: master or phd,4: active,2: 750-1500,1: yes,2.0,15,1: work,1: car,2,2: return home,1: car,,,,,,,,,,11.0,14.0,17.0,20.0,,,,,,
142,0: feamale,24.0,3: bachelor,4: active,1: 750 or less,1: yes,36.0,35,1: work,5: motorcycle,5,3: education,5: motorcycle,,,,,,,,,,8.0,11.0,17.0,20.0,,,,,,
143,0: feamale,59.0,3: bachelor,1: inactive,1: 750 or less,1: yes,22.0,22,7: other,3: bus,22,7: other,2: taxi,,,,,,,,,,14.0,17.0,14.0,17.0,,,,,,
144,0: feamale,24.0,3: bachelor,4: active,2: 750-1500,1: yes,1.0,13,5: recreation,3: bus,1,2: return home,3: bus,,,,,,,,,,14.0,17.0,17.0,20.0,,,,,,
145,0: feamale,22.0,4: master or phd,4: active,2: 750-1500,1: yes,19.0,31,1: work,1: car,19,2: return home,1: car,,,,,,,,,,8.0,11.0,17.0,20.0,,,,,,
146,0: feamale,24.0,3: bachelor,3: student,0: no income,1: yes,11.0,3,1: work,1: car,11,2: return home,1: car,3.0,1: work,1: car,11.0,2: return home,1: car,,,,8.0,11.0,20.0,23.0,32.0,35.0,41.0,44.0,,
147,1: male,24.0,3: bachelor,3: student,0: no income,1: yes,25.0,28,7: other,1: car,25,2: return home,1: car,,,,,,,,,,14.0,17.0,14.0,17.0,,,,,,
148,1: male,34.0,3: bachelor,4: active,2: 750-1500,1: yes,1.0,1,1: work,1: car,1,2: return home,1: car,35.0,5: recreation,1: car,1.0,2: return home,1: car,,,,8.0,11.0,17.0,20.0,20.0,23.0,23.0,29.0,,
149,0: feamale,23.0,4: master or phd,4: active,2: 750-1500,0: no,25.0,29,1: work,4: train,4,5: recreation,7: walk,,,,,,,,,,5.0,8.0,17.0,20.0,,,,,,
150,0: feamale,25.0,4: master or phd,4: active,3: 1500-2500,1: yes,16.0,22,1: work,1: car,22,1: work,1: car,16.0,2: return home,1: car,,,,,,,8.0,11.0,8.0,11.0,17.0,20.0,,,,
151,0: feamale,19.0,4: master or phd,3: student,0: no income,1: yes,15.0,29,1: work,3: bus,2,4: market,3: bus,15.0,2: return home,2: taxi,,,,,,,8.0,11.0,17.0,20.0,20.0,23.0,,,,
152,0: feamale,26.0,4: master or phd,4: active,,1: yes,22.0,21,1: work,1: car,22,2: return home,1: car,,,,,,,,,,8.0,11.0,17.0,20.0,,,,,,
153,0: feamale,20.0,4: master or phd,4: active,2: 750-1500,1: yes,22.0,1,6: service,4: train,22,2: return home,4: train,,,,,,,,,,8.0,11.0,17.0,20.0,,,,,,
154,1: male,36.0,4: master or phd,4: active,,1: yes,29.0,29,1: work,1: car,5,1: work,1: car,,,,,,,,,,8.0,11.0,11.0,14.0,,,,,,
155,0: feamale,20.0,3: bachelor,4: active,2: 750-1500,0: no,29.0,12,1: work,1: car,12,1: work,1: car,12.0,5: recreation,1: car,,,,,,,5.0,8.0,5.0,8.0,17.0,20.0,,,,
156,0: feamale,28.0,2: high school,3: student,0: no income,1: yes,20.0,30,7: other,1: car,20,7: other,1: car,15.0,3: education,1: car,20.0,2: return home,1: car,,,,17.0,20.0,23.0,29.0,35.0,38.0,38.0,41.0,,
157,0: feamale,26.0,3: bachelor,3: student,1: 750 or less,1: yes,32.0,20,1: work,3: bus,32,7: other,4: train,10.0,1: work,3: bus,,,,,,,8.0,11.0,11.0,14.0,11.0,14.0,,,,
158,0: feamale,62.0,3: bachelor,4: active,2: 750-1500,1: yes,24.0,15,1: work,1: car,24,2: return home,1: car,,,,,,,,,,5.0,8.0,14.0,17.0,,,,,,
159,0: feamale,27.0,4: master or phd,4: active,2: 750-1500,0: no,4.0,15,1: work,3: bus,35,1: work,3: bus,,,,,,,,,,8.0,11.0,17.0,20.0,,,,,,
160,1: male,54.0,3: bachelor,1: inactive,2: 750-1500,1: yes,25.0,16,4: market,5: motorcycle,16,7: other,1: car,,,,,,,,,,11.0,14.0,11.0,14.0,,,,,,
161,1: male,38.0,4: master or phd,4: active,2: 750-1500,1: yes,21.0,18,1: work,1: car,15,4: market,1: car,5.0,1: work,1: car,,,,,,,8.0,11.0,14.0,17.0,14.0,17.0,,,,
162,0: feamale,26.0,4: master or phd,4: active,2: 750-1500,1: yes,2.0,12,1: work,1: car,2,2: return home,1: car,,,,,,,,,,8.0,11.0,17.0,20.0,,,,,,
163,0: feamale,28.0,4: master or phd,4: active,2: 750-1500,1: yes,15.0,22,1: work,1: car,15,2: return home,1: car,,,,,,,,,,8.0,11.0,17.0,20.0,,,,,,
164,1: male,26.0,3: bachelor,4: active,2: 750-1500,1: yes,21.0,15,1: work,4: train,21,2: return home,4: train,,,,,,,,,,5.0,8.0,17.0,20.0,,,,,,
165,1: male,78.0,2: high school,1: inactive,2: 750-1500,1: yes,22.0,1,5: recreation,4: train,22,2: return home,4: train,,,,,,,,,,11.0,14.0,17.0,20.0,,,,,,
166,0: feamale,20.0,4: master or phd,4: active,3: 1500-2500,1: yes,34.0,34,5: recreation,1: car,1,7: other,1: car,,,,,,,,,,17.0,20.0,20.0,23.0,,,,,,
167,1: male,28.0,4: master or phd,4: active,,1: yes,26.0,25,1: work,5: motorcycle,26,2: return home,5: motorcycle,,,,,,,,,,8.0,11.0,20.0,23.0,,,,,,
168,1: male,35.0,4: master or phd,4: active,2: 750-1500,0: no,7.0,15,1: work,2: taxi,7,2: return home,3: bus,1.0,5: recreation,7: walk,7.0,2: return home,2: taxi,,,,8.0,11.0,17.0,20.0,20.0,23.0,23.0,29.0,,
169,0: feamale,27.0,4: master or phd,3: student,1: 750 or less,1: yes,36.0,35,5: recreation,1: car,36,4: market,1: car,35.0,3: education,2: taxi,36.0,2: return home,1: car,,,,14.0,17.0,17.0,20.0,35.0,38.0,44.0,47.0,,
170,1: male,32.0,3: bachelor,4: active,2: 750-1500,1: yes,23.0,35,5: recreation,1: car,3,5: recreation,1: car,23.0,2: return home,1: car,,,,,,,14.0,17.0,20.0,23.0,23.0,29.0,,,,
171,0: feamale,28.0,4: master or phd,4: active,2: 750-1500,1: yes,19.0,32,1: work,1: car,19,2: return home,1: car,32.0,5: recreation,1: car,,,,,,,8.0,11.0,17.0,20.0,20.0,23.0,,,,
172,0: feamale,32.0,3: bachelor,4: active,2: 750-1500,1: yes,30.0,25,1: work,7: walk,30,2: return home,7: walk,,,,,,,,,,11.0,14.0,17.0,20.0,,,,,,
173,1: male,39.0,3: bachelor,4: active,2: 750-1500,1: yes,30.0,35,1: work,1: car,15,5: recreation,1: car,30.0,2: return home,1: car,30.0,4: market,7: walk,,,,8.0,11.0,17.0,20.0,20.0,23.0,20.0,23.0,,
174,0: feamale,31.0,3: bachelor,4: active,2: 750-1500,1: yes,1.0,8,1: work,1: car,30,4: market,1: car,30.0,5: recreation,7: walk,10.0,7: other,1: car,,,,8.0,11.0,20.0,23.0,23.0,29.0,38.0,41.0,,
175,0: feamale,20.0,4: master or phd,4: active,1: 750 or less,1: yes,30.0,30,1: work,7: walk,30,1: work,5: motorcycle,30.0,2: return home,5: motorcycle,30.0,1: work,5: motorcycle,30.0,2: return home,5: motorcycle,11.0,14.0,17.0,20.0,17.0,20.0,17.0,20.0,23.0,29.0
176,0: feamale,60.0,2: high school,4: active,2: 750-1500,0: no,32.0,30,1: work,3: bus,30,1: work,3: bus,,,,,,,,,,5.0,8.0,14.0,17.0,,,,,,
177,0: feamale,28.0,2: high school,3: student,0: no income,1: yes,34.0,34,5: recreation,7: walk,2,5: recreation,1: car,,,,,,,,,,17.0,20.0,23.0,29.0,,,,,,
178,1: male,32.0,3: bachelor,4: active,2: 750-1500,1: yes,30.0,17,1: work,1: car,30,2: return home,1: car,,,,,,,,,,5.0,8.0,14.0,17.0,,,,,,
179,1: male,18.0,3: bachelor,4: active,2: 750-1500,1: yes,9.0,30,1: work,1: car,30,1: work,1: car,,,,,,,,,,8.0,11.0,8.0,11.0,,,,,,
180,0: feamale,39.0,2: high school,4: active,2: 750-1500,1: yes,5.0,23,1: work,1: car,25,1: work,1: car,,,,,,,,,,8.0,11.0,8.0,11.0,,,,,,
181,0: feamale,46.0,3: bachelor,4: active,,0: no,19.0,2,1: work,4: train,2,1: work,4: train,,,,,,,,,,5.0,8.0,5.0,8.0,,,,,,
182,0: feamale,43.0,4: master or phd,4: active,3: 1500-2500,1: yes,34.0,35,7: other,1: car,34,2: return home,1: car,,,,,,,,,,11.0,14.0,11.0,14.0,,,,,,
183,0: feamale,20.0,2: high school,3: student,0: no income,1: yes,28.0,28,7: other,7: walk,25,1: work,7: walk,25.0,5: recreation,7: walk,25.0,4: market,3: bus,25.0,7: other,3: bus,20.0,23.0,32.0,35.0,41.0,44.0,41.0,44.0,41.0,44.0
184,1: male,49.0,2: high school,4: active,3: 1500-2500,1: yes,2.0,34,1: work,1: car,2,2: return home,1: car,,,,,,,,,,5.0,8.0,14.0,17.0,,,,,,
185,0: feamale,26.0,2: high school,3: student,0: no income,1: yes,21.0,21,3: education,4: train,21,2: return home,4: train,,,,,,,,,,8.0,11.0,17.0,20.0,,,,,,
186,0: feamale,46.0,3: bachelor,4: active,2: 750-1500,1: yes,33.0,28,1: work,4: train,22,1: work,4: train,28.0,1: work,4: train,28.0,5: recreation,1: car,,,,5.0,8.0,5.0,8.0,14.0,17.0,17.0,20.0,,
187,0: feamale,36.0,4: master or phd,4: active,3: 1500-2500,1: yes,29.0,1,1: work,1: car,29,2: return home,1: car,18.0,5: recreation,1: car,,,,,,,5.0,8.0,14.0,17.0,14.0,17.0,,,,
188,1: male,36.0,4: master or phd,4: active,,0: no,35.0,29,1: work,4: train,21,1: work,4: train,,,,,,,,,,8.0,11.0,17.0,20.0,,,,,,
189,0: feamale,32.0,3: bachelor,4: active,1: 750 or less,1: yes,1.0,1,1: work,3: bus,1,2: return home,3: bus,,,,,,,,,,8.0,11.0,14.0,17.0,,,,,,
190,,,4: master or phd,4: active,,1: yes,34.0,28,1: work,1: car,5,1: work,1: car,,,,,,,,,,5.0,8.0,17.0,20.0,,,,,,
191,1: male,45.0,2: high school,4: active,2: 750-1500,1: yes,7.0,28,1: work,4: train,7,2: return home,4: train,,,,,,,,,,5.0,8.0,17.0,20.0,,,,,,
192,0: feamale,25.0,3: bachelor,4: active,1: 750 or less,1: yes,21.0,7,1: work,4: train,21,2: return home,4: train,35.0,7: other,4: train,,,,,,,8.0,11.0,14.0,17.0,20.0,23.0,,,,
193,1: male,56.0,3: bachelor,4: active,,0: no,6.0,35,7: other,2: taxi,6,2: return home,2: taxi,,,,,,,,,,17.0,20.0,20.0,23.0,,,,,,
194,1: male,19.0,3: bachelor,4: active,2: 750-1500,1: yes,7.0,6,1: work,3: bus,7,1: work,3: bus,7.0,2: return home,3: bus,,,,,,,8.0,11.0,8.0,11.0,17.0,20.0,,,,
195,1: male,35.0,4: master or phd,4: active,2: 750-1500,1: yes,21.0,30,1: work,1: car,21,2: return home,1: car,,,,,,,,,,8.0,11.0,17.0,20.0,,,,,,
196,0: feamale,33.0,4: master or phd,4: active,2: 750-1500,1: yes,12.0,1,1: work,1: car,12,4: market,1: car,12.0,2: return home,1: car,,,,,,,5.0,8.0,14.0,17.0,17.0,20.0,,,,
197,1: male,20.0,3: bachelor,4: active,3: 1500-2500,0: no,21.0,21,7: other,3: bus,35,7: other,3: bus,,,,,,,,,,14.0,17.0,17.0,20.0,,,,,,
198,1: male,39.0,4: master or phd,4: active,2: 750-1500,0: no,7.0,21,1: work,3: bus,7,2: return home,3: bus,,,,,,,,,,8.0,11.0,17.0,20.0,,,,,,
199,0: feamale,48.0,4: master or phd,4: active,3: 1500-2500,1: yes,35.0,1,1: work,1: car,35,2: return home,1: car,19.0,6: service,1: car,1.0,1: work,1: car,,,,8.0,11.0,17.0,20.0,35.0,38.0,35.0,38.0,,
200,1: male,25.0,4: master or phd,4: active,3: 1500-2500,1: yes,30.0,3,5: recreation,1: car,1,5: recreation,7: walk,30.0,2: return home,1: car,,,,,,,11.0,14.0,14.0,17.0,17.0,20.0,,,,
201,1: male,22.0,3: bachelor,4: active,2: 750-1500,1: yes,10.0,8,1: work,1: car,17,1: work,1: car,8.0,5: recreation,1: car,8.0,5: recreation,1: car,,,,8.0,11.0,17.0,20.0,20.0,23.0,20.0,23.0,,
202,1: male,35.0,4: master or phd,4: active,2: 750-1500,1: yes,36.0,31,1: work,1: car,14,7: other,1: car,,,,,,,,,,8.0,11.0,17.0,20.0,,,,,,
203,0: feamale,44.0,3: bachelor,4: active,2: 750-1500,1: yes,9.0,3,1: work,4: train,30,4: market,3: bus,36.0,7: other,3: bus,,,,,,,5.0,8.0,14.0,17.0,14.0,17.0,,,,
204,0: feamale,59.0,4: master or phd,4: active,,1: yes,22.0,1,7: other,1: car,22,2: return home,1: car,,,,,,,,,,11.0,14.0,11.0,14.0,,,,,,
205,0: feamale,23.0,3: bachelor,4: active,0: no income,1: yes,7.0,31,1: work,1: car,31,1: work,1: car,7.0,2: return home,1: car,7.0,4: market,7: walk,,,,8.0,11.0,17.0,20.0,17.0,20.0,38.0,41.0,,
206,0: feamale,47.0,3: bachelor,4: active,2: 750-1500,0: no,5.0,5,4: market,7: walk,5,4: market,7: walk,,,,,,,,,,11.0,14.0,11.0,14.0,,,,,,
207,0: feamale,37.0,4: master or phd,4: active,2: 750-1500,1: yes,7.0,29,1: work,1: car,7,2: return home,1: car,22.0,5: recreation,1: car,7.0,2: return home,1: car,,,,8.0,11.0,17.0,20.0,20.0,23.0,20.0,23.0,,
208,0: feamale,47.0,4: master or phd,4: active,3: 1500-2500,1: yes,1.0,1,4: market,1: car,11,4: market,1: car,1.0,1: work,1: car,1.0,2: return home,1: car,,,,8.0,11.0,11.0,14.0,20.0,23.0,23.0,29.0,,
209,0: feamale,44.0,3: bachelor,4: active,2: 750-1500,1: yes,13.0,22,3: education,4: train,13,2: return home,4: train,,,,,,,,,,11.0,14.0,11.0,14.0,,,,,,
210,1: male,31.0,4: master or phd,4: active,2: 750-1500,0: no,1.0,6,5: recreation,7: walk,26,5: recreation,4: train,1.0,2: return home,4: train,,,,,,,11.0,14.0,14.0,17.0,20.0,23.0,,,,
211,0: feamale,23.0,3: bachelor,4: active,1: 750 or less,1: yes,2.0,10,1: work,4: train,2,2: return home,4: train,,,,,,,,,,8.0,11.0,17.0,20.0,,,,,,
212,0: feamale,62.0,4: master or phd,4: active,2: 750-1500,1: yes,34.0,34,3: education,3: bus,1,3: education,3: bus,,,,,,,,,,14.0,17.0,14.0,17.0,,,,,,
213,1: male,51.0,4: master or phd,4: active,2: 750-1500,1: yes,28.0,28,7: other,1: car,7,7: other,1: car,28.0,2: return home,1: car,,,,,,,11.0,14.0,17.0,20.0,20.0,23.0,,,,
214,0: feamale,18.0,2: high school,3: student,1: 750 or less,1: yes,18.0,1,4: market,4: train,1,5: recreation,7: walk,2.0,1: work,4: train,18.0,2: return home,4: train,,,,14.0,17.0,17.0,20.0,17.0,20.0,23.0,29.0,,
215,1: male,46.0,3: bachelor,4: active,3: 1500-2500,1: yes,26.0,22,1: work,3: bus,26,2: return home,3: bus,32.0,5: recreation,1: car,30.0,7: other,1: car,26.0,2: return home,1: car,8.0,11.0,17.0,20.0,17.0,20.0,20.0,23.0,23.0,29.0
216,1: male,23.0,2: high school,4: active,1: 750 or less,1: yes,18.0,4,1: work,4: train,18,2: return home,4: train,,,,,,,,,,8.0,11.0,17.0,20.0,,,,,,
217,0: feamale,33.0,4: master or phd,4: active,3: 1500-2500,1: yes,18.0,24,4: market,1: car,24,5: recreation,7: walk,,,,,,,,,,8.0,11.0,17.0,20.0,,,,,,
218,0: feamale,23.0,3: bachelor,,1: 750 or less,1: yes,24.0,28,1: work,1: car,24,2: return home,1: car,,,,,,,,,,5.0,8.0,14.0,17.0,,,,,,
219,1: male,49.0,4: master or phd,4: active,,1: yes,32.0,30,1: work,1: car,28,5: recreation,1: car,28.0,4: market,1: car,,,,,,,8.0,11.0,17.0,20.0,20.0,23.0,,,,
220,0: feamale,49.0,4: master or phd,4: active,,1: yes,28.0,28,3: education,1: car,28,5: recreation,1: car,28.0,5: recreation,1: car,,,,,,,8.0,11.0,17.0,20.0,20.0,23.0,,,,
221,0: feamale,36.0,3: bachelor,4: active,2: 750-1500,1: yes,2.0,4,1: work,1: car,24,1: work,1: car,3.0,1: work,1: car,35.0,1: work,1: car,,,,8.0,11.0,11.0,14.0,11.0,14.0,14.0,17.0,,
222,1: male,58.0,3: bachelor,4: active,3: 1500-2500,1: yes,32.0,4,1: work,1: car,32,2: return home,1: car,32.0,7: other,1: car,,,,,,,8.0,11.0,17.0,20.0,17.0,20.0,,,,
223,0: feamale,35.0,4: master or phd,4: active,2: 750-1500,1: yes,11.0,11,5: recreation,1: car,17,5: recreation,1: car,,,,,,,,,,11.0,14.0,11.0,14.0,,,,,,
224,1: male,24.0,4: master or phd,4: active,2: 750-1500,0: no,2.0,25,5: recreation,4: train,2,2: return home,7: walk,,,,,,,,,,14.0,17.0,17.0,20.0,,,,,,
225,1: male,37.0,4: master or phd,4: active,2: 750-1500,1: yes,1.0,1,5: recreation,3: bus,12,7: other,1: car,11.0,6: service,1: car,,,,,,,20.0,23.0,32.0,35.0,41.0,44.0,,,,
226,0: feamale,35.0,3: bachelor,4: active,2: 750-1500,1: yes,7.0,7,1: work,3: bus,7,2: return home,7: walk,1.0,4: market,7: walk,,,,,,,8.0,11.0,17.0,20.0,17.0,20.0,,,,
227,0: feamale,35.0,4: master or phd,4: active,4: 2500 or more,1: yes,7.0,31,1: work,5: motorcycle,1,1: work,5: motorcycle,30.0,5: recreation,5: motorcycle,,,,,,,8.0,11.0,8.0,11.0,20.0,23.0,,,,
228,0: feamale,49.0,4: master or phd,4: active,,1: yes,22.0,22,5: recreation,1: car,5,5: recreation,1: car,22.0,2: return home,1: car,,,,,,,11.0,14.0,14.0,17.0,17.0,20.0,,,,
229,0: feamale,43.0,3: bachelor,4: active,2: 750-1500,1: yes,28.0,6,1: work,1: car,18,3: education,1: car,30.0,3: education,1: car,28.0,2: return home,1: car,,,,8.0,11.0,14.0,17.0,14.0,17.0,17.0,20.0,,
230,1: male,35.0,4: master or phd,4: active,2: 750-1500,1: yes,35.0,35,5: recreation,7: walk,35,2: return home,7: walk,,,,,,,,,,20.0,23.0,20.0,23.0,,,,,,
231,0: feamale,36.0,4: master or phd,4: active,2: 750-1500,1: yes,14.0,1,1: work,4: train,1,5: recreation,4: train,,,,,,,,,,8.0,11.0,20.0,23.0,,,,,,
232,1: male,35.0,3: bachelor,4: active,1: 750 or less,0: no,5.0,1,1: work,1: car,5,2: return home,1: car,5.0,4: market,1: car,,,,,,,8.0,11.0,17.0,20.0,17.0,20.0,,,,
233,0: feamale,32.0,4: master or phd,4: active,2: 750-1500,1: yes,4.0,28,1: work,1: car,4,2: return home,1: car,,,,,,,,,,8.0,11.0,17.0,20.0,,,,,,
234,1: male,27.0,2: high school,3: student,1: 750 or less,1: yes,3.0,3,5: recreation,4: train,1,4: market,3: bus,,,,,,,,,,0.0,5.0,11.0,14.0,,,,,,
235,0: feamale,37.0,4: master or phd,4: active,4: 2500 or more,1: yes,22.0,1,1: work,4: train,22,2: return home,4: train,,,,,,,,,,8.0,11.0,14.0,17.0,,,,,,
236,0: feamale,49.0,3: bachelor,4: active,3: 1500-2500,1: yes,14.0,28,1: work,4: train,24,1: work,4: train,16.0,7: other,4: train,,,,,,,8.0,11.0,8.0,11.0,17.0,20.0,,,,
237,0: feamale,43.0,4: master or phd,4: active,2: 750-1500,1: yes,25.0,25,7: other,7: walk,1,1: work,4: train,25.0,7: other,4: train,31.0,7: other,1: car,25.0,2: return home,1: car,5.0,8.0,8.0,11.0,11.0,14.0,11.0,14.0,11.0,14.0
238,0: feamale,38.0,4: master or phd,4: active,2: 750-1500,1: yes,5.0,1,1: work,3: bus,5,2: return home,3: bus,,,,,,,,,,8.0,11.0,17.0,20.0,,,,,,
239,1: male,25.0,4: master or phd,4: active,2: 750-1500,1: yes,12.0,30,1: work,1: car,35,1: work,1: car,,,,,,,,,,5.0,8.0,8.0,11.0,,,,,,
240,0: feamale,38.0,4: master or phd,4: active,1: 750 or less,0: no,25.0,1,1: work,4: train,25,2: return home,4: train,,,,,,,,,,8.0,11.0,14.0,17.0,,,,,,
241,1: male,54.0,4: master or phd,4: active,3: 1500-2500,0: no,21.0,21,1: work,6: bicycle,21,2: return home,6: bicycle,,,,,,,,,,8.0,11.0,17.0,20.0,,,,,,
242,0: feamale,61.0,3: bachelor,4: active,2: 750-1500,1: yes,32.0,16,1: work,4: train,32,2: return home,4: train,,,,,,,,,,5.0,8.0,14.0,17.0,,,,,,
243,0: feamale,37.0,4: master or phd,4: active,2: 750-1500,1: yes,25.0,22,1: work,1: car,25,2: return home,1: car,,,,,,,,,,5.0,8.0,14.0,17.0,,,,,,
244,0: feamale,62.0,3: bachelor,4: active,,1: yes,7.0,22,1: work,1: car,1,4: market,7: walk,,,,,,,,,,11.0,14.0,17.0,20.0,,,,,,
245,1: male,42.0,3: bachelor,4: active,,1: yes,31.0,28,5: recreation,1: car,31,2: return home,1: car,22.0,5: recreation,1: car,,,,,,,8.0,11.0,17.0,20.0,20.0,23.0,,,,
246,0: feamale,26.0,4: master or phd,4: active,1: 750 or less,0: no,7.0,2,5: recreation,3: bus,7,2: return home,7: walk,,,,,,,,,,14.0,17.0,17.0,20.0,,,,,,
247,1: male,44.0,3: bachelor,4: active,2: 750-1500,1: yes,32.0,35,1: work,1: car,28,1: work,1: car,,,,,,,,,,5.0,8.0,14.0,17.0,,,,,,
248,0: feamale,36.0,4: master or phd,4: active,2: 750-1500,1: yes,7.0,3,1: work,7: walk,7,2: return home,7: walk,34.0,5: recreation,7: walk,1.0,5: recreation,7: walk,,,,5.0,8.0,14.0,17.0,17.0,20.0,20.0,23.0,,
249,0: feamale,48.0,4: master or phd,4: active,1: 750 or less,1: yes,10.0,26,1: work,1: car,1,1: work,7: walk,1.0,1: work,1: car,,,,,,,11.0,14.0,11.0,14.0,14.0,17.0,,,,
250,0: feamale,23.0,4: master or phd,4: active,2: 750-1500,1: yes,1.0,1,5: recreation,7: walk,22,7: other,1: car,,,,,,,,,,17.0,20.0,17.0,20.0,,,,,,
251,0: feamale,47.0,3: bachelor,4: active,2: 750-1500,1: yes,9.0,1,1: work,1: car,9,2: return home,1: car,,,,,,,,,,8.0,11.0,17.0,20.0,,,,,,
252,1: male,48.0,3: bachelor,4: active,2: 750-1500,1: yes,19.0,1,1: work,4: train,19,2: return home,4: train,,,,,,,,,,8.0,11.0,17.0,20.0,,,,,,
253,1: male,57.0,3: bachelor,4: active,3: 1500-2500,1: yes,21.0,1,1: work,1: car,21,2: return home,1: car,1.0,1: work,7: walk,,,,,,,8.0,11.0,20.0,23.0,35.0,38.0,,,,
254,0: feamale,61.0,4: master or phd,4: active,3: 1500-2500,1: yes,35.0,35,5: recreation,1: car,35,5: recreation,1: car,22.0,5: recreation,1: car,34.0,1: work,1: car,,,,11.0,14.0,20.0,23.0,38.0,41.0,56.0,59.0,,
255,0: feamale,21.0,4: master or phd,4: active,2: 750-1500,1: yes,24.0,7,1: work,1: car,24,2: return home,1: car,,,,,,,,,,8.0,11.0,14.0,17.0,,,,,,
256,1: male,44.0,3: bachelor,4: active,3: 1500-2500,1: yes,7.0,7,1: work,1: car,7,1: work,1: car,7.0,2: return home,1: car,,,,,,,5.0,8.0,5.0,8.0,17.0,20.0,,,,
257,,,,4: active,,1: yes,3.0,29,1: work,1: car,18,1: work,4: train,18.0,4: market,1: car,,,,,,,8.0,11.0,17.0,20.0,17.0,20.0,,,,
258,0: feamale,25.0,2: high school,4: active,1: 750 or less,0: no,2.0,35,1: work,3: bus,35,1: work,3: bus,2.0,2: return home,3: bus,,,,,,,5.0,8.0,17.0,20.0,17.0,20.0,,,,
259,0: feamale,44.0,4: master or phd,4: active,2: 750-1500,1: yes,22.0,31,1: work,1: car,22,1: work,1: car,,,,,,,,,,5.0,8.0,14.0,17.0,,,,,,
260,1: male,64.0,3: bachelor,4: active,3: 1500-2500,1: yes,19.0,21,1: work,1: car,21,1: work,1: car,19.0,2: return home,1: car,,,,,,,8.0,11.0,8.0,11.0,17.0,20.0,,,,
261,0: feamale,45.0,3: bachelor,4: active,2: 750-1500,1: yes,19.0,3,1: work,3: bus,19,1: work,3: bus,1.0,1: work,4: train,,,,,,,5.0,8.0,17.0,20.0,17.0,20.0,,,,
262,1: male,58.0,3: bachelor,4: active,2: 750-1500,0: no,22.0,2,1: work,4: train,22,2: return home,4: train,,,,,,,,,,8.0,11.0,17.0,20.0,,,,,,
263,0: feamale,34.0,3: bachelor,4: active,2: 750-1500,1: yes,30.0,28,1: work,3: bus,30,2: return home,2: taxi,11.0,5: recreation,2: taxi,11.0,5: recreation,1: car,,,,8.0,11.0,17.0,20.0,20.0,23.0,23.0,29.0,,
264,0: feamale,21.0,4: master or phd,4: active,2: 750-1500,1: yes,30.0,22,1: work,4: train,30,2: return home,4: train,,,,,,,,,,5.0,8.0,17.0,20.0,,,,,,
265,0: feamale,37.0,4: master or phd,4: active,2: 750-1500,1: yes,25.0,1,1: work,1: car,25,2: return home,1: car,,,,,,,,,,8.0,11.0,17.0,20.0,,,,,,
266,0: feamale,26.0,4: master or phd,3: student,1: 750 or less,1: yes,25.0,15,3: education,1: car,25,1: work,3: bus,25.0,2: return home,7: walk,,,,,,,8.0,11.0,14.0,17.0,20.0,23.0,,,,
267,1: male,35.0,3: bachelor,4: active,2: 750-1500,1: yes,19.0,28,1: work,1: car,19,2: return home,1: car,19.0,5: recreation,7: walk,,,,,,,5.0,8.0,17.0,20.0,20.0,23.0,,,,
268,0: feamale,33.0,4: master or phd,4: active,3: 1500-2500,1: yes,29.0,22,1: work,1: car,29,2: return home,1: car,,,,,,,,,,11.0,14.0,17.0,20.0,,,,,,
269,0: feamale,48.0,4: master or phd,4: active,,1: yes,35.0,30,1: work,4: train,35,2: return home,4: train,,,,,,,,,,8.0,11.0,17.0,20.0,,,,,,
270,0: feamale,41.0,4: master or phd,4: active,2: 750-1500,1: yes,35.0,1,1: work,1: car,35,2: return home,1: car,,,,,,,,,,8.0,11.0,20.0,23.0,,,,,,
271,1: male,26.0,3: bachelor,3: student,1: 750 or less,1: yes,28.0,28,5: recreation,3: bus,6,5: recreation,4: train,,,,,,,,,,14.0,17.0,35.0,38.0,,,,,,
272,1: male,46.0,3: bachelor,4: active,3: 1500-2500,1: yes,25.0,1,1: work,5: motorcycle,1,1: work,5: motorcycle,,,,,,,,,,8.0,11.0,17.0,20.0,,,,,,
273,1: male,46.0,3: bachelor,4: active,,0: no,21.0,36,1: work,3: bus,2,1: work,3: bus,,,,,,,,,,5.0,8.0,14.0,17.0,,,,,,
274,0: feamale,32.0,4: master or phd,4: active,3: 1500-2500,1: yes,7.0,17,1: work,1: car,7,2: return home,1: car,,,,,,,,,,8.0,11.0,17.0,20.0,,,,,,
275,0: feamale,59.0,3: bachelor,4: active,,1: yes,6.0,1,1: work,1: car,23,5: recreation,1: car,6.0,2: return home,1: car,,,,,,,8.0,11.0,20.0,23.0,20.0,23.0,,,,
276,0: feamale,33.0,4: master or phd,4: active,2: 750-1500,1: yes,9.0,15,1: work,1: car,9,2: return home,1: car,9.0,3: education,1: car,19.0,4: market,1: car,,,,8.0,11.0,14.0,17.0,17.0,20.0,17.0,20.0,,
277,1: male,41.0,4: master or phd,4: active,2: 750-1500,1: yes,27.0,2,1: work,1: car,15,1: work,1: car,1.0,5: recreation,1: car,,,,,,,11.0,14.0,14.0,17.0,20.0,23.0,,,,
278,0: feamale,48.0,2: high school,4: active,2: 750-1500,1: yes,32.0,15,1: work,4: train,32,2: return home,4: train,,,,,,,,,,5.0,8.0,14.0,17.0,,,,,,
279,0: feamale,32.0,4: master or phd,4: active,2: 750-1500,1: yes,24.0,1,1: work,1: car,24,2: return home,1: car,,,,,,,,,,8.0,11.0,17.0,20.0,,,,,,
280,0: feamale,27.0,3: bachelor,4: active,2: 750-1500,1: yes,15.0,29,1: work,3: bus,15,2: return home,4: train,15.0,4: market,7: walk,,,,,,,8.0,11.0,17.0,20.0,17.0,20.0,,,,
281,0: feamale,39.0,4: master or phd,4: active,3: 1500-2500,1: yes,35.0,1,1: work,1: car,35,7: other,1: car,35.0,7: other,1: car,35.0,2: return home,1: car,,,,8.0,11.0,8.0,11.0,17.0,20.0,17.0,20.0,,
282,1: male,53.0,3: bachelor,4: active,2: 750-1500,0: no,4.0,1,1: work,4: train,4,2: return home,4: train,3.0,5: recreation,7: walk,,,,,,,8.0,11.0,17.0,20.0,17.0,20.0,,,,
283,0: feamale,29.0,2: high school,3: student,0: no income,1: yes,19.0,15,3: education,4: train,19,2: return home,4: train,19.0,1: work,7: walk,,,,,,,5.0,8.0,14.0,17.0,17.0,20.0,,,,
284,1: male,19.0,4: master or phd,4: active,1: 750 or less,1: yes,31.0,15,1: work,4: train,14,5: recreation,1: car,31.0,2: return home,1: car,,,,,,,8.0,11.0,17.0,20.0,23.0,29.0,,,,
285,1: male,21.0,4: master or phd,4: active,1: 750 or less,1: yes,32.0,22,1: work,1: car,8,7: other,1: car,32.0,2: return home,1: car,,,,,,,11.0,14.0,20.0,23.0,23.0,29.0,,,,
286,1: male,29.0,4: master or phd,4: active,2: 750-1500,1: yes,4.0,16,1: work,1: car,4,2: return home,1: car,1.0,5: recreation,1: car,,,,,,,8.0,11.0,14.0,17.0,20.0,23.0,,,,
287,1: male,31.0,3: bachelor,4: active,3: 1500-2500,1: yes,36.0,3,1: work,1: car,3,5: recreation,7: walk,1.0,5: recreation,7: walk,,,,,,,8.0,11.0,17.0,20.0,20.0,23.0,,,,
288,0: feamale,54.0,3: bachelor,4: active,3: 1500-2500,0: no,20.0,1,1: work,2: taxi,1,1: work,1: car,,,,,,,,,,8.0,11.0,29.0,32.0,,,,,,
289,1: male,44.0,3: bachelor,4: active,2: 750-1500,1: yes,17.0,15,1: work,1: car,4,1: work,1: car,,,,,,,,,,8.0,11.0,14.0,17.0,,,,,,
290,1: male,24.0,2: high school,3: student,0: no income,1: yes,31.0,31,5: recreation,1: car,32,5: recreation,1: car,31.0,2: return home,1: car,,,,,,,11.0,14.0,17.0,20.0,23.0,29.0,,,,
291,0: feamale,22.0,3: bachelor,4: active,1: 750 or less,1: yes,18.0,1,5: recreation,4: train,1,5: recreation,4: train,1.0,5: recreation,2: taxi,18.0,2: return home,2: taxi,,,,8.0,11.0,14.0,17.0,20.0,23.0,23.0,29.0,,
292,1: male,26.0,2: high school,3: student,0: no income,1: yes,35.0,15,3: education,1: car,35,2: return home,1: car,35.0,4: market,1: car,35.0,2: return home,1: car,35.0,5: recreation,1: car,11.0,14.0,14.0,17.0,17.0,20.0,17.0,20.0,20.0,23.0
293,1: male,34.0,3: bachelor,4: active,1: 750 or less,1: yes,29.0,35,1: work,4: train,35,1: work,4: train,,,,,,,,,,5.0,8.0,14.0,17.0,,,,,,
294,0: feamale,33.0,3: bachelor,4: active,2: 750-1500,1: yes,1.0,1,5: recreation,1: car,1,2: return home,1: car,,,,,,,,,,11.0,14.0,14.0,17.0,,,,,,
295,0: feamale,45.0,2: high school,4: active,1: 750 or less,0: no,7.0,35,1: work,3: bus,7,2: return home,3: bus,7.0,4: market,7: walk,,,,,,,5.0,8.0,14.0,17.0,14.0,17.0,,,,
296,0: feamale,61.0,4: master or phd,4: active,3: 1500-2500,1: yes,7.0,34,1: work,1: car,24,4: market,1: car,2.0,7: other,1: car,7.0,2: return home,1: car,,,,8.0,11.0,17.0,20.0,17.0,20.0,20.0,23.0,,
297,1: male,19.0,3: bachelor,2: unemployed,0: no income,0: no,15.0,15,3: education,4: train,1,3: education,4: train,,,,,,,,,,8.0,11.0,17.0,20.0,,,,,,
298,1: male,43.0,3: bachelor,4: active,3: 1500-2500,1: yes,1.0,22,1: work,4: train,1,2: return home,4: train,,,,,,,,,,8.0,11.0,14.0,17.0,,,,,,
299,1: male,44.0,4: master or phd,4: active,3: 1500-2500,1: yes,32.0,35,1: work,5: motorcycle,22,1: work,5: motorcycle,,,,,,,,,,8.0,11.0,17.0,20.0,,,,,,
300,0: feamale,46.0,3: bachelor,4: active,2: 750-1500,1: yes,30.0,22,1: work,1: car,30,2: return home,1: car,,,,,,,,,,8.0,11.0,20.0,23.0,,,,,,
301,1: male,36.0,4: master or phd,4: active,3: 1500-2500,1: yes,1.0,1,1: work,4: train,1,2: return home,4: train,1.0,5: recreation,7: walk,1.0,2: return home,7: walk,,,,8.0,11.0,17.0,20.0,20.0,23.0,20.0,23.0,,
302,0: feamale,31.0,3: bachelor,4: active,1: 750 or less,1: yes,25.0,35,1: work,4: train,25,2: return home,4: train,,,,,,,,,,8.0,11.0,17.0,20.0,,,,,,
303,0: feamale,31.0,4: master or phd,4: active,3: 1500-2500,0: no,25.0,1,1: work,2: taxi,25,2: return home,2: taxi,,,,,,,,,,8.0,11.0,17.0,20.0,,,,,,
304,0: feamale,44.0,3: bachelor,4: active,2: 750-1500,1: yes,32.0,26,1: work,1: car,22,1: work,1: car,,,,,,,,,,8.0,11.0,11.0,14.0,,,,,,
305,0: feamale,23.0,2: high school,3: student,0: no income,1: yes,18.0,18,5: recreation,7: walk,1,4: market,4: train,2.0,5: recreation,1: car,28.0,1: work,1: car,,,,17.0,20.0,38.0,41.0,44.0,47.0,56.0,59.0,,
306,1: male,28.0,3: bachelor,4: active,2: 750-1500,1: yes,24.0,35,1: work,4: train,31,5: recreation,7: walk,,,,,,,,,,14.0,17.0,20.0,23.0,,,,,,
307,0: feamale,26.0,4: master or phd,4: active,2: 750-1500,1: yes,20.0,25,1: work,4: train,28,4: market,4: train,28.0,5: recreation,7: walk,,,,,,,8.0,11.0,17.0,20.0,20.0,23.0,,,,
308,0: feamale,46.0,3: bachelor,4: active,2: 750-1500,1: yes,19.0,34,1: work,1: car,19,2: return home,1: car,19.0,4: market,1: car,,,,,,,8.0,11.0,17.0,20.0,17.0,20.0,,,,
309,1: male,29.0,2: high school,3: student,1: 750 or less,0: no,15.0,22,5: recreation,2: taxi,15,2: return home,2: taxi,,,,,,,,,,0.0,5.0,5.0,8.0,,,,,,
310,1: male,84.0,2: high school,1: inactive,2: 750-1500,1: yes,2.0,1,4: market,4: train,28,5: recreation,4: train,14.0,7: other,3: bus,,,,,,,11.0,14.0,11.0,14.0,17.0,20.0,,,,
311,0: feamale,24.0,4: master or phd,4: active,3: 1500-2500,1: yes,35.0,35,7: other,4: train,36,5: recreation,4: train,,,,,,,,,,17.0,20.0,29.0,32.0,,,,,,
312,1: male,62.0,3: bachelor,4: active,2: 750-1500,0: no,31.0,4,1: work,6: bicycle,35,4: market,6: bicycle,,,,,,,,,,8.0,11.0,17.0,20.0,,,,,,
313,0: feamale,38.0,3: bachelor,4: active,2: 750-1500,1: yes,35.0,35,1: work,1: car,35,2: return home,1: car,,,,,,,,,,11.0,14.0,23.0,29.0,,,,,,
314,,22.0,3: bachelor,4: active,2: 750-1500,1: yes,19.0,15,1: work,4: train,1,5: recreation,3: bus,19.0,2: return home,4: train,,,,,,,8.0,11.0,17.0,20.0,20.0,23.0,,,,
315,0: feamale,55.0,4: master or phd,4: active,3: 1500-2500,1: yes,24.0,16,1: work,1: car,13,7: other,1: car,15.0,7: other,1: car,13.0,5: recreation,7: walk,,,,8.0,11.0,17.0,20.0,23.0,29.0,38.0,41.0,,
316,0: feamale,36.0,4: master or phd,4: active,1: 750 or less,1: yes,22.0,34,1: work,1: car,22,2: return home,1: car,35.0,3: education,1: car,22.0,2: return home,1: car,,,,5.0,8.0,14.0,17.0,17.0,20.0,17.0,20.0,,
317,0: feamale,44.0,4: master or phd,4: active,3: 1500-2500,1: yes,22.0,36,1: work,1: car,22,2: return home,1: car,,,,,,,,,,8.0,11.0,17.0,20.0,,,,,,
318,1: male,54.0,2: high school,4: active,4: 2500 or more,1: yes,15.0,15,5: recreation,5: motorcycle,29,4: market,5: motorcycle,,,,,,,,,,11.0,14.0,11.0,14.0,,,,,,
319,1: male,64.0,3: bachelor,4: active,,1: yes,26.0,13,1: work,1: car,30,7: other,1: car,,,,,,,,,,5.0,8.0,11.0,14.0,,,,,,
320,0: feamale,55.0,3: bachelor,4: active,2: 750-1500,1: yes,5.0,35,1: work,1: car,5,2: return home,1: car,1.0,7: other,1: car,14.0,5: recreation,1: car,,,,5.0,8.0,11.0,14.0,14.0,17.0,14.0,17.0,,
321,0: feamale,27.0,2: high school,3: student,1: 750 or less,1: yes,35.0,29,3: education,4: train,35,5: recreation,1: car,35.0,2: return home,3: bus,,,,,,,8.0,11.0,14.0,17.0,17.0,20.0,,,,
322,1: male,19.0,2: high school,3: student,0: no income,0: no,19.0,2,4: market,4: train,1,4: market,4: train,4.0,5: recreation,4: train,,,,,,,8.0,11.0,11.0,14.0,14.0,17.0,,,,
323,1: male,29.0,2: high school,3: student,0: no income,1: yes,19.0,15,3: education,4: train,19,2: return home,4: train,19.0,5: recreation,7: walk,,,,,,,8.0,11.0,14.0,17.0,20.0,23.0,,,,
324,0: feamale,49.0,4: master or phd,4: active,2: 750-1500,1: yes,22.0,29,1: work,4: train,1,1: work,4: train,22.0,1: work,4: train,22.0,2: return home,2: taxi,,,,8.0,11.0,14.0,17.0,17.0,20.0,20.0,23.0,,
325,1: male,36.0,4: master or phd,4: active,,1: yes,1.0,1,5: recreation,4: train,1,5: recreation,4: train,34.0,5: recreation,7: walk,,,,,,,8.0,11.0,11.0,14.0,20.0,23.0,,,,
326,1: male,51.0,4: master or phd,4: active,4: 2500 or more,1: yes,28.0,1,1: work,1: car,28,2: return home,1: car,,,,,,,,,,8.0,11.0,17.0,20.0,,,,,,
327,0: feamale,19.0,2: high school,3: student,0: no income,0: no,18.0,18,7: other,4: train,1,3: education,4: train,2.0,5: recreation,7: walk,,,,,,,14.0,17.0,35.0,38.0,41.0,44.0,,,,
328,0: feamale,53.0,3: bachelor,4: active,2: 750-1500,1: yes,11.0,11,1: work,1: car,22,1: work,1: car,11.0,2: return home,1: car,,,,,,,5.0,8.0,5.0,8.0,17.0,20.0,,,,
329,1: male,27.0,4: master or phd,4: active,2: 750-1500,1: yes,2.0,24,1: work,5: motorcycle,24,4: market,5: motorcycle,,,,,,,,,,8.0,11.0,17.0,20.0,,,,,,
330,1: male,47.0,2: high school,4: active,2: 750-1500,1: yes,7.0,32,1: work,1: car,7,2: return home,2: taxi,,,,,,,,,,8.0,11.0,14.0,17.0,,,,,,
331,1: male,49.0,2: high school,4: active,,1: yes,23.0,17,1: work,4: train,10,7: other,4: train,34.0,7: other,7: walk,,,,,,,20.0,23.0,29.0,32.0,38.0,41.0,,,,
332,1: male,26.0,3: bachelor,3: student,0: no income,1: yes,19.0,1,3: education,4: train,19,2: return home,4: train,,,,,,,,,,8.0,11.0,11.0,14.0,,,,,,
333,1: male,57.0,3: bachelor,4: active,,1: yes,1.0,1,7: other,4: train,1,7: other,4: train,,,,,,,,,,17.0,20.0,17.0,20.0,,,,,,
334,0: feamale,27.0,2: high school,3: student,1: 750 or less,1: yes,15.0,15,3: education,7: walk,1,4: market,3: bus,,,,,,,,,,8.0,11.0,11.0,14.0,,,,,,
335,1: male,26.0,4: master or phd,4: active,3: 1500-2500,0: no,2.0,15,1: work,2: taxi,2,2: return home,7: walk,30.0,5: recreation,4: train,1.0,5: recreation,4: train,2.0,2: return home,7: walk,8.0,11.0,14.0,17.0,17.0,20.0,20.0,23.0,23.0,29.0
336,1: male,20.0,2: high school,3: student,0: no income,1: yes,1.0,1,5: recreation,4: train,11,5: recreation,1: car,,,,,,,,,,20.0,23.0,20.0,23.0,,,,,,
337,0: feamale,39.0,3: bachelor,4: active,2: 750-1500,1: yes,33.0,15,1: work,1: car,18,1: work,1: car,18.0,5: recreation,1: car,,,,,,,14.0,17.0,20.0,23.0,20.0,23.0,,,,
338,0: feamale,29.0,4: master or phd,4: active,3: 1500-2500,1: yes,17.0,22,1: work,1: car,36,1: work,1: car,22.0,5: recreation,1: car,,,,,,,8.0,11.0,14.0,17.0,17.0,20.0,,,,
339,1: male,26.0,3: bachelor,4: active,2: 750-1500,1: yes,31.0,15,1: work,4: train,31,2: return home,4: train,31.0,5: recreation,1: car,,,,,,,8.0,11.0,17.0,20.0,20.0,23.0,,,,
340,1: male,23.0,3: bachelor,4: active,2: 750-1500,1: yes,15.0,15,1: work,1: car,7,5: recreation,1: car,15.0,2: return home,1: car,,,,,,,8.0,11.0,17.0,20.0,20.0,23.0,,,,
341,1: male,38.0,3: bachelor,4: active,2: 750-1500,1: yes,35.0,35,1: work,1: car,35,2: return home,1: car,7.0,5: recreation,1: car,,,,,,,8.0,11.0,17.0,20.0,23.0,29.0,,,,
342,0: feamale,23.0,4: master or phd,4: active,2: 750-1500,1: yes,7.0,22,1: work,1: car,7,2: return home,1: car,,,,,,,,,,5.0,8.0,11.0,14.0,,,,,,
343,1: male,37.0,4: master or phd,4: active,3: 1500-2500,1: yes,7.0,22,1: work,1: car,7,2: return home,1: car,30.0,5: recreation,4: train,7.0,2: return home,4: train,,,,8.0,11.0,14.0,17.0,17.0,20.0,23.0,29.0,,
344,1: male,22.0,2: high school,3: student,0: no income,1: yes,15.0,15,3: education,3: bus,11,5: recreation,4: train,,,,,,,,,,8.0,11.0,17.0,20.0,,,,,,
345,0: feamale,49.0,3: bachelor,4: active,4: 2500 or more,1: yes,17.0,1,3: education,4: train,1,5: recreation,7: walk,17.0,2: return home,1: car,,,,,,,17.0,20.0,20.0,23.0,23.0,29.0,,,,
346,1: male,38.0,3: bachelor,4: active,2: 750-1500,1: yes,10.0,17,1: work,1: car,13,1: work,1: car,,,,,,,,,,8.0,11.0,17.0,20.0,,,,,,
347,0: feamale,19.0,2: high school,4: active,1: 750 or less,1: yes,16.0,7,1: work,4: train,16,2: return home,4: train,,,,,,,,,,14.0,17.0,23.0,29.0,,,,,,
348,0: feamale,25.0,4: master or phd,4: active,2: 750-1500,1: yes,6.0,15,1: work,5: motorcycle,18,5: recreation,5: motorcycle,,,,,,,,,,11.0,14.0,20.0,23.0,,,,,,
349,1: male,24.0,2: high school,3: student,0: no income,1: yes,15.0,15,3: education,1: car,15,2: return home,1: car,13.0,5: recreation,1: car,13.0,2: return home,1: car,,,,8.0,11.0,11.0,14.0,20.0,23.0,20.0,23.0,,
350,1: male,23.0,2: high school,4: active,1: 750 or less,0: no,21.0,28,1: work,5: motorcycle,21,2: return home,5: motorcycle,,,,,,,,,,8.0,11.0,14.0,17.0,,,,,,
351,,26.0,3: bachelor,4: active,2: 750-1500,0: no,18.0,18,5: recreation,4: train,28,4: market,4: train,28.0,4: market,3: bus,,,,,,,20.0,23.0,41.0,44.0,41.0,44.0,,,,
352,1: male,16.0,2: high school,3: student,0: no income,1: yes,30.0,30,4: market,7: walk,30,2: return home,3: bus,,,,,,,,,,11.0,14.0,11.0,14.0,,,,,,
353,0: feamale,16.0,2: high school,3: student,0: no income,1: yes,30.0,30,5: recreation,2: taxi,30,2: return home,2: taxi,,,,,,,,,,17.0,20.0,20.0,23.0,,,,,,
354,1: male,44.0,4: master or phd,4: active,2: 750-1500,1: yes,22.0,3,1: work,4: train,22,2: return home,4: train,,,,,,,,,,8.0,11.0,17.0,20.0,,,,,,
355,0: feamale,23.0,4: master or phd,4: active,2: 750-1500,1: yes,18.0,24,1: work,1: car,18,2: return home,1: car,28.0,5: recreation,1: car,,,,,,,8.0,11.0,20.0,23.0,20.0,23.0,,,,
356,1: male,28.0,3: bachelor,3: student,0: no income,1: yes,5.0,15,3: education,1: car,5,2: return home,1: car,,,,,,,,,,11.0,14.0,17.0,20.0,,,,,,
357,1: male,21.0,2: high school,3: student,0: no income,1: yes,35.0,1,3: education,4: train,35,2: return home,4: train,35.0,5: recreation,3: bus,,,,,,,14.0,17.0,17.0,20.0,20.0,23.0,,,,
358,0: feamale,22.0,2: high school,3: student,0: no income,1: yes,19.0,11,3: education,3: bus,19,2: return home,3: bus,,,,,,,,,,8.0,11.0,17.0,20.0,,,,,,
359,0: feamale,21.0,2: high school,3: student,1: 750 or less,1: yes,19.0,17,3: education,4: train,19,2: return home,1: car,,,,,,,,,,8.0,11.0,17.0,20.0,,,,,,
360,0: feamale,27.0,2: high school,3: student,1: 750 or less,1: yes,1.0,1,5: recreation,4: train,19,5: recreation,7: walk,,,,,,,,,,20.0,23.0,41.0,44.0,,,,,,
361,0: feamale,46.0,3: bachelor,4: active,1: 750 or less,0: no,26.0,13,1: work,3: bus,13,1: work,3: bus,13.0,1: work,3: bus,13.0,1: work,3: bus,13.0,1: work,3: bus,5.0,8.0,5.0,8.0,5.0,8.0,14.0,17.0,14.0,17.0
362,0: feamale,24.0,2: high school,3: student,0: no income,1: yes,11.0,23,3: education,4: train,11,2: return home,7: walk,,,,,,,,,,8.0,11.0,14.0,17.0,,,,,,
363,1: male,25.0,3: bachelor,4: active,,1: yes,35.0,35,5: recreation,1: car,20,3: education,1: car,,,,,,,,,,20.0,23.0,41.0,44.0,,,,,,
364,1: male,25.0,2: high school,3: student,0: no income,1: yes,7.0,32,1: work,4: train,18,1: work,4: train,,,,,,,,,,5.0,8.0,17.0,20.0,,,,,,
365,1: male,33.0,4: master or phd,4: active,2: 750-1500,0: no,2.0,21,5: recreation,6: bicycle,2,2: return home,6: bicycle,2.0,5: recreation,7: walk,2.0,2: return home,7: walk,,,,11.0,14.0,14.0,17.0,20.0,23.0,23.0,29.0,,
366,1: male,60.0,3: bachelor,1: inactive,,1: yes,30.0,30,4: market,7: walk,30,2: return home,3: bus,,,,,,,,,,11.0,14.0,14.0,17.0,,,,,,
367,0: feamale,35.0,4: master or phd,4: active,2: 750-1500,1: yes,21.0,22,1: work,1: car,22,1: work,1: car,,,,,,,,,,8.0,11.0,17.0,20.0,,,,,,
368,1: male,52.0,4: master or phd,4: active,4: 2500 or more,1: yes,17.0,35,1: work,1: car,1,4: market,1: car,,,,,,,,,,5.0,8.0,17.0,20.0,,,,,,
369,1: male,55.0,3: bachelor,4: active,3: 1500-2500,1: yes,30.0,31,1: work,1: car,30,2: return home,1: car,31.0,1: work,1: car,30.0,2: return home,1: car,,,,5.0,8.0,14.0,17.0,17.0,20.0,20.0,23.0,,
370,1: male,36.0,4: master or phd,4: active,2: 750-1500,1: yes,24.0,1,4: market,1: car,24,2: return home,1: car,,,,,,,,,,17.0,20.0,17.0,20.0,,,,,,
371,0: feamale,22.0,4: master or phd,4: active,2: 750-1500,1: yes,12.0,25,1: work,1: car,25,5: recreation,1: car,25.0,7: other,1: car,,,,,,,8.0,11.0,23.0,29.0,41.0,44.0,,,,
372,,36.0,4: master or phd,,1: 750 or less,1: yes,22.0,22,7: other,1: car,22,7: other,1: car,22.0,4: market,1: car,,,,,,,14.0,17.0,14.0,17.0,35.0,38.0,,,,
373,0: feamale,26.0,4: master or phd,4: active,2: 750-1500,1: yes,15.0,1,1: work,3: bus,15,2: return home,3: bus,6.0,1: work,2: taxi,,,,,,,8.0,11.0,20.0,23.0,35.0,38.0,,,,
374,0: feamale,21.0,4: master or phd,4: active,2: 750-1500,1: yes,24.0,3,1: work,1: car,24,2: return home,1: car,,,,,,,,,,8.0,11.0,17.0,20.0,,,,,,
375,0: feamale,35.0,4: master or phd,4: active,2: 750-1500,1: yes,28.0,2,1: work,1: car,28,2: return home,1: car,,,,,,,,,,5.0,8.0,14.0,17.0,,,,,,
376,1: male,19.0,3: bachelor,4: active,2: 750-1500,1: yes,16.0,7,1: work,1: car,22,1: work,1: car,22.0,5: recreation,1: car,,,,,,,8.0,11.0,17.0,20.0,20.0,23.0,,,,
377,1: male,43.0,3: bachelor,4: active,3: 1500-2500,1: yes,29.0,5,1: work,1: car,29,2: return home,1: car,,,,,,,,,,8.0,11.0,14.0,17.0,,,,,,
378,1: male,38.0,4: master or phd,4: active,2: 750-1500,1: yes,1.0,1,5: recreation,1: car,6,5: recreation,1: car,1.0,2: return home,1: car,,,,,,,17.0,20.0,20.0,23.0,23.0,29.0,,,,
379,1: male,32.0,4: master or phd,4: active,4: 2500 or more,1: yes,29.0,29,5: recreation,5: motorcycle,15,5: recreation,7: walk,,,,,,,,,,17.0,20.0,20.0,23.0,,,,,,
380,1: male,44.0,4: master or phd,4: active,4: 2500 or more,1: yes,12.0,1,1: work,1: car,22,1: work,1: car,3.0,5: recreation,1: car,3.0,1: work,4: train,,,,5.0,8.0,5.0,8.0,17.0,20.0,35.0,38.0,,
381,0: feamale,26.0,4: master or phd,4: active,,1: yes,18.0,22,1: work,1: car,18,2: return home,1: car,,,,,,,,,,8.0,11.0,14.0,17.0,,,,,,
382,1: male,27.0,4: master or phd,4: active,2: 750-1500,1: yes,28.0,35,1: work,1: car,35,1: work,1: car,,,,,,,,,,8.0,11.0,8.0,11.0,,,,,,
383,0: feamale,59.0,3: bachelor,4: active,3: 1500-2500,1: yes,3.0,3,7: other,1: car,10,5: recreation,4: train,,,,,,,,,,17.0,20.0,32.0,35.0,,,,,,
384,0: feamale,28.0,4: master or phd,4: active,2: 750-1500,1: yes,26.0,26,5: recreation,7: walk,26,5: recreation,7: walk,,,,,,,,,,14.0,17.0,14.0,17.0,,,,,,
385,0: feamale,23.0,3: bachelor,4: active,2: 750-1500,1: yes,15.0,11,1: work,1: car,15,2: return home,1: car,1.0,5: recreation,1: car,,,,,,,5.0,8.0,20.0,23.0,23.0,29.0,,,,
386,1: male,21.0,4: master or phd,4: active,2: 750-1500,1: yes,15.0,11,1: work,1: car,14,1: work,1: car,,,,,,,,,,8.0,11.0,17.0,20.0,,,,,,
387,1: male,36.0,3: bachelor,4: active,2: 750-1500,1: yes,8.0,18,1: work,1: car,24,1: work,1: car,18.0,1: work,1: car,28.0,4: market,1: car,18.0,1: work,1: car,8.0,11.0,8.0,11.0,11.0,14.0,11.0,14.0,14.0,17.0
388,1: male,18.0,4: master or phd,4: active,2: 750-1500,1: yes,21.0,17,1: work,5: motorcycle,30,3: education,5: motorcycle,21.0,2: return home,5: motorcycle,23.0,5: recreation,7: walk,21.0,2: return home,7: walk,8.0,11.0,17.0,20.0,20.0,23.0,20.0,23.0,23.0,29.0
389,0: feamale,29.0,4: master or phd,4: active,2: 750-1500,1: yes,29.0,15,1: work,1: car,29,2: return home,1: car,24.0,5: recreation,1: car,29.0,2: return home,1: car,,,,11.0,14.0,14.0,17.0,20.0,23.0,23.0,29.0,,
390,0: feamale,41.0,3: bachelor,4: active,1: 750 or less,1: yes,12.0,31,1: work,4: train,31,1: work,4: train,12.0,2: return home,4: train,,,,,,,5.0,8.0,5.0,8.0,14.0,17.0,,,,
391,0: feamale,42.0,4: master or phd,4: active,3: 1500-2500,1: yes,19.0,32,1: work,1: car,19,2: return home,1: car,,,,,,,,,,5.0,8.0,20.0,23.0,,,,,,
392,1: male,18.0,3: bachelor,4: active,2: 750-1500,1: yes,22.0,1,1: work,4: train,22,2: return home,4: train,,,,,,,,,,8.0,11.0,17.0,20.0,,,,,,
393,0: feamale,19.0,4: master or phd,4: active,2: 750-1500,1: yes,6.0,1,1: work,7: walk,6,2: return home,7: walk,1.0,7: other,7: walk,1.0,5: recreation,7: walk,6.0,2: return home,7: walk,5.0,8.0,14.0,17.0,17.0,20.0,20.0,23.0,23.0,29.0
394,0: feamale,28.0,2: high school,3: student,0: no income,1: yes,16.0,16,5: recreation,7: walk,20,5: recreation,6: bicycle,22.0,5: recreation,2: taxi,,,,,,,14.0,17.0,14.0,17.0,20.0,23.0,,,,
395,0: feamale,21.0,3: bachelor,4: active,2: 750-1500,1: yes,8.0,7,1: work,1: car,1,5: recreation,1: car,,,,,,,,,,8.0,11.0,20.0,23.0,,,,,,
396,0: feamale,28.0,4: master or phd,4: active,1: 750 or less,1: yes,19.0,19,1: work,3: bus,2,1: work,3: bus,1.0,5: recreation,4: train,19.0,2: return home,3: bus,,,,8.0,11.0,8.0,11.0,17.0,20.0,20.0,23.0,,
397,0: feamale,18.0,3: bachelor,4: active,2: 750-1500,1: yes,7.0,7,1: work,7: walk,7,5: recreation,7: walk,,,,,,,,,,8.0,11.0,20.0,23.0,,,,,,
398,1: male,29.0,2: high school,4: active,0: no income,1: yes,21.0,14,1: work,3: bus,2,1: work,3: bus,,,,,,,,,,5.0,8.0,5.0,8.0,,,,,,
399,1: male,20.0,3: bachelor,4: active,1: 750 or less,0: no,1.0,22,1: work,4: train,1,2: return home,4: train,15.0,3: education,3: bus,,,,,,,14.0,17.0,20.0,23.0,32.0,35.0,,,,
400,1: male,36.0,2: high school,4: active,2: 750-1500,0: no,6.0,6,1: work,5: motorcycle,19,7: other,5: motorcycle,35.0,5: recreation,5: motorcycle,6.0,2: return home,5: motorcycle,,,,5.0,8.0,17.0,20.0,20.0,23.0,20.0,23.0,,
401,0: feamale,57.0,3: bachelor,4: active,2: 750-1500,1: yes,1.0,25,1: work,4: train,1,2: return home,4: train,,,,,,,,,,8.0,11.0,17.0,20.0,,,,,,
402,1: male,27.0,4: master or phd,4: active,2: 750-1500,1: yes,11.0,34,1: work,1: car,21,1: work,1: car,,,,,,,,,,17.0,20.0,20.0,23.0,,,,,,
403,0: feamale,56.0,3: bachelor,1: inactive,2: 750-1500,1: yes,1.0,1,4: market,4: train,1,4: market,4: train,,,,,,,,,,11.0,14.0,11.0,14.0,,,,,,
404,0: feamale,29.0,4: master or phd,4: active,2: 750-1500,1: yes,1.0,13,1: work,1: car,29,5: recreation,1: car,,,,,,,,,,8.0,11.0,20.0,23.0,,,,,,
405,0: feamale,29.0,4: master or phd,4: active,2: 750-1500,1: yes,22.0,32,1: work,3: bus,1,1: work,4: train,,,,,,,,,,8.0,11.0,8.0,11.0,,,,,,
406,0: feamale,29.0,2: high school,3: student,1: 750 or less,0: no,8.0,8,5: recreation,7: walk,15,3: education,4: train,8.0,2: return home,4: train,,,,,,,17.0,20.0,32.0,35.0,41.0,44.0,,,,
407,0: feamale,22.0,2: high school,3: student,0: no income,0: no,4.0,30,3: education,4: train,4,2: return home,4: train,,,,,,,,,,14.0,17.0,17.0,20.0,,,,,,
408,0: feamale,31.0,4: master or phd,4: active,3: 1500-2500,1: yes,19.0,13,1: work,1: car,16,5: recreation,1: car,,,,,,,,,,8.0,11.0,14.0,17.0,,,,,,
409,1: male,65.0,2: high school,1: inactive,1: 750 or less,1: yes,3.0,5,7: other,3: bus,3,2: return home,4: train,,,,,,,,,,8.0,11.0,11.0,14.0,,,,,,
410,1: male,16.0,2: high school,3: student,0: no income,1: yes,5.0,5,3: education,7: walk,5,2: return home,7: walk,14.0,5: recreation,1: car,5.0,2: return home,1: car,,,,5.0,8.0,14.0,17.0,17.0,20.0,20.0,23.0,,
411,0: feamale,19.0,3: bachelor,4: active,,1: yes,35.0,35,3: education,4: train,24,1: work,4: train,,,,,,,,,,14.0,17.0,14.0,17.0,,,,,,
412,0: feamale,52.0,3: bachelor,4: active,3: 1500-2500,1: yes,1.0,1,1: work,1: car,1,2: return home,1: car,,,,,,,,,,5.0,8.0,14.0,17.0,,,,,,
413,0: feamale,27.0,4: master or phd,4: active,2: 750-1500,1: yes,7.0,22,1: work,1: car,7,2: return home,1: car,30.0,1: work,1: car,7.0,2: return home,1: car,,,,5.0,8.0,11.0,14.0,14.0,17.0,23.0,29.0,,
414,0: feamale,19.0,4: master or phd,4: active,2: 750-1500,1: yes,1.0,1,5: recreation,7: walk,1,2: return home,7: walk,16.0,5: recreation,2: taxi,1.0,5: recreation,2: taxi,,,,11.0,14.0,14.0,17.0,20.0,23.0,23.0,29.0,,
415,1: male,25.0,2: high school,3: student,1: 750 or less,1: yes,14.0,30,5: recreation,3: bus,14,2: return home,3: bus,12.0,5: recreation,3: bus,30.0,5: recreation,3: bus,,,,11.0,14.0,20.0,23.0,35.0,38.0,41.0,44.0,,
416,0: feamale,41.0,4: master or phd,4: active,,1: yes,1.0,17,5: recreation,1: car,1,2: return home,1: car,,,,,,,,,,17.0,20.0,20.0,23.0,,,,,,
417,0: feamale,51.0,4: master or phd,4: active,3: 1500-2500,1: yes,35.0,1,1: work,1: car,1,1: work,1: car,,,,,,,,,,11.0,14.0,17.0,20.0,,,,,,
418,0: feamale,19.0,4: master or phd,4: active,2: 750-1500,1: yes,8.0,35,1: work,1: car,8,2: return home,1: car,,,,,,,,,,5.0,8.0,17.0,20.0,,,,,,
419,0: feamale,28.0,3: bachelor,4: active,1: 750 or less,0: no,11.0,18,1: work,4: train,11,2: return home,4: train,,,,,,,,,,8.0,11.0,17.0,20.0,,,,,,
420,0: feamale,19.0,3: bachelor,4: active,3: 1500-2500,1: yes,1.0,1,5: recreation,3: bus,35,5: recreation,3: bus,,,,,,,,,,20.0,23.0,20.0,23.0,,,,,,
421,0: feamale,23.0,3: bachelor,4: active,2: 750-1500,1: yes,15.0,2,1: work,7: walk,15,2: return home,7: walk,15.0,4: market,7: walk,,,,,,,8.0,11.0,17.0,20.0,20.0,23.0,,,,
422,0: feamale,56.0,4: master or phd,4: active,2: 750-1500,0: no,7.0,7,1: work,5: motorcycle,6,1: work,5: motorcycle,1.0,4: market,5: motorcycle,7.0,2: return home,5: motorcycle,,,,14.0,17.0,32.0,35.0,38.0,41.0,41.0,44.0,,
423,1: male,35.0,4: master or phd,4: active,3: 1500-2500,1: yes,25.0,34,1: work,1: car,25,2: return home,1: car,1.0,5: recreation,1: car,25.0,2: return home,1: car,,,,8.0,11.0,14.0,17.0,20.0,23.0,23.0,29.0,,
424,0: feamale,19.0,3: bachelor,4: active,2: 750-1500,1: yes,18.0,18,5: recreation,1: car,13,7: other,1: car,,,,,,,,,,20.0,23.0,20.0,23.0,,,,,,
425,1: male,22.0,2: high school,3: student,0: no income,0: no,25.0,25,5: recreation,4: train,18,5: recreation,4: train,,,,,,,,,,17.0,20.0,17.0,20.0,,,,,,
426,0: feamale,28.0,2: high school,3: student,1: 750 or less,0: no,21.0,15,3: education,2: taxi,21,2: return home,3: bus,,,,,,,,,,14.0,17.0,17.0,20.0,,,,,,
427,0: feamale,22.0,2: high school,3: student,0: no income,1: yes,30.0,15,3: education,4: train,30,2: return home,4: train,30.0,6: service,4: train,,,,,,,8.0,11.0,14.0,17.0,17.0,20.0,,,,
428,0: feamale,26.0,3: bachelor,4: active,3: 1500-2500,1: yes,16.0,12,1: work,1: car,22,1: work,1: car,,,,,,,,,,8.0,11.0,14.0,17.0,,,,,,
429,1: male,43.0,4: master or phd,4: active,2: 750-1500,1: yes,11.0,7,1: work,4: train,6,4: market,4: train,,,,,,,,,,8.0,11.0,11.0,14.0,,,,,,
430,0: feamale,43.0,4: master or phd,4: active,3: 1500-2500,1: yes,7.0,1,1: work,4: train,7,2: return home,4: train,,,,,,,,,,8.0,11.0,17.0,20.0,,,,,,
431,0: feamale,25.0,4: master or phd,4: active,2: 750-1500,1: yes,22.0,22,5: recreation,1: car,28,5: recreation,1: car,,,,,,,,,,14.0,17.0,17.0,20.0,,,,,,
432,0: feamale,27.0,3: bachelor,4: active,1: 750 or less,1: yes,4.0,17,1: work,4: train,4,2: return home,4: train,,,,,,,,,,14.0,17.0,20.0,23.0,,,,,,
433,0: feamale,27.0,4: master or phd,4: active,2: 750-1500,1: yes,1.0,1,1: work,1: car,1,2: return home,1: car,,,,,,,,,,8.0,11.0,14.0,17.0,,,,,,
434,0: feamale,35.0,3: bachelor,4: active,3: 1500-2500,1: yes,35.0,22,1: work,1: car,35,2: return home,1: car,,,,,,,,,,8.0,11.0,17.0,20.0,,,,,,
435,0: feamale,29.0,2: high school,4: active,1: 750 or less,1: yes,22.0,22,1: work,1: car,22,2: return home,1: car,22.0,5: recreation,1: car,22.0,5: recreation,1: car,22.0,2: return home,1: car,8.0,11.0,14.0,17.0,17.0,20.0,20.0,23.0,23.0,29.0
436,1: male,35.0,4: master or phd,4: active,,1: yes,21.0,1,5: recreation,3: bus,21,2: return home,3: bus,,,,,,,,,,17.0,20.0,17.0,20.0,,,,,,
437,0: feamale,22.0,3: bachelor,4: active,1: 750 or less,1: yes,15.0,16,3: education,3: bus,15,2: return home,3: bus,16.0,5: recreation,4: train,18.0,2: return home,4: train,,,,8.0,11.0,17.0,20.0,17.0,20.0,20.0,23.0,,
438,0: feamale,36.0,2: high school,2: unemployed,1: 750 or less,0: no,1.0,32,4: market,4: train,1,2: return home,4: train,,,,,,,,,,17.0,20.0,17.0,20.0,,,,,,
439,1: male,24.0,3: bachelor,4: active,,1: yes,32.0,22,1: work,1: car,35,5: recreation,1: car,,,,,,,,,,8.0,11.0,17.0,20.0,,,,,,
440,1: male,32.0,2: high school,4: active,2: 750-1500,1: yes,30.0,4,1: work,4: train,2,1: work,4: train,,,,,,,,,,5.0,8.0,11.0,14.0,,,,,,
441,0: feamale,28.0,2: high school,3: student,1: 750 or less,1: yes,18.0,11,3: education,4: train,1,5: recreation,4: train,18.0,2: return home,4: train,,,,,,,8.0,11.0,20.0,23.0,23.0,29.0,,,,
442,0: feamale,41.0,2: high school,4: active,1: 750 or less,0: no,21.0,21,1: work,3: bus,21,2: return home,4: train,,,,,,,,,,5.0,8.0,14.0,17.0,,,,,,
443,0: feamale,20.0,3: bachelor,4: active,2: 750-1500,1: yes,31.0,29,1: work,4: train,31,2: return home,4: train,28.0,5: recreation,1: car,31.0,2: return home,1: car,35.0,4: market,4: train,5.0,8.0,14.0,17.0,17.0,20.0,17.0,20.0,17.0,20.0
444,0: feamale,45.0,4: master or phd,2: unemployed,2: 750-1500,1: yes,30.0,30,7: other,7: walk,31,7: other,7: walk,,,,,,,,,,8.0,11.0,11.0,14.0,,,,,,
445,0: feamale,34.0,3: bachelor,4: active,2: 750-1500,1: yes,8.0,2,1: work,3: bus,11,7: other,4: train,8.0,2: return home,3: bus,,,,,,,5.0,8.0,17.0,20.0,20.0,23.0,,,,
446,0: feamale,28.0,3: bachelor,3: student,1: 750 or less,1: yes,12.0,12,5: recreation,1: car,12,2: return home,1: car,,,,,,,,,,17.0,20.0,23.0,29.0,,,,,,
447,0: feamale,34.0,4: master or phd,4: active,3: 1500-2500,1: yes,34.0,13,7: other,2: taxi,34,2: return home,2: taxi,34.0,2: return home,2: taxi,,,,,,,17.0,20.0,20.0,23.0,20.0,23.0,,,,
448,1: male,27.0,3: bachelor,4: active,1: 750 or less,1: yes,4.0,4,5: recreation,1: car,19,5: recreation,1: car,,,,,,,,,,11.0,14.0,14.0,17.0,,,,,,
449,0: feamale,27.0,3: bachelor,4: active,1: 750 or less,1: yes,24.0,9,1: work,1: car,24,2: return home,1: car,32.0,5: recreation,1: car,,,,,,,8.0,11.0,17.0,20.0,20.0,23.0,,,,
450,0: feamale,49.0,4: master or phd,4: active,2: 750-1500,1: yes,4.0,4,1: work,7: walk,4,2: return home,7: walk,4.0,4: market,7: walk,,,,,,,11.0,14.0,17.0,20.0,17.0,20.0,,,,
451,0: feamale,36.0,4: master or phd,4: active,2: 750-1500,0: no,5.0,26,5: recreation,3: bus,5,2: return home,7: walk,,,,,,,,,,17.0,20.0,17.0,20.0,,,,,,
452,0: feamale,36.0,3: bachelor,4: active,1: 750 or less,1: yes,18.0,21,1: work,3: bus,30,1: work,3: bus,,,,,,,,,,8.0,11.0,20.0,23.0,,,,,,
453,1: male,24.0,4: master or phd,4: active,2: 750-1500,1: yes,31.0,22,1: work,1: car,31,2: return home,1: car,31.0,5: recreation,7: walk,31.0,2: return home,7: walk,,,,8.0,11.0,17.0,20.0,17.0,20.0,17.0,20.0,,
454,0: feamale,21.0,3: bachelor,4: active,2: 750-1500,1: yes,13.0,1,4: market,7: walk,13,2: return home,7: walk,,,,,,,,,,14.0,17.0,20.0,23.0,,,,,,
455,0: feamale,21.0,3: bachelor,4: active,2: 750-1500,1: yes,20.0,24,1: work,4: train,16,1: work,4: train,,,,,,,,,,14.0,17.0,14.0,17.0,,,,,,
456,0: feamale,39.0,3: bachelor,4: active,1: 750 or less,1: yes,24.0,24,1: work,1: car,24,2: return home,1: car,,,,,,,,,,8.0,11.0,17.0,20.0,,,,,,
457,1: male,39.0,4: master or phd,4: active,2: 750-1500,0: no,32.0,32,5: recreation,5: motorcycle,32,2: return home,5: motorcycle,,,,,,,,,,17.0,20.0,17.0,20.0,,,,,,
458,1: male,62.0,3: bachelor,4: active,4: 2500 or more,1: yes,12.0,12,5: recreation,1: car,12,4: market,1: car,,,,,,,,,,17.0,20.0,35.0,38.0,,,,,,
459,0: feamale,61.0,3: bachelor,1: inactive,2: 750-1500,1: yes,2.0,1,5: recreation,3: bus,2,2: return home,3: bus,2.0,7: other,7: walk,2.0,2: return home,7: walk,,,,11.0,14.0,17.0,20.0,20.0,23.0,23.0,29.0,,
460,1: male,56.0,3: bachelor,1: inactive,2: 750-1500,1: yes,2.0,30,5: recreation,1: car,2,2: return home,1: car,,,,,,,,,,14.0,17.0,17.0,20.0,,,,,,
461,0: feamale,43.0,2: high school,4: active,2: 750-1500,1: yes,9.0,22,1: work,1: car,9,2: return home,1: car,25.0,7: other,1: car,,,,,,,5.0,8.0,14.0,17.0,20.0,23.0,,,,
462,0: feamale,27.0,3: bachelor,4: active,2: 750-1500,0: no,32.0,32,1: work,7: walk,35,1: work,4: train,32.0,2: return home,4: train,,,,,,,8.0,11.0,8.0,11.0,17.0,20.0,,,,
463,0: feamale,37.0,4: master or phd,4: active,2: 750-1500,1: yes,24.0,22,1: work,1: car,22,4: market,1: car,,,,,,,,,,8.0,11.0,17.0,20.0,,,,,,
464,1: male,62.0,4: master or phd,4: active,,1: yes,26.0,26,7: other,1: car,26,2: return home,1: car,,,,,,,,,,17.0,20.0,17.0,20.0,,,,,,
465,0: feamale,20.0,3: bachelor,4: active,1: 750 or less,1: yes,22.0,22,5: recreation,1: car,22,2: return home,1: car,,,,,,,,,,20.0,23.0,23.0,29.0,,,,,,
466,0: feamale,23.0,4: master or phd,4: active,2: 750-1500,1: yes,35.0,1,5: recreation,4: train,35,2: return home,4: train,,,,,,,,,,11.0,14.0,20.0,23.0,,,,,,
467,1: male,19.0,3: bachelor,4: active,2: 750-1500,1: yes,18.0,15,7: other,1: car,18,2: return home,1: car,,,,,,,,,,8.0,11.0,8.0,11.0,,,,,,
468,0: feamale,45.0,2: high school,4: active,2: 750-1500,1: yes,7.0,4,1: work,7: walk,7,2: return home,2: taxi,,,,,,,,,,5.0,8.0,17.0,20.0,,,,,,
469,1: male,28.0,3: bachelor,4: active,3: 1500-2500,0: no,7.0,25,1: work,4: train,7,2: return home,4: train,,,,,,,,,,8.0,11.0,20.0,23.0,,,,,,
470,0: feamale,29.0,4: master or phd,4: active,2: 750-1500,1: yes,30.0,15,1: work,4: train,30,2: return home,4: train,,,,,,,,,,8.0,11.0,17.0,20.0,,,,,,
471,1: male,26.0,2: high school,4: active,1: 750 or less,1: yes,4.0,1,1: work,3: bus,4,2: return home,3: bus,,,,,,,,,,11.0,14.0,20.0,23.0,,,,,,
472,1: male,25.0,3: bachelor,2: unemployed,0: no income,0: no,16.0,16,5: recreation,7: walk,16,5: recreation,7: walk,,,,,,,,,,14.0,17.0,14.0,17.0,,,,,,
473,1: male,38.0,3: bachelor,4: active,1: 750 or less,1: yes,35.0,35,7: other,4: train,35,1: work,3: bus,35.0,7: other,4: train,,,,,,,14.0,17.0,32.0,35.0,41.0,44.0,,,,
474,0: feamale,18.0,2: high school,3: student,2: 750-1500,1: yes,8.0,8,1: work,3: bus,8,3: education,4: train,8.0,4: market,3: bus,8.0,2: return home,3: bus,,,,8.0,11.0,8.0,11.0,11.0,14.0,17.0,20.0,,
475,1: male,26.0,3: bachelor,3: student,0: no income,0: no,7.0,35,1: work,4: train,7,2: return home,4: train,35.0,7: other,3: bus,,,,,,,8.0,11.0,17.0,20.0,20.0,23.0,,,,
476,0: feamale,35.0,3: bachelor,4: active,1: 750 or less,1: yes,17.0,36,7: other,1: car,17,2: return home,1: car,,,,,,,,,,14.0,17.0,14.0,17.0,,,,,,
477,0: feamale,64.0,3: bachelor,4: active,2: 750-1500,1: yes,7.0,21,1: work,4: train,7,2: return home,4: train,,,,,,,,,,5.0,8.0,14.0,17.0,,,,,,
478,0: feamale,33.0,3: bachelor,4: active,1: 750 or less,0: no,21.0,28,1: work,3: bus,21,2: return home,3: bus,21.0,7: other,7: walk,,,,,,,20.0,23.0,29.0,32.0,38.0,41.0,,,,
479,0: feamale,24.0,4: master or phd,4: active,3: 1500-2500,1: yes,2.0,29,1: work,1: car,34,5: recreation,1: car,2.0,2: return home,1: car,,,,,,,8.0,11.0,17.0,20.0,23.0,29.0,,,,
480,1: male,31.0,4: master or phd,4: active,4: 2500 or more,1: yes,22.0,2,1: work,1: car,24,1: work,1: car,22.0,7: other,1: car,20.0,5: recreation,1: car,22.0,2: return home,1: car,8.0,11.0,14.0,17.0,17.0,20.0,20.0,23.0,23.0,29.0
481,0: feamale,29.0,3: bachelor,4: active,2: 750-1500,1: yes,30.0,30,1: work,7: walk,30,2: return home,7: walk,,,,,,,,,,5.0,8.0,17.0,20.0,,,,,,
482,1: male,22.0,4: master or phd,4: active,3: 1500-2500,1: yes,26.0,15,1: work,1: car,11,1: work,1: car,,,,,,,,,,8.0,11.0,17.0,20.0,,,,,,
483,0: feamale,25.0,3: bachelor,4: active,2: 750-1500,1: yes,12.0,7,1: work,1: car,7,1: work,1: car,1.0,5: recreation,4: train,,,,,,,8.0,11.0,14.0,17.0,20.0,23.0,,,,
484,0: feamale,26.0,4: master or phd,4: active,2: 750-1500,1: yes,20.0,29,1: work,1: car,2,5: recreation,1: car,20.0,2: return home,1: car,,,,,,,5.0,8.0,14.0,17.0,17.0,20.0,,,,
485,1: male,24.0,2: high school,3: student,1: 750 or less,1: yes,36.0,11,3: education,3: bus,36,2: return home,3: bus,,,,,,,,,,8.0,11.0,11.0,14.0,,,,,,
486,0: feamale,21.0,3: bachelor,4: active,2: 750-1500,1: yes,22.0,22,7: other,1: car,14,1: work,1: car,32.0,5: recreation,1: car,,,,,,,11.0,14.0,11.0,14.0,20.0,23.0,,,,
487,0: feamale,24.0,3: bachelor,4: active,1: 750 or less,0: no,14.0,22,1: work,1: car,35,4: market,1: car,,,,,,,,,,17.0,20.0,17.0,20.0,,,,,,
488,0: feamale,26.0,3: bachelor,4: active,2: 750-1500,1: yes,36.0,36,5: recreation,1: car,36,4: market,1: car,,,,,,,,,,17.0,20.0,20.0,23.0,,,,,,
489,0: feamale,45.0,4: master or phd,4: active,,0: no,7.0,7,7: other,5: motorcycle,1,6: service,5: motorcycle,2.0,4: market,5: motorcycle,,,,,,,8.0,11.0,11.0,14.0,11.0,14.0,,,,
490,0: feamale,27.0,4: master or phd,3: student,1: 750 or less,1: yes,4.0,3,1: work,1: car,4,2: return home,1: car,2.0,5: recreation,1: car,,,,,,,5.0,8.0,14.0,17.0,20.0,23.0,,,,
491,1: male,49.0,4: master or phd,4: active,,1: yes,26.0,22,1: work,1: car,2,1: work,1: car,2.0,5: recreation,7: walk,,,,,,,8.0,11.0,14.0,17.0,20.0,23.0,,,,
492,0: feamale,32.0,4: master or phd,4: active,2: 750-1500,0: no,2.0,3,1: work,7: walk,2,2: return home,7: walk,1.0,5: recreation,2: taxi,,,,,,,8.0,11.0,17.0,20.0,20.0,23.0,,,,
493,1: male,62.0,2: high school,,2: 750-1500,1: yes,35.0,2,1: work,1: car,35,2: return home,1: car,,,,,,,,,,8.0,11.0,17.0,20.0,,,,,,
494,0: feamale,43.0,4: master or phd,4: active,3: 1500-2500,1: yes,1.0,1,1: work,7: walk,1,1: work,7: walk,1.0,4: market,1: car,,,,,,,5.0,8.0,14.0,17.0,17.0,20.0,,,,
495,1: male,38.0,3: bachelor,4: active,2: 750-1500,1: yes,5.0,18,1: work,1: car,11,1: work,1: car,16.0,5: recreation,7: walk,,,,,,,8.0,11.0,17.0,20.0,17.0,20.0,,,,
496,0: feamale,27.0,3: bachelor,3: student,0: no income,1: yes,1.0,1,3: education,4: train,1,5: recreation,7: walk,4.0,5: recreation,1: car,,,,,,,11.0,14.0,14.0,17.0,20.0,23.0,,,,
497,0: feamale,55.0,3: bachelor,2: unemployed,1: 750 or less,0: no,1.0,1,5: recreation,3: bus,1,4: market,7: walk,,,,,,,,,,20.0,23.0,32.0,35.0,,,,,,
498,1: male,29.0,3: bachelor,4: active,2: 750-1500,1: yes,34.0,35,1: work,1: car,34,2: return home,1: car,,,,,,,,,,8.0,11.0,20.0,23.0,,,,,,
499,0: feamale,63.0,4: master or phd,4: active,2: 750-1500,1: yes,20.0,1,7: other,1: car,3,1: work,1: car,20.0,2: return home,1: car,,,,,,,8.0,11.0,11.0,14.0,17.0,20.0,,,,
500,0: feamale,60.0,4: master or phd,1: inactive,1: 750 or less,1: yes,15.0,34,7: other,1: car,2,4: market,1: car,15.0,2: return home,1: car,,,,,,,8.0,11.0,17.0,20.0,20.0,23.0,,,,
501,0: feamale,31.0,3: bachelor,4: active,2: 750-1500,0: no,2.0,2,5: recreation,7: walk,1,7: other,7: walk,1.0,1: work,6: bicycle,2.0,2: return home,6: bicycle,,,,8.0,11.0,11.0,14.0,17.0,20.0,20.0,23.0,,
502,0: feamale,56.0,3: bachelor,4: active,3: 1500-2500,1: yes,20.0,35,1: work,1: car,20,2: return home,1: car,,,,,,,,,,8.0,11.0,17.0,20.0,,,,,,
503,1: male,43.0,4: master or phd,4: active,2: 750-1500,1: yes,1.0,1,1: work,7: walk,13,7: other,1: car,,,,,,,,,,5.0,8.0,17.0,20.0,,,,,,
504,1: male,57.0,3: bachelor,4: active,2: 750-1500,1: yes,24.0,2,1: work,5: motorcycle,1,5: recreation,6: bicycle,,,,,,,,,,5.0,8.0,17.0,20.0,,,,,,
505,0: feamale,25.0,3: bachelor,4: active,2: 750-1500,1: yes,18.0,18,7: other,4: train,18,2: return home,4: train,,,,,,,,,,11.0,14.0,11.0,14.0,,,,,,
506,0: feamale,29.0,2: high school,3: student,0: no income,1: yes,2.0,30,3: education,4: train,2,2: return home,3: bus,,,,,,,,,,5.0,8.0,11.0,14.0,,,,,,
507,0: feamale,22.0,4: master or phd,4: active,1: 750 or less,0: no,15.0,22,1: work,3: bus,15,2: return home,3: bus,4.0,6: service,3: bus,,,,,,,14.0,17.0,20.0,23.0,35.0,38.0,,,,
508,1: male,31.0,4: master or phd,4: active,3: 1500-2500,1: yes,2.0,30,1: work,1: car,2,2: return home,1: car,12.0,7: other,1: car,,,,,,,8.0,11.0,17.0,20.0,35.0,38.0,,,,
509,0: feamale,39.0,4: master or phd,4: active,3: 1500-2500,1: yes,28.0,7,1: work,1: car,22,5: recreation,1: car,28.0,2: return home,1: car,,,,,,,8.0,11.0,17.0,20.0,20.0,23.0,,,,
510,1: male,39.0,4: master or phd,4: active,2: 750-1500,0: no,2.0,15,1: work,3: bus,1,4: market,4: train,2.0,2: return home,7: walk,,,,,,,8.0,11.0,14.0,17.0,17.0,20.0,,,,
511,0: feamale,47.0,3: bachelor,1: inactive,,0: no,28.0,28,5: recreation,2: taxi,28,4: market,7: walk,,,,,,,,,,14.0,17.0,20.0,23.0,,,,,,
512,0: feamale,25.0,4: master or phd,4: active,3: 1500-2500,1: yes,7.0,1,1: work,1: car,28,1: work,1: car,,,,,,,,,,8.0,11.0,17.0,20.0,,,,,,
513,0: feamale,55.0,3: bachelor,1: inactive,1: 750 or less,1: yes,2.0,13,7: other,2: taxi,2,2: return home,3: bus,,,,,,,,,,8.0,11.0,11.0,14.0,,,,,,
514,0: feamale,62.0,4: master or phd,4: active,2: 750-1500,0: no,5.0,5,7: other,7: walk,6,7: other,7: walk,6.0,4: market,7: walk,,,,,,,11.0,14.0,14.0,17.0,17.0,20.0,,,,
515,0: feamale,48.0,2: high school,4: active,2: 750-1500,1: yes,6.0,7,1: work,5: motorcycle,6,2: return home,5: motorcycle,6.0,4: market,7: walk,,,,,,,8.0,11.0,17.0,20.0,17.0,20.0,,,,
516,1: male,58.0,3: bachelor,4: active,2: 750-1500,1: yes,15.0,7,1: work,1: car,6,1: work,1: car,,,,,,,,,,8.0,11.0,14.0,17.0,,,,,,
517,1: male,21.0,2: high school,4: active,1: 750 or less,1: yes,16.0,16,3: education,7: walk,1,1: work,7: walk,,,,,,,,,,17.0,20.0,29.0,32.0,,,,,,
518,1: male,24.0,3: bachelor,4: active,2: 750-1500,1: yes,15.0,1,1: work,5: motorcycle,15,2: return home,5: motorcycle,18.0,5: recreation,5: motorcycle,30.0,5: recreation,5: motorcycle,,,,8.0,11.0,17.0,20.0,17.0,20.0,20.0,23.0,,
519,0: feamale,39.0,2: high school,4: active,1: 750 or less,0: no,14.0,23,1: work,6: bicycle,21,1: work,6: bicycle,,,,,,,,,,8.0,11.0,14.0,17.0,,,,,,
520,0: feamale,38.0,3: bachelor,4: active,1: 750 or less,1: yes,6.0,6,4: market,7: walk,6,7: other,7: walk,,,,,,,,,,14.0,17.0,14.0,17.0,,,,,,
521,1: male,23.0,4: master or phd,4: active,2: 750-1500,1: yes,20.0,15,1: work,1: car,10,7: other,1: car,,,,,,,,,,8.0,11.0,8.0,11.0,,,,,,
522,0: feamale,31.0,4: master or phd,4: active,2: 750-1500,1: yes,7.0,15,1: work,3: bus,7,2: return home,3: bus,7.0,5: recreation,7: walk,7.0,2: return home,7: walk,,,,8.0,11.0,17.0,20.0,20.0,23.0,23.0,29.0,,
523,1: male,20.0,2: high school,3: student,0: no income,1: yes,15.0,15,5: recreation,3: bus,15,2: return home,7: walk,1.0,2: return home,2: taxi,,,,,,,11.0,14.0,23.0,29.0,44.0,47.0,,,,
524,0: feamale,18.0,2: high school,3: student,1: 750 or less,1: yes,15.0,34,5: recreation,5: motorcycle,21,7: other,5: motorcycle,15.0,2: return home,5: motorcycle,25.0,5: recreation,5: motorcycle,11.0,5: recreation,4: train,14.0,17.0,17.0,20.0,20.0,23.0,20.0,23.0,20.0,23.0
525,0: feamale,56.0,3: bachelor,4: active,2: 750-1500,1: yes,7.0,1,5: recreation,1: car,7,2: return home,1: car,,,,,,,,,,20.0,23.0,23.0,29.0,,,,,,
526,1: male,22.0,2: high school,3: student,1: 750 or less,0: no,15.0,15,7: other,7: walk,7,5: recreation,3: bus,,,,,,,,,,14.0,17.0,20.0,23.0,,,,,,
527,1: male,42.0,4: master or phd,4: active,2: 750-1500,1: yes,30.0,24,1: work,1: car,7,7: other,1: car,30.0,2: return home,1: car,,,,,,,8.0,11.0,17.0,20.0,17.0,20.0,,,,
528,0: feamale,20.0,3: bachelor,4: active,2: 750-1500,1: yes,25.0,24,1: work,4: train,24,1: work,4: train,15.0,1: work,4: train,,,,,,,8.0,11.0,29.0,32.0,44.0,47.0,,,,
529,0: feamale,28.0,3: bachelor,4: active,2: 750-1500,1: yes,1.0,1,5: recreation,7: walk,15,5: recreation,7: walk,,,,,,,,,,20.0,23.0,20.0,23.0,,,,,,
530,1: male,22.0,4: master or phd,4: active,2: 750-1500,1: yes,35.0,35,5: recreation,1: car,36,1: work,1: car,,,,,,,,,,17.0,20.0,32.0,35.0,,,,,,
531,1: male,29.0,4: master or phd,4: active,2: 750-1500,1: yes,3.0,1,1: work,4: train,3,2: return home,4: train,,,,,,,,,,8.0,11.0,17.0,20.0,,,,,,
532,1: male,63.0,3: bachelor,1: inactive,2: 750-1500,1: yes,21.0,21,7: other,1: car,2,4: market,1: car,,,,,,,,,,11.0,14.0,11.0,14.0,,,,,,
533,0: feamale,60.0,2: high school,1: inactive,1: 750 or less,1: yes,14.0,14,7: other,7: walk,14,7: other,7: walk,14.0,4: market,1: car,,,,,,,17.0,20.0,17.0,20.0,38.0,41.0,,,,
534,0: feamale,73.0,4: master or phd,1: inactive,2: 750-1500,1: yes,1.0,1,4: market,7: walk,1,7: other,1: car,,,,,,,,,,11.0,14.0,14.0,17.0,,,,,,
535,0: feamale,55.0,3: bachelor,4: active,2: 750-1500,1: yes,36.0,36,1: work,1: car,36,2: return home,1: car,,,,,,,,,,8.0,11.0,14.0,17.0,,,,,,
536,0: feamale,42.0,4: master or phd,4: active,3: 1500-2500,1: yes,15.0,1,4: market,3: bus,6,1: work,7: walk,,,,,,,,,,17.0,20.0,32.0,35.0,,,,,,
537,0: feamale,33.0,2: high school,2: unemployed,0: no income,1: yes,1.0,12,5: recreation,1: car,1,2: return home,1: car,1.0,5: recreation,2: taxi,1.0,2: return home,1: car,,,,11.0,14.0,14.0,17.0,20.0,23.0,23.0,29.0,,
538,0: feamale,26.0,4: master or phd,4: active,2: 750-1500,1: yes,24.0,22,1: work,4: train,24,2: return home,4: train,,,,,,,,,,8.0,11.0,17.0,20.0,,,,,,
539,0: feamale,20.0,2: high school,3: student,0: no income,1: yes,7.0,15,3: education,3: bus,7,2: return home,3: bus,1.0,5: recreation,4: train,,,,,,,8.0,11.0,17.0,20.0,20.0,23.0,,,,
540,1: male,36.0,4: master or phd,4: active,3: 1500-2500,1: yes,7.0,29,7: other,1: car,7,5: recreation,1: car,7.0,2: return home,1: car,,,,,,,17.0,20.0,17.0,20.0,20.0,23.0,,,,
541,0: feamale,29.0,4: master or phd,4: active,1: 750 or less,1: yes,36.0,2,1: work,4: train,2,1: work,4: train,,,,,,,,,,11.0,14.0,11.0,14.0,,,,,,
542,1: male,21.0,4: master or phd,4: active,2: 750-1500,1: yes,22.0,22,7: other,1: car,22,2: return home,1: car,,,,,,,,,,8.0,11.0,20.0,23.0,,,,,,
543,0: feamale,31.0,3: bachelor,4: active,1: 750 or less,1: yes,24.0,15,1: work,5: motorcycle,13,1: work,5: motorcycle,24.0,1: work,5: motorcycle,,,,,,,14.0,17.0,14.0,17.0,20.0,23.0,,,,
544,0: feamale,61.0,3: bachelor,1: inactive,2: 750-1500,1: yes,25.0,1,5: recreation,4: train,25,2: return home,4: train,,,,,,,,,,11.0,14.0,14.0,17.0,,,,,,
545,0: feamale,23.0,4: master or phd,4: active,2: 750-1500,0: no,15.0,36,1: work,4: train,15,2: return home,4: train,,,,,,,,,,8.0,11.0,17.0,20.0,,,,,,
546,1: male,,3: bachelor,2: unemployed,0: no income,1: yes,7.0,12,1: work,1: car,7,1: work,1: car,7.0,4: market,7: walk,7.0,2: return home,7: walk,7.0,5: recreation,7: walk,8.0,11.0,17.0,20.0,17.0,20.0,17.0,20.0,20.0,23.0
547,1: male,20.0,4: master or phd,4: active,1: 750 or less,1: yes,10.0,18,1: work,1: car,25,1: work,1: car,28.0,1: work,1: car,,,,,,,14.0,17.0,14.0,17.0,17.0,20.0,,,,
548,0: feamale,46.0,3: bachelor,4: active,2: 750-1500,1: yes,8.0,23,1: work,1: car,6,4: market,1: car,,,,,,,,,,8.0,11.0,14.0,17.0,,,,,,
549,0: feamale,24.0,2: high school,3: student,0: no income,1: yes,15.0,15,3: education,3: bus,11,5: recreation,4: train,13.0,5: recreation,3: bus,1.0,4: market,4: train,7.0,5: recreation,3: bus,8.0,11.0,20.0,23.0,41.0,44.0,62.0,65.0,65.0,68.0
550,1: male,54.0,3: bachelor,1: inactive,2: 750-1500,1: yes,2.0,1,4: market,7: walk,2,2: return home,7: walk,,,,,,,,,,11.0,14.0,11.0,14.0,,,,,,
551,0: feamale,70.0,2: high school,1: inactive,2: 750-1500,0: no,34.0,34,7: other,2: taxi,29,1: work,2: taxi,,,,,,,,,,11.0,14.0,29.0,32.0,,,,,,
552,0: feamale,38.0,3: bachelor,4: active,3: 1500-2500,0: no,13.0,15,1: work,3: bus,1,1: work,3: bus,,,,,,,,,,8.0,11.0,17.0,20.0,,,,,,
553,1: male,32.0,4: master or phd,4: active,3: 1500-2500,0: no,1.0,1,1: work,3: bus,1,5: recreation,2: taxi,1.0,2: return home,7: walk,1.0,2: return home,2: taxi,,,,8.0,11.0,20.0,23.0,41.0,44.0,47.0,53.0,,
554,0: feamale,36.0,4: master or phd,4: active,3: 1500-2500,1: yes,28.0,1,1: work,1: car,7,7: other,1: car,28.0,2: return home,1: car,,,,,,,8.0,11.0,14.0,17.0,17.0,20.0,,,,
555,0: feamale,47.0,4: master or phd,4: active,3: 1500-2500,1: yes,1.0,15,1: work,1: car,1,2: return home,1: car,2.0,5: recreation,7: walk,1.0,2: return home,1: car,,,,8.0,11.0,20.0,23.0,20.0,23.0,23.0,29.0,,
556,1: male,45.0,4: master or phd,4: active,3: 1500-2500,1: yes,30.0,36,1: work,1: car,19,1: work,1: car,22.0,4: market,1: car,24.0,7: other,2: taxi,,,,5.0,8.0,8.0,11.0,11.0,14.0,14.0,17.0,,
557,1: male,47.0,4: master or phd,4: active,2: 750-1500,0: no,35.0,29,1: work,4: train,35,2: return home,4: train,,,,,,,,,,5.0,8.0,14.0,17.0,,,,,,
558,0: feamale,51.0,4: master or phd,4: active,3: 1500-2500,0: no,15.0,1,1: work,2: taxi,2,4: market,2: taxi,,,,,,,,,,5.0,8.0,11.0,14.0,,,,,,
559,1: male,59.0,2: high school,4: active,2: 750-1500,1: yes,32.0,32,7: other,1: car,32,7: other,1: car,32.0,7: other,1: car,32.0,7: other,1: car,32.0,7: other,1: car,17.0,20.0,17.0,20.0,17.0,20.0,17.0,20.0,17.0,20.0
560,0: feamale,51.0,3: bachelor,4: active,2: 750-1500,0: no,35.0,1,1: work,4: train,35,2: return home,4: train,35.0,1: work,3: bus,35.0,2: return home,3: bus,,,,5.0,8.0,14.0,17.0,29.0,32.0,41.0,44.0,,
561,0: feamale,56.0,1: primary school,4: active,,1: yes,15.0,19,1: work,3: bus,19,1: work,3: bus,,,,,,,,,,5.0,8.0,5.0,8.0,,,,,,
562,0: feamale,61.0,3: bachelor,4: active,1: 750 or less,1: yes,25.0,25,7: other,7: walk,25,2: return home,7: walk,25.0,4: market,7: walk,,,,,,,11.0,14.0,20.0,23.0,20.0,23.0,,,,
563,1: male,27.0,4: master or phd,4: active,1: 750 or less,1: yes,7.0,1,1: work,7: walk,7,2: return home,7: walk,,,,,,,,,,8.0,11.0,17.0,20.0,,,,,,
564,1: male,49.0,3: bachelor,4: active,2: 750-1500,1: yes,5.0,14,1: work,1: car,5,2: return home,1: car,,,,,,,,,,8.0,11.0,14.0,17.0,,,,,,
565,1: male,28.0,3: bachelor,3: student,1: 750 or less,0: no,13.0,2,1: work,1: car,2,1: work,1: car,,,,,,,,,,0.0,5.0,0.0,5.0,,,,,,
566,0: feamale,51.0,3: bachelor,1: inactive,2: 750-1500,1: yes,23.0,36,4: market,1: car,36,4: market,1: car,36.0,7: other,1: car,,,,,,,11.0,14.0,11.0,14.0,20.0,23.0,,,,
567,1: male,83.0,3: bachelor,1: inactive,,1: yes,15.0,21,7: other,1: car,15,2: return home,1: car,,,,,,,,,,17.0,20.0,20.0,23.0,,,,,,
568,0: feamale,20.0,3: bachelor,,1: 750 or less,0: no,21.0,21,7: other,2: taxi,25,5: recreation,3: bus,,,,,,,,,,20.0,23.0,20.0,23.0,,,,,,
569,0: feamale,24.0,3: bachelor,4: active,2: 750-1500,1: yes,10.0,10,7: other,1: car,10,7: other,1: car,,,,,,,,,,5.0,8.0,5.0,8.0,,,,,,
570,1: male,83.0,3: bachelor,1: inactive,2: 750-1500,1: yes,15.0,1,4: market,1: car,15,2: return home,1: car,20.0,5: recreation,7: walk,15.0,2: return home,7: walk,,,,8.0,11.0,11.0,14.0,17.0,20.0,20.0,23.0,,
571,0: feamale,54.0,2: high school,4: active,2: 750-1500,1: yes,25.0,28,1: work,1: car,25,2: return home,1: car,,,,,,,,,,5.0,8.0,14.0,17.0,,,,,,
572,0: feamale,43.0,4: master or phd,4: active,3: 1500-2500,1: yes,12.0,12,7: other,1: car,5,7: other,1: car,,,,,,,,,,17.0,20.0,32.0,35.0,,,,,,
573,0: feamale,35.0,3: bachelor,4: active,3: 1500-2500,1: yes,36.0,36,5: recreation,1: car,36,4: market,1: car,,,,,,,,,,20.0,23.0,41.0,44.0,,,,,,
574,1: male,61.0,2: high school,4: active,3: 1500-2500,1: yes,25.0,30,1: work,1: car,25,2: return home,1: car,,,,,,,,,,5.0,8.0,14.0,17.0,,,,,,
575,0: feamale,37.0,4: master or phd,4: active,,0: no,15.0,31,7: other,4: train,15,2: return home,4: train,,,,,,,,,,17.0,20.0,20.0,23.0,,,,,,
576,0: feamale,54.0,3: bachelor,1: inactive,2: 750-1500,1: yes,22.0,22,4: market,7: walk,22,4: market,3: bus,,,,,,,,,,11.0,14.0,11.0,14.0,,,,,,
577,0: feamale,36.0,4: master or phd,4: active,2: 750-1500,1: yes,19.0,19,7: other,1: car,5,4: market,1: car,6.0,4: market,1: car,,,,,,,11.0,14.0,14.0,17.0,17.0,20.0,,,,
578,0: feamale,42.0,4: master or phd,4: active,2: 750-1500,1: yes,19.0,19,7: other,1: car,5,4: market,1: car,6.0,4: market,1: car,,,,,,,11.0,14.0,14.0,17.0,17.0,20.0,,,,
579,0: feamale,25.0,4: master or phd,4: active,2: 750-1500,1: yes,18.0,1,1: work,1: car,1,1: work,1: car,18.0,2: return home,1: car,,,,,,,8.0,11.0,8.0,11.0,17.0,20.0,,,,
580,0: feamale,74.0,2: high school,1: inactive,2: 750-1500,1: yes,25.0,4,4: market,2: taxi,4,4: market,2: taxi,,,,,,,,,,11.0,14.0,11.0,14.0,,,,,,
581,1: male,23.0,2: high school,4: active,2: 750-1500,1: yes,32.0,17,1: work,1: car,9,5: recreation,1: car,,,,,,,,,,5.0,8.0,17.0,20.0,,,,,,
582,1: male,51.0,2: high school,4: active,,0: no,21.0,10,5: recreation,3: bus,21,2: return home,2: taxi,,,,,,,,,,8.0,11.0,20.0,23.0,,,,,,
583,0: feamale,20.0,2: high school,3: student,0: no income,1: yes,15.0,15,7: other,3: bus,15,7: other,3: bus,,,,,,,,,,11.0,14.0,17.0,20.0,,,,,,
584,0: feamale,37.0,4: master or phd,4: active,3: 1500-2500,1: yes,21.0,1,1: work,1: car,21,2: return home,1: car,,,,,,,,,,5.0,8.0,14.0,17.0,,,,,,
585,0: feamale,42.0,3: bachelor,4: active,2: 750-1500,1: yes,6.0,28,1: work,1: car,6,2: return home,1: car,,,,,,,,,,5.0,8.0,14.0,17.0,,,,,,
586,0: feamale,46.0,4: master or phd,4: active,2: 750-1500,1: yes,21.0,1,1: work,1: car,21,2: return home,1: car,,,,,,,,,,5.0,8.0,14.0,17.0,,,,,,
587,1: male,42.0,3: bachelor,4: active,2: 750-1500,1: yes,19.0,1,1: work,1: car,19,5: recreation,1: car,,,,,,,,,,5.0,8.0,17.0,20.0,,,,,,
588,0: feamale,25.0,2: high school,3: student,0: no income,1: yes,2.0,15,3: education,3: bus,2,2: return home,3: bus,,,,,,,,,,14.0,17.0,20.0,23.0,,,,,,
589,1: male,34.0,4: master or phd,4: active,3: 1500-2500,1: yes,9.0,11,1: work,1: car,9,2: return home,1: car,1.0,5: recreation,1: car,,,,,,,5.0,8.0,5.0,8.0,17.0,20.0,,,,
590,0: feamale,23.0,4: master or phd,4: active,2: 750-1500,1: yes,16.0,25,1: work,6: bicycle,25,1: work,6: bicycle,25.0,1: work,6: bicycle,25.0,1: work,6: bicycle,,,,14.0,17.0,14.0,17.0,14.0,17.0,14.0,17.0,,
591,1: male,36.0,2: high school,4: active,2: 750-1500,1: yes,5.0,1,1: work,4: train,5,2: return home,4: train,,,,,,,,,,5.0,8.0,14.0,17.0,,,,,,
592,0: feamale,53.0,4: master or phd,4: active,3: 1500-2500,1: yes,18.0,1,1: work,4: train,18,2: return home,4: train,,,,,,,,,,5.0,8.0,17.0,20.0,,,,,,
593,0: feamale,24.0,2: high school,3: student,0: no income,1: yes,25.0,3,3: education,4: train,2,4: market,4: train,31.0,7: other,4: train,25.0,2: return home,4: train,1.0,5: recreation,4: train,8.0,11.0,11.0,14.0,17.0,20.0,23.0,29.0,35.0,38.0
594,1: male,31.0,4: master or phd,4: active,3: 1500-2500,1: yes,35.0,35,1: work,1: car,35,5: recreation,1: car,35.0,2: return home,1: car,,,,,,,8.0,11.0,17.0,20.0,20.0,23.0,,,,
595,0: feamale,52.0,2: high school,4: active,2: 750-1500,1: yes,32.0,32,5: recreation,7: walk,36,1: work,3: bus,,,,,,,,,,5.0,8.0,5.0,8.0,,,,,,
596,1: male,63.0,2: high school,4: active,2: 750-1500,1: yes,36.0,36,4: market,1: car,36,6: service,1: car,36.0,2: return home,1: car,,,,,,,8.0,11.0,29.0,32.0,35.0,38.0,,,,
597,0: feamale,28.0,3: bachelor,4: active,1: 750 or less,1: yes,35.0,22,1: work,1: car,35,2: return home,1: car,,,,,,,,,,8.0,11.0,17.0,20.0,,,,,,
598,0: feamale,26.0,3: bachelor,4: active,1: 750 or less,1: yes,25.0,7,1: work,2: taxi,25,2: return home,4: train,,,,,,,,,,5.0,8.0,14.0,17.0,,,,,,
599,0: feamale,19.0,4: master or phd,4: active,1: 750 or less,1: yes,35.0,22,1: work,3: bus,35,2: return home,3: bus,35.0,4: market,7: walk,1.0,5: recreation,1: car,,,,5.0,8.0,14.0,17.0,17.0,20.0,20.0,23.0,,
600,0: feamale,55.0,3: bachelor,1: inactive,2: 750-1500,1: yes,1.0,1,5: recreation,2: taxi,1,5: recreation,2: taxi,,,,,,,,,,20.0,23.0,20.0,23.0,,,,,,
601,0: feamale,58.0,3: bachelor,4: active,2: 750-1500,1: yes,19.0,19,1: work,1: car,19,1: work,1: car,19.0,7: other,1: car,19.0,2: return home,1: car,19.0,4: market,1: car,8.0,11.0,8.0,11.0,17.0,20.0,38.0,41.0,38.0,41.0
602,,,,,,0: no,29.0,29,7: other,3: bus,33,4: market,8: escooter,,,,,,,,,,5.0,8.0,23.0,29.0,,,,,,
603,1: male,22.0,4: master or phd,3: student,1: 750 or less,1: yes,8.0,8,7: other,3: bus,8,3: education,4: train,8.0,5: recreation,2: taxi,,,,,,,17.0,20.0,32.0,35.0,44.0,47.0,,,,
604,0: feamale,52.0,3: bachelor,4: active,,1: yes,30.0,24,1: work,1: car,30,2: return home,1: car,,,,,,,,,,5.0,8.0,14.0,17.0,,,,,,
605,1: male,41.0,4: master or phd,4: active,,1: yes,7.0,1,5: recreation,4: train,7,2: return home,3: bus,,,,,,,,,,14.0,17.0,17.0,20.0,,,,,,
606,0: feamale,53.0,3: bachelor,1: inactive,2: 750-1500,1: yes,18.0,18,7: other,4: train,7,6: service,4: train,,,,,,,,,,11.0,14.0,11.0,14.0,,,,,,
607,1: male,75.0,2: high school,1: inactive,2: 750-1500,1: yes,35.0,18,4: market,1: car,18,7: other,1: car,,,,,,,,,,11.0,14.0,32.0,35.0,,,,,,
608,1: male,49.0,4: master or phd,4: active,3: 1500-2500,0: no,1.0,22,1: work,4: train,1,2: return home,4: train,,,,,,,,,,8.0,11.0,17.0,20.0,,,,,,
609,1: male,37.0,3: bachelor,4: active,,1: yes,16.0,1,1: work,4: train,16,2: return home,4: train,,,,,,,,,,8.0,11.0,17.0,20.0,,,,,,
610,0: feamale,36.0,3: bachelor,4: active,,1: yes,11.0,32,1: work,1: car,11,2: return home,1: car,,,,,,,,,,8.0,11.0,14.0,17.0,,,,,,
611,0: feamale,53.0,3: bachelor,4: active,,1: yes,28.0,28,1: work,1: car,28,2: return home,1: car,,,,,,,,,,8.0,11.0,17.0,20.0,,,,,,
612,1: male,21.0,4: master or phd,4: active,,1: yes,12.0,22,4: market,1: car,1,5: recreation,1: car,,,,,,,,,,8.0,11.0,17.0,20.0,,,,,,
613,1: male,25.0,3: bachelor,2: unemployed,0: no income,1: yes,26.0,26,5: recreation,7: walk,12,5: recreation,3: bus,,,,,,,,,,20.0,23.0,20.0,23.0,,,,,,
