household_id,person_id,gender,age_group_years,education_level,employment_status,monthly_income_eur_band,owns_car
h0001,p0001,male,18_to_30,masters_or_doctoral_degree,employed,750_to_1500_eur,false
h0002,p0002,female,18_to_30,secondary_school,student,no_income,true
h0003,p0003,female,18_to_30,bachelors_degree,employed,750_to_1500_eur,true
h0004,p0004,female,18_to_30,masters_or_doctoral_degree,employed,750_to_1500_eur,false
h0005,p0005,male,18_to_30,masters_or_doctoral_degree,employed,1500_to_2500_eur,true
h0006,p0006,male,18_to_30,secondary_school,student,no_income,true
h0007,p0007,male,18_to_30,bachelors_degree,student,no_income,true
h0008,p0008,female,18_to_30,bachelors_degree,student,up_to_750_eur,true
h0009,p0009,male,18_to_30,bachelors_degree,student,,false
h0010,p0010,female,18_to_30,bachelors_degree,student,2500_eur_or_more,true
h0011,p0011,male,18_to_30,secondary_school,student,up_to_750_eur,true
h0012,p0012,male,18_to_30,bachelors_degree,student,no_income,true
h0013,p0013,male,18_to_30,bachelors_degree,student,up_to_750_eur,true
h0014,p0014,female,51_to_65,bachelors_degree,employed,750_to_1500_eur,true
h0015,p0015,female,51_to_65,secondary_school,employed,up_to_750_eur,true
h0016,p0016,female,18_to_30,bachelors_degree,employed,up_to_750_eur,true
h0017,p0017,male,18_to_30,bachelors_degree,unemployed,up_to_750_eur,true
h0018,p0018,female,31_to_40,bachelors_degree,employed,750_to_1500_eur,true
h0019,p0019,male,18_to_30,secondary_school,student,,false
h0020,p0020,female,51_to_65,bachelors_degree,employed,1500_to_2500_eur,false
h0021,p0021,male,18_to_30,secondary_school,student,up_to_750_eur,true
h0022,p0022,male,18_to_30,bachelors_degree,student,no_income,true
h0023,p0023,male,18_to_30,bachelors_degree,employed,750_to_1500_eur,true
h0024,p0024,male,18_to_30,bachelors_degree,student,up_to_750_eur,true
h0025,p0025,male,18_to_30,secondary_school,student,no_income,false
h0026,p0026,male,18_to_30,bachelors_degree,student,no_income,true
h0027,p0027,female,41_to_50,secondary_school,employed,750_to_1500_eur,false
h0028,p0028,female,18_to_30,bachelors_degree,employed,750_to_1500_eur,false
h0029,p0029,female,18_to_30,bachelors_degree,employed,up_to_750_eur,true
h0030,p0030,male,18_to_30,secondary_school,student,no_income,true
h0031,p0031,male,18_to_30,masters_or_doctoral_degree,employed,1500_to_2500_eur,true
h0032,p0032,female,18_to_30,bachelors_degree,employed,up_to_750_eur,true
h0033,p0033,female,18_to_30,bachelors_degree,employed,750_to_1500_eur,true
h0034,p0034,female,18_to_30,bachelors_degree,employed,750_to_1500_eur,true
h0035,p0035,male,18_to_30,secondary_school,student,up_to_750_eur,true
h0036,p0036,male,18_to_30,secondary_school,student,750_to_1500_eur,true
h0037,p0037,male,31_to_40,masters_or_doctoral_degree,employed,750_to_1500_eur,true
h0038,p0038,male,41_to_50,masters_or_doctoral_degree,employed,2500_eur_or_more,true
h0039,p0039,male,18_to_30,bachelors_degree,student,no_income,false
h0040,p0040,female,18_to_30,bachelors_degree,employed,750_to_1500_eur,false
h0041,p0041,male,18_to_30,masters_or_doctoral_degree,employed,750_to_1500_eur,true
h0042,p0042,female,18_to_30,bachelors_degree,employed,up_to_750_eur,true
h0043,p0043,female,51_to_65,bachelors_degree,not_in_labor_force,up_to_750_eur,true
h0044,p0044,female,18_to_30,bachelors_degree,employed,750_to_1500_eur,true
h0045,p0045,female,18_to_30,masters_or_doctoral_degree,employed,750_to_1500_eur,true
h0046,p0046,female,18_to_30,bachelors_degree,student,no_income,true
h0047,p0047,male,18_to_30,bachelors_degree,student,no_income,true
h0048,p0048,male,31_to_40,bachelors_degree,employed,750_to_1500_eur,true
h0049,p0049,female,18_to_30,masters_or_doctoral_degree,employed,750_to_1500_eur,false
h0050,p0050,female,18_to_30,masters_or_doctoral_degree,employed,1500_to_2500_eur,true
h0051,p0051,female,18_to_30,masters_or_doctoral_degree,student,no_income,true
h0052,p0052,female,18_to_30,masters_or_doctoral_degree,employed,,true
h0053,p0053,female,18_to_30,masters_or_doctoral_degree,employed,750_to_1500_eur,true
h0054,p0054,male,31_to_40,masters_or_doctoral_degree,employed,,true
h0055,p0055,female,18_to_30,bachelors_degree,employed,750_to_1500_eur,false
h0056,p0056,female,18_to_30,secondary_school,student,no_income,true
h0057,p0057,female,18_to_30,bachelors_degree,student,up_to_750_eur,true
h0058,p0058,female,51_to_65,bachelors_degree,employed,750_to_1500_eur,true
h0059,p0059,female,18_to_30,masters_or_doctoral_degree,employed,750_to_1500_eur,false
h0060,p0060,male,51_to_65,bachelors_degree,not_in_labor_force,750_to_1500_eur,true
h0061,p0061,male,31_to_40,masters_or_doctoral_degree,employed,750_to_1500_eur,true
h0062,p0062,female,18_to_30,masters_or_doctoral_degree,employed,750_to_1500_eur,true
h0063,p0063,female,18_to_30,masters_or_doctoral_degree,employed,750_to_1500_eur,true
h0064,p0064,male,18_to_30,bachelors_degree,employed,750_to_1500_eur,true
h0065,p0065,male,66_or_older,secondary_school,not_in_labor_force,750_to_1500_eur,true
h0066,p0066,female,18_to_30,masters_or_doctoral_degree,employed,1500_to_2500_eur,true
h0067,p0067,male,18_to_30,masters_or_doctoral_degree,employed,,true
h0068,p0068,male,31_to_40,masters_or_doctoral_degree,employed,750_to_1500_eur,false
h0069,p0069,female,18_to_30,masters_or_doctoral_degree,student,up_to_750_eur,true
h0070,p0070,male,31_to_40,bachelors_degree,employed,750_to_1500_eur,true
h0071,p0071,female,18_to_30,masters_or_doctoral_degree,employed,750_to_1500_eur,true
h0072,p0072,female,31_to_40,bachelors_degree,employed,750_to_1500_eur,true
h0073,p0073,male,31_to_40,bachelors_degree,employed,750_to_1500_eur,true
h0074,p0074,female,31_to_40,bachelors_degree,employed,750_to_1500_eur,true
h0075,p0075,female,18_to_30,masters_or_doctoral_degree,employed,up_to_750_eur,true
h0076,p0076,female,51_to_65,secondary_school,employed,750_to_1500_eur,false
h0077,p0077,female,18_to_30,secondary_school,student,no_income,true
h0078,p0078,male,31_to_40,bachelors_degree,employed,750_to_1500_eur,true
h0079,p0079,male,18_to_30,bachelors_degree,employed,750_to_1500_eur,true
h0080,p0080,female,31_to_40,secondary_school,employed,750_to_1500_eur,true
h0081,p0081,female,41_to_50,bachelors_degree,employed,,false
h0082,p0082,female,41_to_50,masters_or_doctoral_degree,employed,1500_to_2500_eur,true
h0083,p0083,female,18_to_30,secondary_school,student,no_income,true
h0084,p0084,male,41_to_50,secondary_school,employed,1500_to_2500_eur,true
h0085,p0085,female,18_to_30,secondary_school,student,no_income,true
h0086,p0086,female,41_to_50,bachelors_degree,employed,750_to_1500_eur,true
h0087,p0087,female,31_to_40,masters_or_doctoral_degree,employed,1500_to_2500_eur,true
h0088,p0088,male,31_to_40,masters_or_doctoral_degree,employed,,false
h0089,p0089,female,31_to_40,bachelors_degree,employed,up_to_750_eur,true
h0090,p0090,,,masters_or_doctoral_degree,employed,,true
h0091,p0091,male,41_to_50,secondary_school,employed,750_to_1500_eur,true
h0092,p0092,female,18_to_30,bachelors_degree,employed,up_to_750_eur,true
h0093,p0093,male,51_to_65,bachelors_degree,employed,,false
h0094,p0094,male,18_to_30,bachelors_degree,employed,750_to_1500_eur,true
h0095,p0095,male,31_to_40,masters_or_doctoral_degree,employed,750_to_1500_eur,true
h0096,p0096,female,31_to_40,masters_or_doctoral_degree,employed,750_to_1500_eur,true
h0097,p0097,male,18_to_30,bachelors_degree,employed,1500_to_2500_eur,false
h0098,p0098,male,31_to_40,masters_or_doctoral_degree,employed,750_to_1500_eur,false
h0099,p0099,female,41_to_50,masters_or_doctoral_degree,employed,1500_to_2500_eur,true
h0100,p0100,male,18_to_30,masters_or_doctoral_degree,employed,1500_to_2500_eur,true
h0101,p0101,male,18_to_30,bachelors_degree,employed,750_to_1500_eur,true
h0102,p0102,male,31_to_40,masters_or_doctoral_degree,employed,750_to_1500_eur,true
h0103,p0103,female,41_to_50,bachelors_degree,employed,750_to_1500_eur,true
h0104,p0104,female,51_to_65,masters_or_doctoral_degree,employed,,true
h0105,p0105,female,18_to_30,bachelors_degree,employed,no_income,true
h0106,p0106,female,41_to_50,bachelors_degree,employed,750_to_1500_eur,false
h0107,p0107,female,31_to_40,masters_or_doctoral_degree,employed,750_to_1500_eur,true
h0108,p0108,female,41_to_50,masters_or_doctoral_degree,employed,1500_to_2500_eur,true
h0109,p0109,female,41_to_50,bachelors_degree,employed,750_to_1500_eur,true
h0110,p0110,male,31_to_40,masters_or_doctoral_degree,employed,750_to_1500_eur,false
h0111,p0111,female,18_to_30,bachelors_degree,employed,up_to_750_eur,true
h0112,p0112,female,51_to_65,masters_or_doctoral_degree,employed,750_to_1500_eur,true
h0113,p0113,male,51_to_65,masters_or_doctoral_degree,employed,750_to_1500_eur,true
h0114,p0114,female,18_to_30,secondary_school,student,up_to_750_eur,true
h0115,p0115,male,41_to_50,bachelors_degree,employed,1500_to_2500_eur,true
h0116,p0116,male,18_to_30,secondary_school,employed,up_to_750_eur,true
h0117,p0117,female,31_to_40,masters_or_doctoral_degree,employed,1500_to_2500_eur,true
h0118,p0118,female,18_to_30,bachelors_degree,,up_to_750_eur,true
h0119,p0119,male,41_to_50,masters_or_doctoral_degree,employed,,true
h0120,p0120,female,41_to_50,masters_or_doctoral_degree,employed,,true
h0121,p0121,female,31_to_40,bachelors_degree,employed,750_to_1500_eur,true
h0122,p0122,male,51_to_65,bachelors_degree,employed,1500_to_2500_eur,true
h0123,p0123,female,31_to_40,masters_or_doctoral_degree,employed,750_to_1500_eur,true
h0124,p0124,male,18_to_30,masters_or_doctoral_degree,employed,750_to_1500_eur,false
h0125,p0125,male,31_to_40,masters_or_doctoral_degree,employed,750_to_1500_eur,true
h0126,p0126,female,31_to_40,bachelors_degree,employed,750_to_1500_eur,true
h0127,p0127,female,31_to_40,masters_or_doctoral_degree,employed,2500_eur_or_more,true
h0128,p0128,female,41_to_50,masters_or_doctoral_degree,employed,,true
h0129,p0129,female,41_to_50,bachelors_degree,employed,750_to_1500_eur,true
h0130,p0130,male,31_to_40,masters_or_doctoral_degree,employed,750_to_1500_eur,true
h0131,p0131,female,31_to_40,masters_or_doctoral_degree,employed,750_to_1500_eur,true
h0132,p0132,male,31_to_40,bachelors_degree,employed,up_to_750_eur,false
h0133,p0133,female,31_to_40,masters_or_doctoral_degree,employed,750_to_1500_eur,true
h0134,p0134,male,18_to_30,secondary_school,student,up_to_750_eur,true
h0135,p0135,female,31_to_40,masters_or_doctoral_degree,employed,2500_eur_or_more,true
h0136,p0136,female,41_to_50,bachelors_degree,employed,1500_to_2500_eur,true
h0137,p0137,female,41_to_50,masters_or_doctoral_degree,employed,750_to_1500_eur,true
h0138,p0138,female,31_to_40,masters_or_doctoral_degree,employed,750_to_1500_eur,true
h0139,p0139,male,18_to_30,masters_or_doctoral_degree,employed,750_to_1500_eur,true
h0140,p0140,female,31_to_40,masters_or_doctoral_degree,employed,up_to_750_eur,false
h0141,p0141,male,51_to_65,masters_or_doctoral_degree,employed,1500_to_2500_eur,false
h0142,p0142,female,51_to_65,bachelors_degree,employed,750_to_1500_eur,true
h0143,p0143,female,31_to_40,masters_or_doctoral_degree,employed,750_to_1500_eur,true
h0144,p0144,female,51_to_65,bachelors_degree,employed,,true
h0145,p0145,male,41_to_50,bachelors_degree,employed,,true
h0146,p0146,female,18_to_30,masters_or_doctoral_degree,employed,up_to_750_eur,false
h0147,p0147,male,41_to_50,bachelors_degree,employed,750_to_1500_eur,true
h0148,p0148,female,31_to_40,masters_or_doctoral_degree,employed,750_to_1500_eur,true
h0149,p0149,female,41_to_50,masters_or_doctoral_degree,employed,up_to_750_eur,true
h0150,p0150,female,18_to_30,masters_or_doctoral_degree,employed,750_to_1500_eur,true
h0151,p0151,female,41_to_50,bachelors_degree,employed,750_to_1500_eur,true
h0152,p0152,male,41_to_50,bachelors_degree,employed,750_to_1500_eur,true
h0153,p0153,male,51_to_65,bachelors_degree,employed,1500_to_2500_eur,true
h0154,p0154,female,51_to_65,masters_or_doctoral_degree,employed,1500_to_2500_eur,true
h0155,p0155,female,18_to_30,masters_or_doctoral_degree,employed,750_to_1500_eur,true
h0156,p0156,male,41_to_50,bachelors_degree,employed,1500_to_2500_eur,true
h0157,p0157,,,,employed,,true
h0158,p0158,female,18_to_30,secondary_school,employed,up_to_750_eur,false
h0159,p0159,female,41_to_50,masters_or_doctoral_degree,employed,750_to_1500_eur,true
h0160,p0160,male,51_to_65,bachelors_degree,employed,1500_to_2500_eur,true
h0161,p0161,female,41_to_50,bachelors_degree,employed,750_to_1500_eur,true
h0162,p0162,male,51_to_65,bachelors_degree,employed,750_to_1500_eur,false
h0163,p0163,female,31_to_40,bachelors_degree,employed,750_to_1500_eur,true
h0164,p0164,female,18_to_30,masters_or_doctoral_degree,employed,750_to_1500_eur,true
h0165,p0165,female,31_to_40,masters_or_doctoral_degree,employed,750_to_1500_eur,true
h0166,p0166,female,18_to_30,masters_or_doctoral_degree,student,up_to_750_eur,true
h0167,p0167,male,31_to_40,bachelors_degree,employed,750_to_1500_eur,true
h0168,p0168,female,31_to_40,masters_or_doctoral_degree,employed,1500_to_2500_eur,true
h0169,p0169,female,41_to_50,masters_or_doctoral_degree,employed,,true
h0170,p0170,female,41_to_50,masters_or_doctoral_degree,employed,750_to_1500_eur,true
h0171,p0171,male,18_to_30,bachelors_degree,student,up_to_750_eur,true
h0172,p0172,male,41_to_50,bachelors_degree,employed,1500_to_2500_eur,true
h0173,p0173,male,41_to_50,bachelors_degree,employed,,false
h0174,p0174,female,31_to_40,masters_or_doctoral_degree,employed,1500_to_2500_eur,true
h0175,p0175,female,51_to_65,bachelors_degree,employed,,true
h0176,p0176,female,31_to_40,masters_or_doctoral_degree,employed,750_to_1500_eur,true
h0177,p0177,male,41_to_50,masters_or_doctoral_degree,employed,750_to_1500_eur,true
h0178,p0178,female,41_to_50,secondary_school,employed,750_to_1500_eur,true
h0179,p0179,female,31_to_40,masters_or_doctoral_degree,employed,750_to_1500_eur,true
h0180,p0180,female,18_to_30,bachelors_degree,employed,750_to_1500_eur,true
h0181,p0181,female,31_to_40,masters_or_doctoral_degree,employed,1500_to_2500_eur,true
h0182,p0182,male,51_to_65,bachelors_degree,employed,750_to_1500_eur,false
h0183,p0183,female,18_to_30,secondary_school,student,no_income,true
h0184,p0184,male,18_to_30,masters_or_doctoral_degree,employed,up_to_750_eur,true
h0185,p0185,male,18_to_30,masters_or_doctoral_degree,employed,up_to_750_eur,true
h0186,p0186,male,18_to_30,masters_or_doctoral_degree,employed,750_to_1500_eur,true
h0187,p0187,male,31_to_40,bachelors_degree,employed,1500_to_2500_eur,true
h0188,p0188,female,51_to_65,bachelors_degree,employed,1500_to_2500_eur,false
h0189,p0189,male,41_to_50,bachelors_degree,employed,750_to_1500_eur,true
h0190,p0190,male,18_to_30,secondary_school,student,no_income,true
h0191,p0191,female,18_to_30,bachelors_degree,employed,up_to_750_eur,true
h0192,p0192,male,18_to_30,secondary_school,student,no_income,true
h0193,p0193,male,31_to_40,bachelors_degree,employed,up_to_750_eur,true
h0194,p0194,female,31_to_40,bachelors_degree,employed,750_to_1500_eur,true
h0195,p0195,female,41_to_50,secondary_school,employed,up_to_750_eur,false
h0196,p0196,female,51_to_65,masters_or_doctoral_degree,employed,1500_to_2500_eur,true
h0197,p0197,male,18_to_30,bachelors_degree,unemployed,no_income,false
h0198,p0198,male,41_to_50,bachelors_degree,employed,1500_to_2500_eur,true
h0199,p0199,male,41_to_50,masters_or_doctoral_degree,employed,1500_to_2500_eur,true
h0200,p0200,female,41_to_50,bachelors_degree,employed,750_to_1500_eur,true
h0201,p0201,male,31_to_40,masters_or_doctoral_degree,employed,1500_to_2500_eur,true
h0202,p0202,female,31_to_40,bachelors_degree,employed,up_to_750_eur,true
h0203,p0203,female,31_to_40,masters_or_doctoral_degree,employed,1500_to_2500_eur,false
h0204,p0204,female,41_to_50,bachelors_degree,employed,750_to_1500_eur,true
h0205,p0205,female,18_to_30,secondary_school,student,no_income,true
h0206,p0206,male,18_to_30,bachelors_degree,employed,750_to_1500_eur,true
h0207,p0207,female,18_to_30,masters_or_doctoral_degree,employed,750_to_1500_eur,true
h0208,p0208,female,41_to_50,bachelors_degree,employed,750_to_1500_eur,true
h0209,p0209,male,18_to_30,secondary_school,student,up_to_750_eur,false
h0210,p0210,male,66_or_older,secondary_school,not_in_labor_force,750_to_1500_eur,true
h0211,p0211,female,18_to_30,masters_or_doctoral_degree,employed,1500_to_2500_eur,true
h0212,p0212,male,51_to_65,bachelors_degree,employed,750_to_1500_eur,false
h0213,p0213,female,31_to_40,bachelors_degree,employed,750_to_1500_eur,true
h0214,p0214,,18_to_30,bachelors_degree,employed,750_to_1500_eur,true
h0215,p0215,female,51_to_65,masters_or_doctoral_degree,employed,1500_to_2500_eur,true
h0216,p0216,female,31_to_40,masters_or_doctoral_degree,employed,up_to_750_eur,true
h0217,p0217,female,41_to_50,masters_or_doctoral_degree,employed,1500_to_2500_eur,true
h0218,p0218,male,51_to_65,secondary_school,employed,2500_eur_or_more,true
h0219,p0219,male,51_to_65,bachelors_degree,employed,,true
h0220,p0220,female,51_to_65,bachelors_degree,employed,750_to_1500_eur,true
h0221,p0221,female,18_to_30,secondary_school,student,up_to_750_eur,true
h0222,p0222,male,18_to_30,secondary_school,student,no_income,false
h0223,p0223,male,18_to_30,secondary_school,student,no_income,true
h0224,p0224,female,41_to_50,masters_or_doctoral_degree,employed,750_to_1500_eur,true
h0225,p0225,male,31_to_40,masters_or_doctoral_degree,employed,,true
h0226,p0226,male,51_to_65,masters_or_doctoral_degree,employed,2500_eur_or_more,true
h0227,p0227,female,18_to_30,secondary_school,student,no_income,false
h0228,p0228,female,51_to_65,bachelors_degree,employed,750_to_1500_eur,true
h0229,p0229,male,18_to_30,masters_or_doctoral_degree,employed,750_to_1500_eur,true
h0230,p0230,male,41_to_50,secondary_school,employed,750_to_1500_eur,true
h0231,p0231,male,41_to_50,secondary_school,employed,,true
h0232,p0232,male,18_to_30,bachelors_degree,student,no_income,true
h0233,p0233,male,51_to_65,bachelors_degree,employed,,true
h0234,p0234,female,18_to_30,secondary_school,student,up_to_750_eur,true
h0235,p0235,male,18_to_30,masters_or_doctoral_degree,employed,1500_to_2500_eur,false
h0236,p0236,male,18_to_30,secondary_school,student,no_income,true
h0237,p0237,female,31_to_40,bachelors_degree,employed,750_to_1500_eur,true
h0238,p0238,female,18_to_30,masters_or_doctoral_degree,employed,1500_to_2500_eur,true
h0239,p0239,male,18_to_30,bachelors_degree,employed,750_to_1500_eur,true
h0240,p0240,male,18_to_30,bachelors_degree,employed,750_to_1500_eur,true
h0241,p0241,male,31_to_40,bachelors_degree,employed,750_to_1500_eur,true
h0242,p0242,female,18_to_30,masters_or_doctoral_degree,employed,750_to_1500_eur,true
h0243,p0243,male,31_to_40,masters_or_doctoral_degree,employed,1500_to_2500_eur,true
h0244,p0244,male,18_to_30,secondary_school,student,no_income,true
h0245,p0245,female,41_to_50,bachelors_degree,employed,2500_eur_or_more,true
h0246,p0246,male,31_to_40,bachelors_degree,employed,750_to_1500_eur,true
h0247,p0247,female,18_to_30,secondary_school,employed,up_to_750_eur,true
h0248,p0248,female,18_to_30,masters_or_doctoral_degree,employed,750_to_1500_eur,true
h0249,p0249,male,18_to_30,secondary_school,student,no_income,true
h0250,p0250,male,18_to_30,secondary_school,employed,up_to_750_eur,false
h0251,p0251,,18_to_30,bachelors_degree,employed,750_to_1500_eur,false
h0252,p0252,male,,secondary_school,student,no_income,true
h0253,p0253,female,,secondary_school,student,no_income,true
h0254,p0254,male,41_to_50,masters_or_doctoral_degree,employed,750_to_1500_eur,true
h0255,p0255,female,18_to_30,masters_or_doctoral_degree,employed,750_to_1500_eur,true
h0256,p0256,male,18_to_30,bachelors_degree,student,no_income,true
h0257,p0257,male,18_to_30,secondary_school,student,no_income,true
h0258,p0258,female,18_to_30,secondary_school,student,no_income,true
h0259,p0259,female,18_to_30,secondary_school,student,up_to_750_eur,true
h0260,p0260,female,18_to_30,secondary_school,student,up_to_750_eur,true
h0261,p0261,female,41_to_50,bachelors_degree,employed,up_to_750_eur,false
h0262,p0262,female,18_to_30,secondary_school,student,no_income,true
h0263,p0263,male,18_to_30,bachelors_degree,employed,,true
h0264,p0264,male,18_to_30,secondary_school,student,no_income,true
h0265,p0265,male,31_to_40,masters_or_doctoral_degree,employed,750_to_1500_eur,false
h0266,p0266,male,51_to_65,bachelors_degree,not_in_labor_force,,true
h0267,p0267,female,31_to_40,masters_or_doctoral_degree,employed,750_to_1500_eur,true
h0268,p0268,male,51_to_65,masters_or_doctoral_degree,employed,2500_eur_or_more,true
h0269,p0269,male,51_to_65,bachelors_degree,employed,1500_to_2500_eur,true
h0270,p0270,male,31_to_40,masters_or_doctoral_degree,employed,750_to_1500_eur,true
h0271,p0271,female,18_to_30,masters_or_doctoral_degree,employed,750_to_1500_eur,true
h0272,p0272,,31_to_40,masters_or_doctoral_degree,,up_to_750_eur,true
h0273,p0273,female,18_to_30,masters_or_doctoral_degree,employed,750_to_1500_eur,true
h0274,p0274,female,18_to_30,masters_or_doctoral_degree,employed,750_to_1500_eur,true
h0275,p0275,female,31_to_40,masters_or_doctoral_degree,employed,750_to_1500_eur,true
h0276,p0276,male,18_to_30,bachelors_degree,employed,750_to_1500_eur,true
h0277,p0277,male,41_to_50,bachelors_degree,employed,1500_to_2500_eur,true
h0278,p0278,male,31_to_40,masters_or_doctoral_degree,employed,750_to_1500_eur,true
h0279,p0279,male,31_to_40,masters_or_doctoral_degree,employed,2500_eur_or_more,true
h0280,p0280,male,41_to_50,masters_or_doctoral_degree,employed,2500_eur_or_more,true
h0281,p0281,female,18_to_30,masters_or_doctoral_degree,employed,,true
h0282,p0282,male,18_to_30,masters_or_doctoral_degree,employed,750_to_1500_eur,true
h0283,p0283,female,51_to_65,bachelors_degree,employed,1500_to_2500_eur,true
h0284,p0284,female,18_to_30,masters_or_doctoral_degree,employed,750_to_1500_eur,true
h0285,p0285,female,18_to_30,bachelors_degree,employed,750_to_1500_eur,true
h0286,p0286,male,18_to_30,masters_or_doctoral_degree,employed,750_to_1500_eur,true
h0287,p0287,male,31_to_40,bachelors_degree,employed,750_to_1500_eur,true
h0288,p0288,male,18_to_30,masters_or_doctoral_degree,employed,750_to_1500_eur,true
h0289,p0289,female,18_to_30,masters_or_doctoral_degree,employed,750_to_1500_eur,true
h0290,p0290,female,41_to_50,bachelors_degree,employed,up_to_750_eur,true
h0291,p0291,female,41_to_50,masters_or_doctoral_degree,employed,1500_to_2500_eur,true
h0292,p0292,male,18_to_30,bachelors_degree,employed,750_to_1500_eur,true
h0293,p0293,female,18_to_30,masters_or_doctoral_degree,employed,750_to_1500_eur,true
h0294,p0294,female,18_to_30,secondary_school,student,no_income,true
h0295,p0295,female,18_to_30,bachelors_degree,employed,750_to_1500_eur,true
h0296,p0296,female,18_to_30,masters_or_doctoral_degree,employed,up_to_750_eur,true
h0297,p0297,female,18_to_30,bachelors_degree,employed,750_to_1500_eur,true
h0298,p0298,male,18_to_30,secondary_school,employed,no_income,true
h0299,p0299,male,18_to_30,bachelors_degree,employed,up_to_750_eur,false
h0300,p0300,male,31_to_40,secondary_school,employed,750_to_1500_eur,false
h0301,p0301,female,51_to_65,bachelors_degree,employed,750_to_1500_eur,true
h0302,p0302,male,18_to_30,masters_or_doctoral_degree,employed,750_to_1500_eur,true
h0303,p0303,female,51_to_65,bachelors_degree,not_in_labor_force,750_to_1500_eur,true
h0304,p0304,female,18_to_30,masters_or_doctoral_degree,employed,750_to_1500_eur,true
h0305,p0305,female,18_to_30,masters_or_doctoral_degree,employed,750_to_1500_eur,true
h0306,p0306,female,18_to_30,secondary_school,student,up_to_750_eur,false
h0307,p0307,female,18_to_30,secondary_school,student,no_income,false
h0308,p0308,female,31_to_40,masters_or_doctoral_degree,employed,1500_to_2500_eur,true
h0309,p0309,male,51_to_65,secondary_school,not_in_labor_force,up_to_750_eur,true
h0310,p0310,male,,secondary_school,student,no_income,true
h0311,p0311,female,18_to_30,bachelors_degree,employed,,true
h0312,p0312,female,51_to_65,bachelors_degree,employed,1500_to_2500_eur,true
h0313,p0313,female,18_to_30,masters_or_doctoral_degree,employed,750_to_1500_eur,true
h0314,p0314,female,18_to_30,masters_or_doctoral_degree,employed,750_to_1500_eur,true
h0315,p0315,male,18_to_30,secondary_school,student,up_to_750_eur,true
h0316,p0316,female,41_to_50,masters_or_doctoral_degree,employed,,true
h0317,p0317,female,51_to_65,masters_or_doctoral_degree,employed,1500_to_2500_eur,true
h0318,p0318,female,18_to_30,masters_or_doctoral_degree,employed,750_to_1500_eur,true
h0319,p0319,female,18_to_30,bachelors_degree,employed,up_to_750_eur,false
h0320,p0320,female,18_to_30,bachelors_degree,employed,1500_to_2500_eur,true
h0321,p0321,female,18_to_30,bachelors_degree,employed,750_to_1500_eur,true
h0322,p0322,female,51_to_65,masters_or_doctoral_degree,employed,750_to_1500_eur,false
h0323,p0323,male,31_to_40,masters_or_doctoral_degree,employed,1500_to_2500_eur,true
h0324,p0324,female,18_to_30,bachelors_degree,employed,750_to_1500_eur,true
h0325,p0325,male,18_to_30,secondary_school,student,no_income,false
h0326,p0326,female,18_to_30,secondary_school,student,up_to_750_eur,false
h0327,p0327,female,18_to_30,secondary_school,student,no_income,true
h0328,p0328,female,18_to_30,bachelors_degree,employed,1500_to_2500_eur,true
h0329,p0329,male,41_to_50,masters_or_doctoral_degree,employed,750_to_1500_eur,true
h0330,p0330,female,41_to_50,masters_or_doctoral_degree,employed,1500_to_2500_eur,true
h0331,p0331,female,18_to_30,masters_or_doctoral_degree,employed,750_to_1500_eur,true
h0332,p0332,female,18_to_30,bachelors_degree,employed,up_to_750_eur,true
h0333,p0333,female,18_to_30,masters_or_doctoral_degree,employed,750_to_1500_eur,true
h0334,p0334,female,31_to_40,bachelors_degree,employed,1500_to_2500_eur,true
h0335,p0335,female,18_to_30,secondary_school,employed,up_to_750_eur,true
h0336,p0336,male,31_to_40,masters_or_doctoral_degree,employed,,true
h0337,p0337,female,18_to_30,bachelors_degree,employed,up_to_750_eur,true
h0338,p0338,female,31_to_40,secondary_school,unemployed,up_to_750_eur,false
h0339,p0339,male,18_to_30,bachelors_degree,employed,,true
h0340,p0340,male,31_to_40,secondary_school,employed,750_to_1500_eur,true
h0341,p0341,female,18_to_30,secondary_school,student,up_to_750_eur,true
h0342,p0342,female,41_to_50,secondary_school,employed,up_to_750_eur,false
h0343,p0343,female,18_to_30,bachelors_degree,employed,750_to_1500_eur,true
h0344,p0344,female,41_to_50,masters_or_doctoral_degree,unemployed,750_to_1500_eur,true
h0345,p0345,female,31_to_40,bachelors_degree,employed,750_to_1500_eur,true
h0346,p0346,female,18_to_30,bachelors_degree,student,up_to_750_eur,true
h0347,p0347,female,31_to_40,masters_or_doctoral_degree,employed,1500_to_2500_eur,true
h0348,p0348,male,18_to_30,bachelors_degree,employed,up_to_750_eur,true
h0349,p0349,female,18_to_30,bachelors_degree,employed,up_to_750_eur,true
h0350,p0350,female,41_to_50,masters_or_doctoral_degree,employed,750_to_1500_eur,true
h0351,p0351,female,31_to_40,masters_or_doctoral_degree,employed,750_to_1500_eur,false
h0352,p0352,female,31_to_40,bachelors_degree,employed,up_to_750_eur,true
h0353,p0353,male,18_to_30,masters_or_doctoral_degree,employed,750_to_1500_eur,true
h0354,p0354,female,18_to_30,bachelors_degree,employed,750_to_1500_eur,true
h0355,p0355,female,18_to_30,bachelors_degree,employed,750_to_1500_eur,true
h0356,p0356,female,31_to_40,bachelors_degree,employed,up_to_750_eur,true
h0357,p0357,male,31_to_40,masters_or_doctoral_degree,employed,750_to_1500_eur,false
h0358,p0358,male,51_to_65,bachelors_degree,employed,2500_eur_or_more,true
h0359,p0359,female,51_to_65,bachelors_degree,not_in_labor_force,750_to_1500_eur,true
h0360,p0360,male,51_to_65,bachelors_degree,not_in_labor_force,750_to_1500_eur,true
h0361,p0361,female,41_to_50,secondary_school,employed,750_to_1500_eur,true
h0362,p0362,female,18_to_30,bachelors_degree,employed,750_to_1500_eur,false
h0363,p0363,female,31_to_40,masters_or_doctoral_degree,employed,750_to_1500_eur,true
h0364,p0364,male,51_to_65,masters_or_doctoral_degree,employed,,true
h0365,p0365,female,18_to_30,bachelors_degree,employed,up_to_750_eur,true
h0366,p0366,female,18_to_30,masters_or_doctoral_degree,employed,750_to_1500_eur,true
h0367,p0367,male,18_to_30,bachelors_degree,employed,750_to_1500_eur,true
h0368,p0368,female,41_to_50,secondary_school,employed,750_to_1500_eur,true
h0369,p0369,male,18_to_30,bachelors_degree,employed,1500_to_2500_eur,false
h0370,p0370,female,18_to_30,masters_or_doctoral_degree,employed,750_to_1500_eur,true
h0371,p0371,male,18_to_30,secondary_school,employed,up_to_750_eur,true
h0372,p0372,male,18_to_30,bachelors_degree,unemployed,no_income,false
h0373,p0373,male,31_to_40,bachelors_degree,employed,up_to_750_eur,true
h0374,p0374,female,18_to_30,secondary_school,student,750_to_1500_eur,true
h0375,p0375,male,18_to_30,bachelors_degree,student,no_income,false
h0376,p0376,female,31_to_40,bachelors_degree,employed,up_to_750_eur,true
h0377,p0377,female,51_to_65,bachelors_degree,employed,750_to_1500_eur,true
h0378,p0378,female,31_to_40,bachelors_degree,employed,up_to_750_eur,false
h0379,p0379,female,18_to_30,masters_or_doctoral_degree,employed,1500_to_2500_eur,true
h0380,p0380,male,31_to_40,masters_or_doctoral_degree,employed,2500_eur_or_more,true
h0381,p0381,female,18_to_30,bachelors_degree,employed,750_to_1500_eur,true
h0382,p0382,male,18_to_30,masters_or_doctoral_degree,employed,1500_to_2500_eur,true
h0383,p0383,female,18_to_30,bachelors_degree,employed,750_to_1500_eur,true
h0384,p0384,female,18_to_30,masters_or_doctoral_degree,employed,750_to_1500_eur,true
h0385,p0385,male,18_to_30,secondary_school,student,up_to_750_eur,true
h0386,p0386,female,18_to_30,bachelors_degree,employed,750_to_1500_eur,true
h0387,p0387,female,18_to_30,bachelors_degree,employed,up_to_750_eur,false
h0388,p0388,female,18_to_30,bachelors_degree,employed,750_to_1500_eur,true
h0389,p0389,female,41_to_50,masters_or_doctoral_degree,employed,,false
h0390,p0390,female,18_to_30,masters_or_doctoral_degree,student,up_to_750_eur,true
h0391,p0391,male,41_to_50,masters_or_doctoral_degree,employed,,true
h0392,p0392,female,31_to_40,masters_or_doctoral_degree,employed,750_to_1500_eur,false
h0393,p0393,male,51_to_65,secondary_school,,750_to_1500_eur,true
h0394,p0394,female,41_to_50,masters_or_doctoral_degree,employed,1500_to_2500_eur,true
h0395,p0395,male,31_to_40,bachelors_degree,employed,750_to_1500_eur,true
h0396,p0396,female,18_to_30,bachelors_degree,student,no_income,true
h0397,p0397,female,51_to_65,bachelors_degree,unemployed,up_to_750_eur,false
h0398,p0398,male,18_to_30,bachelors_degree,employed,750_to_1500_eur,true
h0399,p0399,female,51_to_65,masters_or_doctoral_degree,employed,750_to_1500_eur,true
h0400,p0400,female,51_to_65,masters_or_doctoral_degree,not_in_labor_force,up_to_750_eur,true
h0401,p0401,female,31_to_40,bachelors_degree,employed,750_to_1500_eur,false
h0402,p0402,female,51_to_65,bachelors_degree,employed,1500_to_2500_eur,true
h0403,p0403,male,41_to_50,masters_or_doctoral_degree,employed,750_to_1500_eur,true
h0404,p0404,male,51_to_65,bachelors_degree,employed,750_to_1500_eur,true
h0405,p0405,female,18_to_30,bachelors_degree,employed,750_to_1500_eur,true
h0406,p0406,female,18_to_30,secondary_school,student,no_income,true
h0407,p0407,female,18_to_30,masters_or_doctoral_degree,employed,up_to_750_eur,false
h0408,p0408,male,31_to_40,masters_or_doctoral_degree,employed,1500_to_2500_eur,true
h0409,p0409,female,31_to_40,masters_or_doctoral_degree,employed,1500_to_2500_eur,true
h0410,p0410,male,31_to_40,masters_or_doctoral_degree,employed,750_to_1500_eur,false
h0411,p0411,female,41_to_50,bachelors_degree,not_in_labor_force,,false
h0412,p0412,female,18_to_30,masters_or_doctoral_degree,employed,1500_to_2500_eur,true
h0413,p0413,female,51_to_65,bachelors_degree,not_in_labor_force,up_to_750_eur,true
h0414,p0414,female,51_to_65,masters_or_doctoral_degree,employed,750_to_1500_eur,false
h0415,p0415,female,41_to_50,secondary_school,employed,750_to_1500_eur,true
h0416,p0416,male,51_to_65,bachelors_degree,employed,750_to_1500_eur,true
h0417,p0417,male,18_to_30,secondary_school,employed,up_to_750_eur,true
h0418,p0418,male,18_to_30,bachelors_degree,employed,750_to_1500_eur,true
h0419,p0419,female,31_to_40,secondary_school,employed,up_to_750_eur,false
h0420,p0420,female,31_to_40,bachelors_degree,employed,up_to_750_eur,true
h0421,p0421,male,18_to_30,masters_or_doctoral_degree,employed,750_to_1500_eur,true
h0422,p0422,female,31_to_40,masters_or_doctoral_degree,employed,750_to_1500_eur,true
h0423,p0423,male,18_to_30,secondary_school,student,no_income,true
h0424,p0424,female,18_to_30,secondary_school,student,up_to_750_eur,true
h0425,p0425,female,51_to_65,bachelors_degree,employed,750_to_1500_eur,true
h0426,p0426,male,18_to_30,secondary_school,student,up_to_750_eur,false
h0427,p0427,male,41_to_50,masters_or_doctoral_degree,employed,750_to_1500_eur,true
h0428,p0428,female,18_to_30,bachelors_degree,employed,750_to_1500_eur,true
h0429,p0429,female,18_to_30,bachelors_degree,employed,750_to_1500_eur,true
h0430,p0430,male,18_to_30,masters_or_doctoral_degree,employed,750_to_1500_eur,true
h0431,p0431,male,18_to_30,masters_or_doctoral_degree,employed,750_to_1500_eur,true
h0432,p0432,male,51_to_65,bachelors_degree,not_in_labor_force,750_to_1500_eur,true
h0433,p0433,female,51_to_65,secondary_school,not_in_labor_force,up_to_750_eur,true
h0434,p0434,female,66_or_older,masters_or_doctoral_degree,not_in_labor_force,750_to_1500_eur,true
h0435,p0435,female,51_to_65,bachelors_degree,employed,750_to_1500_eur,true
h0436,p0436,female,41_to_50,masters_or_doctoral_degree,employed,1500_to_2500_eur,true
h0437,p0437,female,31_to_40,secondary_school,unemployed,no_income,true
h0438,p0438,female,18_to_30,masters_or_doctoral_degree,employed,750_to_1500_eur,true
h0439,p0439,female,18_to_30,secondary_school,student,no_income,true
h0440,p0440,male,31_to_40,masters_or_doctoral_degree,employed,1500_to_2500_eur,true
h0441,p0441,female,18_to_30,masters_or_doctoral_degree,employed,up_to_750_eur,true
h0442,p0442,male,18_to_30,masters_or_doctoral_degree,employed,750_to_1500_eur,true
h0443,p0443,female,31_to_40,bachelors_degree,employed,up_to_750_eur,true
h0444,p0444,female,51_to_65,bachelors_degree,not_in_labor_force,750_to_1500_eur,true
h0445,p0445,female,18_to_30,masters_or_doctoral_degree,employed,750_to_1500_eur,false
h0446,p0446,male,,bachelors_degree,unemployed,no_income,true
h0447,p0447,male,18_to_30,masters_or_doctoral_degree,employed,up_to_750_eur,true
h0448,p0448,female,41_to_50,bachelors_degree,employed,750_to_1500_eur,true
h0449,p0449,female,18_to_30,secondary_school,student,no_income,true
h0450,p0450,male,51_to_65,bachelors_degree,not_in_labor_force,750_to_1500_eur,true
h0451,p0451,female,66_or_older,secondary_school,not_in_labor_force,750_to_1500_eur,false
h0452,p0452,female,31_to_40,bachelors_degree,employed,1500_to_2500_eur,false
h0453,p0453,male,31_to_40,masters_or_doctoral_degree,employed,1500_to_2500_eur,false
h0454,p0454,female,31_to_40,masters_or_doctoral_degree,employed,1500_to_2500_eur,true
h0455,p0455,female,41_to_50,masters_or_doctoral_degree,employed,1500_to_2500_eur,true
h0456,p0456,male,41_to_50,masters_or_doctoral_degree,employed,1500_to_2500_eur,true
h0457,p0457,male,41_to_50,masters_or_doctoral_degree,employed,750_to_1500_eur,false
h0458,p0458,female,51_to_65,masters_or_doctoral_degree,employed,1500_to_2500_eur,false
h0459,p0459,male,51_to_65,secondary_school,employed,750_to_1500_eur,true
h0460,p0460,female,51_to_65,bachelors_degree,employed,750_to_1500_eur,false
h0461,p0461,female,51_to_65,primary_school,employed,,true
h0462,p0462,female,51_to_65,bachelors_degree,employed,up_to_750_eur,true
h0463,p0463,male,18_to_30,masters_or_doctoral_degree,employed,up_to_750_eur,true
h0464,p0464,male,41_to_50,bachelors_degree,employed,750_to_1500_eur,true
h0465,p0465,male,18_to_30,bachelors_degree,student,up_to_750_eur,false
h0466,p0466,female,51_to_65,bachelors_degree,not_in_labor_force,750_to_1500_eur,true
h0467,p0467,male,66_or_older,bachelors_degree,not_in_labor_force,,true
h0468,p0468,female,18_to_30,bachelors_degree,,up_to_750_eur,false
h0469,p0469,female,18_to_30,bachelors_degree,employed,750_to_1500_eur,true
h0470,p0470,male,66_or_older,bachelors_degree,not_in_labor_force,750_to_1500_eur,true
h0471,p0471,female,51_to_65,secondary_school,employed,750_to_1500_eur,true
h0472,p0472,female,41_to_50,masters_or_doctoral_degree,employed,1500_to_2500_eur,true
h0473,p0473,female,31_to_40,bachelors_degree,employed,1500_to_2500_eur,true
h0474,p0474,male,51_to_65,secondary_school,employed,1500_to_2500_eur,true
h0475,p0475,female,31_to_40,masters_or_doctoral_degree,employed,,false
h0476,p0476,female,51_to_65,bachelors_degree,not_in_labor_force,750_to_1500_eur,true
h0477,p0477,female,31_to_40,masters_or_doctoral_degree,employed,750_to_1500_eur,true
h0478,p0478,female,41_to_50,masters_or_doctoral_degree,employed,750_to_1500_eur,true
h0479,p0479,female,18_to_30,masters_or_doctoral_degree,employed,750_to_1500_eur,true
h0480,p0480,female,66_or_older,secondary_school,not_in_labor_force,750_to_1500_eur,true
h0481,p0481,male,18_to_30,secondary_school,employed,750_to_1500_eur,true
h0482,p0482,male,51_to_65,secondary_school,employed,,false
h0483,p0483,female,18_to_30,secondary_school,student,no_income,true
h0484,p0484,female,31_to_40,masters_or_doctoral_degree,employed,1500_to_2500_eur,true
h0485,p0485,female,41_to_50,bachelors_degree,employed,750_to_1500_eur,true
h0486,p0486,female,41_to_50,masters_or_doctoral_degree,employed,750_to_1500_eur,true
h0487,p0487,male,41_to_50,bachelors_degree,employed,750_to_1500_eur,true
h0488,p0488,female,18_to_30,secondary_school,student,no_income,true
h0489,p0489,male,31_to_40,masters_or_doctoral_degree,employed,1500_to_2500_eur,true
h0490,p0490,female,18_to_30,masters_or_doctoral_degree,employed,750_to_1500_eur,true
h0491,p0491,male,31_to_40,secondary_school,employed,750_to_1500_eur,true
h0492,p0492,female,51_to_65,masters_or_doctoral_degree,employed,1500_to_2500_eur,true
h0493,p0493,female,18_to_30,secondary_school,student,no_income,true
h0494,p0494,male,31_to_40,masters_or_doctoral_degree,employed,1500_to_2500_eur,true
h0495,p0495,female,51_to_65,secondary_school,employed,750_to_1500_eur,true
h0496,p0496,male,51_to_65,secondary_school,employed,750_to_1500_eur,true
h0497,p0497,female,18_to_30,bachelors_degree,employed,up_to_750_eur,true
h0498,p0498,female,18_to_30,bachelors_degree,employed,up_to_750_eur,true
h0499,p0499,female,18_to_30,masters_or_doctoral_degree,employed,up_to_750_eur,true
h0500,p0500,female,51_to_65,bachelors_degree,not_in_labor_force,750_to_1500_eur,true
h0501,p0501,female,51_to_65,bachelors_degree,employed,750_to_1500_eur,true
h0502,p0502,,,,,,false
h0503,p0503,male,18_to_30,masters_or_doctoral_degree,student,up_to_750_eur,true
h0504,p0504,female,51_to_65,bachelors_degree,employed,,true
h0505,p0505,male,41_to_50,masters_or_doctoral_degree,employed,,true
h0506,p0506,female,51_to_65,bachelors_degree,not_in_labor_force,750_to_1500_eur,true
h0507,p0507,male,66_or_older,secondary_school,not_in_labor_force,750_to_1500_eur,true
h0508,p0508,male,41_to_50,masters_or_doctoral_degree,employed,1500_to_2500_eur,false
h0509,p0509,male,31_to_40,bachelors_degree,employed,,true
h0510,p0510,female,31_to_40,bachelors_degree,employed,,true
h0511,p0511,female,51_to_65,bachelors_degree,employed,,true
h0512,p0512,male,18_to_30,masters_or_doctoral_degree,employed,,true
h0513,p0513,male,18_to_30,bachelors_degree,unemployed,no_income,true
