household_id,person_id,trip_id,trip_sequence,origin,destination,purpose,mode,earliest_departure_second,latest_departure_second
h0001,p0001,p0001_t01,1,z002,z015,work,train,32400,35999
h0001,p0001,p0001_t02,2,z015,z002,work,walk,64800,68399
h0001,p0001,p0001_t03,3,z002,z001,recreation,escooter,79200,82799
h0001,p0001,p0001_t04,4,z001,z002,home,escooter,93600,97199
h0002,p0002,p0002_t01,1,z012,z012,education,car,39600,43199
h0002,p0002,p0002_t02,2,z012,z022,recreation,car,61200,64799
h0002,p0002,p0002_t03,3,z022,z010,service,car,75600,79199
h0003,p0003,p0003_t01,1,z015,z015,work,walk,46800,50399
h0003,p0003,p0003_t02,2,z015,z015,recreation,walk,50400,53999
h0004,p0004,p0004_t01,1,z007,z030,work,train,39600,43199
h0004,p0004,p0004_t02,2,z030,z023,work,train,57600,61199
h0004,p0004,p0004_t03,3,z023,z007,home,train,75600,79199
h0005,p0005,p0005_t01,1,z022,z035,recreation,car,68400,71999
h0005,p0005,p0005_t02,2,z035,z022,home,car,72000,75599
h0006,p0006,p0006_t01,1,z030,z026,other,car,39600,43199
h0006,p0006,p0006_t02,2,z026,z030,home,car,54000,57599
h0007,p0007,p0007_t01,1,z003,z021,education,train,36000,39599
h0007,p0007,p0007_t02,2,z021,z015,education,car,36000,39599
h0007,p0007,p0007_t03,3,z015,z003,home,train,57600,61199
h0008,p0008,p0008_t01,1,z015,z015,work,walk,54000,57599
h0008,p0008,p0008_t02,2,z015,z015,work,walk,64800,68399
h0009,p0009,p0009_t01,1,z021,z021,recreation,walk,61200,64799
h0009,p0009,p0009_t02,2,z021,z021,home,walk,75600,79199
h0010,p0010,p0010_t01,1,z009,z009,recreation,walk,14400,17999
h0010,p0010,p0010_t02,2,z009,z009,recreation,walk,79200,82799
h0011,p0011,p0011_t01,1,z012,z022,work,train,46800,50399
h0011,p0011,p0011_t02,2,z022,z018,work,train,64800,68399
h0012,p0012,p0012_t01,1,z025,z025,education,train,50400,53999
h0012,p0012,p0012_t02,2,z025,z025,recreation,walk,64800,68399
h0013,p0013,p0013_t01,1,z015,z015,education,bus,32400,35999
h0013,p0013,p0013_t02,2,z015,z025,market,walk,64800,68399
h0014,p0014,p0014_t01,1,z015,z001,work,walk,36000,39599
h0014,p0014,p0014_t02,2,z001,z015,home,walk,64800,68399
h0014,p0014,p0014_t03,3,z015,z015,recreation,walk,75600,79199
h0015,p0015,p0015_t01,1,z026,z021,work,train,32400,35999
h0015,p0015,p0015_t02,2,z021,z026,home,train,61200,64799
h0016,p0016,p0016_t01,1,z001,z001,work,bus,36000,39599
h0016,p0016,p0016_t02,2,z001,z001,home,bus,54000,57599
h0017,p0017,p0017_t01,1,z008,z008,recreation,walk,72000,75599
h0017,p0017,p0017_t02,2,z008,z015,other,walk,140400,143999
h0018,p0018,p0018_t01,1,z022,z022,other,car,21600,25199
h0018,p0018,p0018_t02,2,z022,z029,work,car,21600,25199
h0018,p0018,p0018_t03,3,z029,z022,home,car,68400,71999
h0019,p0019,p0019_t01,1,z021,z021,other,walk,32400,35999
h0019,p0019,p0019_t02,2,z021,z021,home,walk,111600,115199
h0020,p0020,p0020_t01,1,z021,z001,work,bus,28800,32399
h0020,p0020,p0020_t02,2,z001,z021,home,bus,61200,64799
h0021,p0021,p0021_t01,1,z036,z036,recreation,car,32400,35999
h0021,p0021,p0021_t02,2,z036,z036,work,car,46800,50399
h0021,p0021,p0021_t03,3,z036,z036,market,car,68400,71999
h0022,p0022,p0022_t01,1,z001,z015,education,bus,46800,50399
h0022,p0022,p0022_t02,2,z015,z001,home,bus,64800,68399
h0022,p0022,p0022_t03,3,z001,z035,recreation,train,72000,75599
h0023,p0023,p0023_t01,1,z025,z015,work,bus,28800,32399
h0023,p0023,p0023_t02,2,z015,z025,home,bus,61200,64799
h0024,p0024,p0024_t01,1,z025,z025,recreation,walk,68400,71999
h0024,p0024,p0024_t02,2,z025,z028,recreation,train,68400,71999
h0025,p0025,p0025_t01,1,z021,z036,market,bus,50400,53999
h0025,p0025,p0025_t02,2,z036,z036,recreation,bus,64800,68399
h0025,p0025,p0025_t03,3,z036,z036,recreation,bus,72000,75599
h0025,p0025,p0025_t04,4,z036,z036,recreation,bus,90000,93599
h0026,p0026,p0026_t01,1,z021,z026,recreation,train,64800,68399
h0026,p0026,p0026_t02,2,z026,z021,home,train,86400,89999
h0027,p0027,p0027_t01,1,z001,z001,work,walk,50400,53999
h0027,p0027,p0027_t02,2,z001,z015,work,bus,50400,53999
h0028,p0028,p0028_t01,1,z002,z007,education,bus,64800,68399
h0028,p0028,p0028_t02,2,z007,z002,home,bus,72000,75599
h0029,p0029,p0029_t01,1,z020,z021,work,train,36000,39599
h0029,p0029,p0029_t02,2,z021,z021,work,car,36000,39599
h0029,p0029,p0029_t03,3,z021,z013,recreation,car,64800,68399
h0030,p0030,p0030_t01,1,z002,z015,education,walk,36000,39599
h0030,p0030,p0030_t02,2,z015,z002,home,walk,54000,57599
h0031,p0031,p0031_t01,1,z020,z022,work,train,36000,39599
h0031,p0031,p0031_t02,2,z022,z020,recreation,walk,75600,79199
h0031,p0031,p0031_t03,3,z020,z020,home,train,151200,154799
h0032,p0032,p0032_t01,1,z035,z015,work,train,36000,39599
h0032,p0032,p0032_t02,2,z015,z001,education,train,50400,53999
h0032,p0032,p0032_t03,3,z001,z035,home,train,72000,75599
h0032,p0032,p0032_t04,4,z035,z022,recreation,car,72000,75599
h0032,p0032,p0032_t05,5,z022,z035,home,car,100800,104399
h0033,p0033,p0033_t01,1,z001,z005,education,train,54000,57599
h0033,p0033,p0033_t02,2,z005,z001,home,train,75600,79199
h0033,p0033,p0033_t03,3,z001,z005,recreation,car,75600,79199
h0034,p0034,p0034_t01,1,z017,z001,work,car,36000,39599
h0034,p0034,p0034_t02,2,z001,z029,recreation,car,68400,71999
h0034,p0034,p0034_t03,3,z029,z014,recreation,car,79200,82799
h0034,p0034,p0034_t04,4,z014,z017,home,car,100800,104399
h0035,p0035,p0035_t01,1,z015,z028,recreation,bus,54000,57599
h0035,p0035,p0035_t02,2,z028,z015,home,bus,64800,68399
h0036,p0036,p0036_t01,1,z017,z017,market,car,64800,68399
h0036,p0036,p0036_t02,2,z017,z017,recreation,car,64800,68399
h0036,p0036,p0036_t03,3,z017,z017,home,car,75600,79199
h0037,p0037,p0037_t01,1,z007,z029,work,car,36000,39599
h0037,p0037,p0037_t02,2,z029,z007,home,car,64800,68399
h0037,p0037,p0037_t03,3,z007,z005,education,car,72000,75599
h0038,p0038,p0038_t01,1,z022,z015,work,car,32400,35999
h0038,p0038,p0038_t02,2,z015,z022,home,car,64800,68399
h0039,p0039,p0039_t01,1,z008,z021,market,train,50400,53999
h0039,p0039,p0039_t02,2,z021,z022,recreation,train,75600,79199
h0039,p0039,p0039_t03,3,z022,z008,home,taxi,97200,100799
h0040,p0040,p0040_t01,1,z002,z015,work,bus,36000,39599
h0040,p0040,p0040_t02,2,z015,z002,home,train,57600,61199
h0040,p0040,p0040_t03,3,z002,z011,other,train,79200,82799
h0040,p0040,p0040_t04,4,z011,z002,home,taxi,86400,89999
h0041,p0041,p0041_t01,1,z002,z015,work,car,43200,46799
h0041,p0041,p0041_t02,2,z015,z002,home,car,64800,68399
h0042,p0042,p0042_t01,1,z036,z035,work,motorcycle,28800,32399
h0042,p0042,p0042_t02,2,z035,z005,education,motorcycle,64800,68399
h0043,p0043,p0043_t01,1,z022,z022,other,bus,57600,61199
h0043,p0043,p0043_t02,2,z022,z022,other,taxi,57600,61199
h0044,p0044,p0044_t01,1,z001,z013,recreation,bus,54000,57599
h0044,p0044,p0044_t02,2,z013,z001,home,bus,64800,68399
h0045,p0045,p0045_t01,1,z019,z031,work,car,36000,39599
h0045,p0045,p0045_t02,2,z031,z019,home,car,61200,64799
h0046,p0046,p0046_t01,1,z011,z003,work,car,32400,35999
h0046,p0046,p0046_t02,2,z003,z011,home,car,79200,82799
h0046,p0046,p0046_t03,3,z011,z003,work,car,118800,122399
h0046,p0046,p0046_t04,4,z003,z011,home,car,154800,158399
h0047,p0047,p0047_t01,1,z025,z028,other,car,54000,57599
h0047,p0047,p0047_t02,2,z028,z025,home,car,54000,57599
h0048,p0048,p0048_t01,1,z001,z001,work,car,36000,39599
h0048,p0048,p0048_t02,2,z001,z001,home,car,68400,71999
h0048,p0048,p0048_t03,3,z001,z035,recreation,car,72000,75599
h0048,p0048,p0048_t04,4,z035,z001,home,car,86400,89999
h0049,p0049,p0049_t01,1,z025,z029,work,train,25200,28799
h0049,p0049,p0049_t02,2,z029,z004,recreation,walk,68400,71999
h0050,p0050,p0050_t01,1,z016,z022,work,car,28800,32399
h0050,p0050,p0050_t02,2,z022,z022,work,car,28800,32399
h0050,p0050,p0050_t03,3,z022,z016,home,car,61200,64799
h0051,p0051,p0051_t01,1,z015,z029,work,bus,36000,39599
h0051,p0051,p0051_t02,2,z029,z002,market,bus,68400,71999
h0051,p0051,p0051_t03,3,z002,z015,home,taxi,79200,82799
h0052,p0052,p0052_t01,1,z022,z021,work,car,28800,32399
h0052,p0052,p0052_t02,2,z021,z022,home,car,61200,64799
h0053,p0053,p0053_t01,1,z022,z001,service,train,36000,39599
h0053,p0053,p0053_t02,2,z001,z022,home,train,68400,71999
h0054,p0054,p0054_t01,1,z029,z029,work,car,28800,32399
h0054,p0054,p0054_t02,2,z029,z005,work,car,46800,50399
h0055,p0055,p0055_t01,1,z029,z012,work,car,21600,25199
h0055,p0055,p0055_t02,2,z012,z012,work,car,21600,25199
h0055,p0055,p0055_t03,3,z012,z012,recreation,car,68400,71999
h0056,p0056,p0056_t01,1,z020,z030,other,car,61200,64799
h0056,p0056,p0056_t02,2,z030,z020,other,car,93600,97199
h0056,p0056,p0056_t03,3,z020,z015,education,car,126000,129599
h0056,p0056,p0056_t04,4,z015,z020,home,car,136800,140399
h0057,p0057,p0057_t01,1,z032,z020,work,bus,32400,35999
h0057,p0057,p0057_t02,2,z020,z032,other,train,43200,46799
h0057,p0057,p0057_t03,3,z032,z010,work,bus,43200,46799
h0058,p0058,p0058_t01,1,z024,z015,work,car,18000,21599
h0058,p0058,p0058_t02,2,z015,z024,home,car,54000,57599
h0059,p0059,p0059_t01,1,z004,z015,work,bus,36000,39599
h0059,p0059,p0059_t02,2,z015,z035,work,bus,61200,64799
h0060,p0060,p0060_t01,1,z025,z016,market,motorcycle,46800,50399
h0060,p0060,p0060_t02,2,z016,z016,other,car,46800,50399
h0061,p0061,p0061_t01,1,z021,z018,work,car,32400,35999
h0061,p0061,p0061_t02,2,z018,z015,market,car,50400,53999
h0061,p0061,p0061_t03,3,z015,z005,work,car,50400,53999
h0062,p0062,p0062_t01,1,z002,z012,work,car,32400,35999
h0062,p0062,p0062_t02,2,z012,z002,home,car,64800,68399
h0063,p0063,p0063_t01,1,z015,z022,work,car,36000,39599
h0063,p0063,p0063_t02,2,z022,z015,home,car,61200,64799
h0064,p0064,p0064_t01,1,z021,z015,work,train,18000,21599
h0064,p0064,p0064_t02,2,z015,z021,home,train,61200,64799
h0065,p0065,p0065_t01,1,z022,z001,recreation,train,43200,46799
h0065,p0065,p0065_t02,2,z001,z022,home,train,61200,64799
h0066,p0066,p0066_t01,1,z034,z034,recreation,car,68400,71999
h0066,p0066,p0066_t02,2,z034,z001,other,car,79200,82799
h0067,p0067,p0067_t01,1,z026,z025,work,motorcycle,28800,32399
h0067,p0067,p0067_t02,2,z025,z026,home,motorcycle,75600,79199
h0068,p0068,p0068_t01,1,z007,z015,work,taxi,28800,32399
h0068,p0068,p0068_t02,2,z015,z007,home,bus,68400,71999
h0068,p0068,p0068_t03,3,z007,z001,recreation,walk,79200,82799
h0068,p0068,p0068_t04,4,z001,z007,home,taxi,93600,97199
h0069,p0069,p0069_t01,1,z036,z035,recreation,car,50400,53999
h0069,p0069,p0069_t02,2,z035,z036,market,car,68400,71999
h0069,p0069,p0069_t03,3,z036,z035,education,taxi,126000,129599
h0069,p0069,p0069_t04,4,z035,z036,home,car,165600,169199
h0070,p0070,p0070_t01,1,z023,z035,recreation,car,57600,61199
h0070,p0070,p0070_t02,2,z035,z003,recreation,car,79200,82799
h0070,p0070,p0070_t03,3,z003,z023,home,car,100800,104399
h0071,p0071,p0071_t01,1,z019,z032,work,car,32400,35999
h0071,p0071,p0071_t02,2,z032,z019,home,car,68400,71999
h0071,p0071,p0071_t03,3,z019,z032,recreation,car,72000,75599
h0072,p0072,p0072_t01,1,z030,z025,work,walk,46800,50399
h0072,p0072,p0072_t02,2,z025,z030,home,walk,64800,68399
h0073,p0073,p0073_t01,1,z030,z035,work,car,28800,32399
h0073,p0073,p0073_t02,2,z035,z015,recreation,car,68400,71999
h0073,p0073,p0073_t03,3,z015,z030,home,car,75600,79199
h0073,p0073,p0073_t04,4,z030,z030,market,walk,75600,79199
h0074,p0074,p0074_t01,1,z001,z008,work,car,32400,35999
h0074,p0074,p0074_t02,2,z008,z030,market,car,72000,75599
h0074,p0074,p0074_t03,3,z030,z030,recreation,walk,86400,89999
h0074,p0074,p0074_t04,4,z030,z010,other,car,144000,147599
h0075,p0075,p0075_t01,1,z030,z030,work,walk,46800,50399
h0075,p0075,p0075_t02,2,z030,z030,work,motorcycle,64800,68399
h0075,p0075,p0075_t03,3,z030,z030,home,motorcycle,64800,68399
h0075,p0075,p0075_t04,4,z030,z030,work,motorcycle,64800,68399
h0075,p0075,p0075_t05,5,z030,z030,home,motorcycle,100800,104399
h0076,p0076,p0076_t01,1,z032,z030,work,bus,18000,21599
h0076,p0076,p0076_t02,2,z030,z030,work,bus,54000,57599
h0077,p0077,p0077_t01,1,z034,z034,recreation,walk,64800,68399
h0077,p0077,p0077_t02,2,z034,z002,recreation,car,90000,93599
h0078,p0078,p0078_t01,1,z030,z017,work,car,21600,25199
h0078,p0078,p0078_t02,2,z017,z030,home,car,54000,57599
h0079,p0079,p0079_t01,1,z009,z030,work,car,36000,39599
h0079,p0079,p0079_t02,2,z030,z030,work,car,36000,39599
h0080,p0080,p0080_t01,1,z005,z023,work,car,36000,39599
h0080,p0080,p0080_t02,2,z023,z025,work,car,36000,39599
h0081,p0081,p0081_t01,1,z019,z002,work,train,21600,25199
h0081,p0081,p0081_t02,2,z002,z002,work,train,21600,25199
h0082,p0082,p0082_t01,1,z034,z035,other,car,39600,43199
h0082,p0082,p0082_t02,2,z035,z034,home,car,39600,43199
h0083,p0083,p0083_t01,1,z028,z028,other,walk,75600,79199
h0083,p0083,p0083_t02,2,z028,z025,work,walk,122400,125999
h0083,p0083,p0083_t03,3,z025,z025,recreation,walk,154800,158399
h0083,p0083,p0083_t04,4,z025,z025,market,bus,154800,158399
h0083,p0083,p0083_t05,5,z025,z025,other,bus,154800,158399
h0084,p0084,p0084_t01,1,z002,z034,work,car,18000,21599
h0084,p0084,p0084_t02,2,z034,z002,home,car,57600,61199
h0085,p0085,p0085_t01,1,z021,z021,education,train,36000,39599
h0085,p0085,p0085_t02,2,z021,z021,home,train,61200,64799
h0086,p0086,p0086_t01,1,z033,z028,work,train,18000,21599
h0086,p0086,p0086_t02,2,z028,z022,work,train,18000,21599
h0086,p0086,p0086_t03,3,z022,z028,work,train,50400,53999
h0086,p0086,p0086_t04,4,z028,z028,recreation,car,68400,71999
h0087,p0087,p0087_t01,1,z029,z001,work,car,21600,25199
h0087,p0087,p0087_t02,2,z001,z029,home,car,50400,53999
h0087,p0087,p0087_t03,3,z029,z018,recreation,car,50400,53999
h0088,p0088,p0088_t01,1,z035,z029,work,train,36000,39599
h0088,p0088,p0088_t02,2,z029,z021,work,train,68400,71999
h0089,p0089,p0089_t01,1,z001,z001,work,bus,32400,35999
h0089,p0089,p0089_t02,2,z001,z001,home,bus,57600,61199
h0090,p0090,p0090_t01,1,z034,z028,work,car,21600,25199
h0090,p0090,p0090_t02,2,z028,z005,work,car,61200,64799
h0091,p0091,p0091_t01,1,z007,z028,work,train,21600,25199
h0091,p0091,p0091_t02,2,z028,z007,home,train,68400,71999
h0092,p0092,p0092_t01,1,z021,z007,work,train,28800,32399
h0092,p0092,p0092_t02,2,z007,z021,home,train,57600,61199
h0092,p0092,p0092_t03,3,z021,z035,other,train,75600,79199
h0093,p0093,p0093_t01,1,z006,z035,other,taxi,64800,68399
h0093,p0093,p0093_t02,2,z035,z006,home,taxi,72000,75599
h0094,p0094,p0094_t01,1,z007,z006,work,bus,32400,35999
h0094,p0094,p0094_t02,2,z006,z007,work,bus,32400,35999
h0094,p0094,p0094_t03,3,z007,z007,home,bus,64800,68399
h0095,p0095,p0095_t01,1,z021,z030,work,car,28800,32399
h0095,p0095,p0095_t02,2,z030,z021,home,car,64800,68399
h0096,p0096,p0096_t01,1,z012,z001,work,car,25200,28799
h0096,p0096,p0096_t02,2,z001,z012,market,car,57600,61199
h0096,p0096,p0096_t03,3,z012,z012,home,car,61200,64799
h0097,p0097,p0097_t01,1,z021,z021,other,bus,50400,53999
h0097,p0097,p0097_t02,2,z021,z035,other,bus,68400,71999
h0098,p0098,p0098_t01,1,z007,z021,work,bus,32400,35999
h0098,p0098,p0098_t02,2,z021,z007,home,bus,68400,71999
h0099,p0099,p0099_t01,1,z035,z001,work,car,32400,35999
h0099,p0099,p0099_t02,2,z001,z035,home,car,61200,64799
h0099,p0099,p0099_t03,3,z035,z019,service,car,133200,136799
h0099,p0099,p0099_t04,4,z019,z001,work,car,133200,136799
h0100,p0100,p0100_t01,1,z030,z003,recreation,car,43200,46799
h0100,p0100,p0100_t02,2,z003,z001,recreation,walk,57600,61199
h0100,p0100,p0100_t03,3,z001,z030,home,car,68400,71999
h0101,p0101,p0101_t01,1,z010,z008,work,car,32400,35999
h0101,p0101,p0101_t02,2,z008,z017,work,car,64800,68399
h0101,p0101,p0101_t03,3,z017,z008,recreation,car,72000,75599
h0101,p0101,p0101_t04,4,z008,z008,recreation,car,72000,75599
h0102,p0102,p0102_t01,1,z036,z031,work,car,28800,32399
h0102,p0102,p0102_t02,2,z031,z014,other,car,61200,64799
h0103,p0103,p0103_t01,1,z009,z003,work,train,25200,28799
h0103,p0103,p0103_t02,2,z003,z030,market,bus,50400,53999
h0103,p0103,p0103_t03,3,z030,z036,other,bus,50400,53999
h0104,p0104,p0104_t01,1,z022,z001,other,car,43200,46799
h0104,p0104,p0104_t02,2,z001,z022,home,car,43200,46799
h0105,p0105,p0105_t01,1,z007,z031,work,car,36000,39599
h0105,p0105,p0105_t02,2,z031,z031,work,car,68400,71999
h0105,p0105,p0105_t03,3,z031,z007,home,car,68400,71999
h0105,p0105,p0105_t04,4,z007,z007,market,walk,144000,147599
h0106,p0106,p0106_t01,1,z005,z005,market,walk,39600,43199
h0106,p0106,p0106_t02,2,z005,z005,market,walk,39600,43199
h0107,p0107,p0107_t01,1,z007,z029,work,car,28800,32399
h0107,p0107,p0107_t02,2,z029,z007,home,car,61200,64799
h0107,p0107,p0107_t03,3,z007,z022,recreation,car,79200,82799
h0107,p0107,p0107_t04,4,z022,z007,home,car,79200,82799
h0108,p0108,p0108_t01,1,z001,z001,market,car,28800,32399
h0108,p0108,p0108_t02,2,z001,z011,market,car,46800,50399
h0108,p0108,p0108_t03,3,z011,z001,work,car,75600,79199
h0108,p0108,p0108_t04,4,z001,z001,home,car,93600,97199
h0109,p0109,p0109_t01,1,z013,z022,education,train,43200,46799
h0109,p0109,p0109_t02,2,z022,z013,home,train,43200,46799
h0110,p0110,p0110_t01,1,z001,z006,recreation,walk,39600,43199
h0110,p0110,p0110_t02,2,z006,z026,recreation,train,50400,53999
h0110,p0110,p0110_t03,3,z026,z001,home,train,72000,75599
h0111,p0111,p0111_t01,1,z002,z010,work,train,28800,32399
h0111,p0111,p0111_t02,2,z010,z002,home,train,64800,68399
h0112,p0112,p0112_t01,1,z034,z034,education,bus,54000,57599
h0112,p0112,p0112_t02,2,z034,z001,education,bus,54000,57599
h0113,p0113,p0113_t01,1,z028,z028,other,car,39600,43199
h0113,p0113,p0113_t02,2,z028,z007,other,car,68400,71999
h0113,p0113,p0113_t03,3,z007,z028,home,car,72000,75599
h0114,p0114,p0114_t01,1,z018,z001,market,train,57600,61199
h0114,p0114,p0114_t02,2,z001,z001,recreation,walk,61200,64799
h0114,p0114,p0114_t03,3,z001,z002,work,train,61200,64799
h0114,p0114,p0114_t04,4,z002,z018,home,train,93600,97199
h0115,p0115,p0115_t01,1,z026,z022,work,bus,36000,39599
h0115,p0115,p0115_t02,2,z022,z026,home,bus,64800,68399
h0115,p0115,p0115_t03,3,z026,z032,recreation,car,64800,68399
h0115,p0115,p0115_t04,4,z032,z030,other,car,79200,82799
h0115,p0115,p0115_t05,5,z030,z026,home,car,86400,89999
h0116,p0116,p0116_t01,1,z018,z004,work,train,28800,32399
h0116,p0116,p0116_t02,2,z004,z018,home,train,61200,64799
h0117,p0117,p0117_t01,1,z018,z024,market,car,28800,32399
h0117,p0117,p0117_t02,2,z024,z024,recreation,walk,64800,68399
h0118,p0118,p0118_t01,1,z024,z028,work,car,18000,21599
h0118,p0118,p0118_t02,2,z028,z024,home,car,50400,53999
h0119,p0119,p0119_t01,1,z032,z030,work,car,36000,39599
h0119,p0119,p0119_t02,2,z030,z028,recreation,car,68400,71999
h0119,p0119,p0119_t03,3,z028,z028,market,car,75600,79199
h0120,p0120,p0120_t01,1,z028,z028,education,car,28800,32399
h0120,p0120,p0120_t02,2,z028,z028,recreation,car,64800,68399
h0120,p0120,p0120_t03,3,z028,z028,recreation,car,75600,79199
h0121,p0121,p0121_t01,1,z002,z004,work,car,32400,35999
h0121,p0121,p0121_t02,2,z004,z024,work,car,43200,46799
h0121,p0121,p0121_t03,3,z024,z003,work,car,43200,46799
h0121,p0121,p0121_t04,4,z003,z035,work,car,50400,53999
h0122,p0122,p0122_t01,1,z032,z004,work,car,32400,35999
h0122,p0122,p0122_t02,2,z004,z032,home,car,64800,68399
h0122,p0122,p0122_t03,3,z032,z032,other,car,64800,68399
h0123,p0123,p0123_t01,1,z011,z011,recreation,car,39600,43199
h0123,p0123,p0123_t02,2,z011,z017,recreation,car,39600,43199
h0124,p0124,p0124_t01,1,z002,z025,recreation,train,57600,61199
h0124,p0124,p0124_t02,2,z025,z002,home,walk,61200,64799
h0125,p0125,p0125_t01,1,z001,z001,recreation,bus,75600,79199
h0125,p0125,p0125_t02,2,z001,z012,other,car,118800,122399
h0125,p0125,p0125_t03,3,z012,z011,service,car,154800,158399
h0126,p0126,p0126_t01,1,z007,z007,work,bus,28800,32399
h0126,p0126,p0126_t02,2,z007,z007,home,walk,61200,64799
h0126,p0126,p0126_t03,3,z007,z001,market,walk,61200,64799
h0127,p0127,p0127_t01,1,z007,z031,work,motorcycle,28800,32399
h0127,p0127,p0127_t02,2,z031,z001,work,motorcycle,28800,32399
h0127,p0127,p0127_t03,3,z001,z030,recreation,motorcycle,72000,75599
h0128,p0128,p0128_t01,1,z022,z022,recreation,car,39600,43199
h0128,p0128,p0128_t02,2,z022,z005,recreation,car,50400,53999
h0128,p0128,p0128_t03,3,z005,z022,home,car,68400,71999
h0129,p0129,p0129_t01,1,z028,z006,work,car,28800,32399
h0129,p0129,p0129_t02,2,z006,z018,education,car,50400,53999
h0129,p0129,p0129_t03,3,z018,z030,education,car,50400,53999
h0129,p0129,p0129_t04,4,z030,z028,home,car,64800,68399
h0130,p0130,p0130_t01,1,z035,z035,recreation,walk,79200,82799
h0130,p0130,p0130_t02,2,z035,z035,home,walk,79200,82799
h0131,p0131,p0131_t01,1,z014,z001,work,train,36000,39599
h0131,p0131,p0131_t02,2,z001,z001,recreation,train,79200,82799
h0132,p0132,p0132_t01,1,z005,z001,work,car,36000,39599
h0132,p0132,p0132_t02,2,z001,z005,home,car,64800,68399
h0132,p0132,p0132_t03,3,z005,z005,market,car,64800,68399
h0133,p0133,p0133_t01,1,z004,z028,work,car,36000,39599
h0133,p0133,p0133_t02,2,z028,z004,home,car,64800,68399
h0134,p0134,p0134_t01,1,z003,z003,recreation,train,10800,14399
h0134,p0134,p0134_t02,2,z003,z001,market,bus,43200,46799
h0135,p0135,p0135_t01,1,z022,z001,work,train,36000,39599
h0135,p0135,p0135_t02,2,z001,z022,home,train,57600,61199
h0136,p0136,p0136_t01,1,z014,z028,work,train,32400,35999
h0136,p0136,p0136_t02,2,z028,z024,work,train,32400,35999
h0136,p0136,p0136_t03,3,z024,z016,other,train,64800,68399
h0137,p0137,p0137_t01,1,z025,z025,other,walk,25200,28799
h0137,p0137,p0137_t02,2,z025,z001,work,train,32400,35999
h0137,p0137,p0137_t03,3,z001,z025,other,train,46800,50399
h0137,p0137,p0137_t04,4,z025,z031,other,car,46800,50399
h0137,p0137,p0137_t05,5,z031,z025,home,car,46800,50399
h0138,p0138,p0138_t01,1,z005,z001,work,bus,36000,39599
h0138,p0138,p0138_t02,2,z001,z005,home,bus,68400,71999
h0139,p0139,p0139_t01,1,z012,z030,work,car,18000,21599
h0139,p0139,p0139_t02,2,z030,z035,work,car,28800,32399
h0140,p0140,p0140_t01,1,z025,z001,work,train,28800,32399
h0140,p0140,p0140_t02,2,z001,z025,home,train,54000,57599
h0141,p0141,p0141_t01,1,z021,z021,work,bicycle,32400,35999
h0141,p0141,p0141_t02,2,z021,z021,home,bicycle,64800,68399
h0142,p0142,p0142_t01,1,z032,z016,work,train,18000,21599
h0142,p0142,p0142_t02,2,z016,z032,home,train,54000,57599
h0143,p0143,p0143_t01,1,z025,z022,work,car,21600,25199
h0143,p0143,p0143_t02,2,z022,z025,home,car,54000,57599
h0144,p0144,p0144_t01,1,z007,z022,work,car,39600,43199
h0144,p0144,p0144_t02,2,z022,z001,market,walk,64800,68399
h0145,p0145,p0145_t01,1,z031,z028,recreation,car,28800,32399
h0145,p0145,p0145_t02,2,z028,z031,home,car,68400,71999
h0145,p0145,p0145_t03,3,z031,z022,recreation,car,75600,79199
h0146,p0146,p0146_t01,1,z007,z002,recreation,bus,54000,57599
h0146,p0146,p0146_t02,2,z002,z007,home,walk,61200,64799
h0147,p0147,p0147_t01,1,z032,z035,work,car,25200,28799
h0147,p0147,p0147_t02,2,z035,z028,work,car,57600,61199
h0148,p0148,p0148_t01,1,z007,z003,work,walk,18000,21599
h0148,p0148,p0148_t02,2,z003,z007,home,walk,54000,57599
h0148,p0148,p0148_t03,3,z007,z034,recreation,walk,61200,64799
h0148,p0148,p0148_t04,4,z034,z001,recreation,walk,75600,79199
h0149,p0149,p0149_t01,1,z010,z026,work,car,46800,50399
h0149,p0149,p0149_t02,2,z026,z001,work,walk,46800,50399
h0149,p0149,p0149_t03,3,z001,z001,work,car,54000,57599
h0150,p0150,p0150_t01,1,z001,z001,recreation,walk,61200,64799
h0150,p0150,p0150_t02,2,z001,z022,other,car,61200,64799
h0151,p0151,p0151_t01,1,z009,z001,work,car,32400,35999
h0151,p0151,p0151_t02,2,z001,z009,home,car,61200,64799
h0152,p0152,p0152_t01,1,z019,z001,work,train,32400,35999
h0152,p0152,p0152_t02,2,z001,z019,home,train,61200,64799
h0153,p0153,p0153_t01,1,z021,z001,work,car,32400,35999
h0153,p0153,p0153_t02,2,z001,z021,home,car,72000,75599
h0153,p0153,p0153_t03,3,z021,z001,work,walk,129600,133199
h0154,p0154,p0154_t01,1,z035,z035,recreation,car,39600,43199
h0154,p0154,p0154_t02,2,z035,z035,recreation,car,79200,82799
h0154,p0154,p0154_t03,3,z035,z022,recreation,car,140400,143999
h0154,p0154,p0154_t04,4,z022,z034,work,car,201600,205199
h0155,p0155,p0155_t01,1,z024,z007,work,car,28800,32399
h0155,p0155,p0155_t02,2,z007,z024,home,car,54000,57599
h0156,p0156,p0156_t01,1,z007,z007,work,car,25200,28799
h0156,p0156,p0156_t02,2,z007,z007,work,car,25200,28799
h0156,p0156,p0156_t03,3,z007,z007,home,car,68400,71999
h0157,p0157,p0157_t01,1,z003,z029,work,car,32400,35999
h0157,p0157,p0157_t02,2,z029,z018,work,train,68400,71999
h0157,p0157,p0157_t03,3,z018,z018,market,car,68400,71999
h0158,p0158,p0158_t01,1,z002,z035,work,bus,25200,28799
h0158,p0158,p0158_t02,2,z035,z035,work,bus,64800,68399
h0158,p0158,p0158_t03,3,z035,z002,home,bus,64800,68399
h0159,p0159,p0159_t01,1,z022,z031,work,car,18000,21599
h0159,p0159,p0159_t02,2,z031,z022,work,car,50400,53999
h0160,p0160,p0160_t01,1,z019,z021,work,car,32400,35999
h0160,p0160,p0160_t02,2,z021,z021,work,car,32400,35999
h0160,p0160,p0160_t03,3,z021,z019,home,car,64800,68399
h0161,p0161,p0161_t01,1,z019,z003,work,bus,21600,25199
h0161,p0161,p0161_t02,2,z003,z019,work,bus,64800,68399
h0161,p0161,p0161_t03,3,z019,z001,work,train,64800,68399
h0162,p0162,p0162_t01,1,z022,z002,work,train,32400,35999
h0162,p0162,p0162_t02,2,z002,z022,home,train,64800,68399
h0163,p0163,p0163_t01,1,z030,z028,work,bus,36000,39599
h0163,p0163,p0163_t02,2,z028,z030,home,taxi,64800,68399
h0163,p0163,p0163_t03,3,z030,z011,recreation,taxi,79200,82799
h0163,p0163,p0163_t04,4,z011,z011,recreation,car,90000,93599
h0164,p0164,p0164_t01,1,z030,z022,work,train,25200,28799
h0164,p0164,p0164_t02,2,z022,z030,home,train,68400,71999
h0165,p0165,p0165_t01,1,z025,z001,work,car,28800,32399
h0165,p0165,p0165_t02,2,z001,z025,home,car,61200,64799
h0166,p0166,p0166_t01,1,z025,z015,education,car,28800,32399
h0166,p0166,p0166_t02,2,z015,z025,work,bus,57600,61199
h0166,p0166,p0166_t03,3,z025,z025,home,walk,75600,79199
h0167,p0167,p0167_t01,1,z019,z028,work,car,18000,21599
h0167,p0167,p0167_t02,2,z028,z019,home,car,64800,68399
h0167,p0167,p0167_t03,3,z019,z019,recreation,walk,72000,75599
h0168,p0168,p0168_t01,1,z029,z022,work,car,39600,43199
h0168,p0168,p0168_t02,2,z022,z029,home,car,64800,68399
h0169,p0169,p0169_t01,1,z035,z030,work,train,28800,32399
h0169,p0169,p0169_t02,2,z030,z035,home,train,68400,71999
h0170,p0170,p0170_t01,1,z035,z001,work,car,32400,35999
h0170,p0170,p0170_t02,2,z001,z035,home,car,79200,82799
h0171,p0171,p0171_t01,1,z028,z028,recreation,bus,50400,53999
h0171,p0171,p0171_t02,2,z028,z006,recreation,train,126000,129599
h0172,p0172,p0172_t01,1,z025,z001,work,motorcycle,32400,35999
h0172,p0172,p0172_t02,2,z001,z001,work,motorcycle,61200,64799
h0173,p0173,p0173_t01,1,z021,z036,work,bus,25200,28799
h0173,p0173,p0173_t02,2,z036,z002,work,bus,50400,53999
h0174,p0174,p0174_t01,1,z007,z017,work,car,28800,32399
h0174,p0174,p0174_t02,2,z017,z007,home,car,61200,64799
h0175,p0175,p0175_t01,1,z006,z001,work,car,28800,32399
h0175,p0175,p0175_t02,2,z001,z023,recreation,car,72000,75599
h0175,p0175,p0175_t03,3,z023,z006,home,car,72000,75599
h0176,p0176,p0176_t01,1,z009,z015,work,car,28800,32399
h0176,p0176,p0176_t02,2,z015,z009,home,car,57600,61199
h0176,p0176,p0176_t03,3,z009,z009,education,car,68400,71999
h0176,p0176,p0176_t04,4,z009,z019,market,car,68400,71999
h0177,p0177,p0177_t01,1,z027,z002,work,car,39600,43199
h0177,p0177,p0177_t02,2,z002,z015,work,car,50400,53999
h0177,p0177,p0177_t03,3,z015,z001,recreation,car,75600,79199
h0178,p0178,p0178_t01,1,z032,z015,work,train,21600,25199
h0178,p0178,p0178_t02,2,z015,z032,home,train,54000,57599
h0179,p0179,p0179_t01,1,z024,z001,work,car,36000,39599
h0179,p0179,p0179_t02,2,z001,z024,home,car,68400,71999
h0180,p0180,p0180_t01,1,z015,z029,work,bus,28800,32399
h0180,p0180,p0180_t02,2,z029,z015,home,train,68400,71999
h0180,p0180,p0180_t03,3,z015,z015,market,walk,68400,71999
h0181,p0181,p0181_t01,1,z035,z001,work,car,36000,39599
h0181,p0181,p0181_t02,2,z001,z035,other,car,36000,39599
h0181,p0181,p0181_t03,3,z035,z035,other,car,64800,68399
h0181,p0181,p0181_t04,4,z035,z035,home,car,64800,68399
h0182,p0182,p0182_t01,1,z004,z001,work,train,32400,35999
h0182,p0182,p0182_t02,2,z001,z004,home,train,61200,64799
h0182,p0182,p0182_t03,3,z004,z003,recreation,walk,61200,64799
h0183,p0183,p0183_t01,1,z019,z015,education,train,18000,21599
h0183,p0183,p0183_t02,2,z015,z019,home,train,54000,57599
h0183,p0183,p0183_t03,3,z019,z019,work,walk,68400,71999
h0184,p0184,p0184_t01,1,z031,z015,work,train,32400,35999
h0184,p0184,p0184_t02,2,z015,z014,recreation,car,61200,64799
h0184,p0184,p0184_t03,3,z014,z031,home,car,93600,97199
h0185,p0185,p0185_t01,1,z032,z022,work,car,46800,50399
h0185,p0185,p0185_t02,2,z022,z008,other,car,72000,75599
h0185,p0185,p0185_t03,3,z008,z032,home,car,86400,89999
h0186,p0186,p0186_t01,1,z004,z016,work,car,28800,32399
h0186,p0186,p0186_t02,2,z016,z004,home,car,54000,57599
h0186,p0186,p0186_t03,3,z004,z001,recreation,car,79200,82799
h0187,p0187,p0187_t01,1,z036,z003,work,car,36000,39599
h0187,p0187,p0187_t02,2,z003,z003,recreation,walk,61200,64799
h0187,p0187,p0187_t03,3,z003,z001,recreation,walk,75600,79199
h0188,p0188,p0188_t01,1,z020,z001,work,taxi,28800,32399
h0188,p0188,p0188_t02,2,z001,z001,work,car,108000,111599
h0189,p0189,p0189_t01,1,z017,z015,work,car,32400,35999
h0189,p0189,p0189_t02,2,z015,z004,work,car,54000,57599
h0190,p0190,p0190_t01,1,z031,z031,recreation,car,43200,46799
h0190,p0190,p0190_t02,2,z031,z032,recreation,car,68400,71999
h0190,p0190,p0190_t03,3,z032,z031,home,car,93600,97199
h0191,p0191,p0191_t01,1,z018,z001,recreation,train,28800,32399
h0191,p0191,p0191_t02,2,z001,z001,recreation,train,50400,53999
h0191,p0191,p0191_t03,3,z001,z001,recreation,taxi,79200,82799
h0191,p0191,p0191_t04,4,z001,z018,home,taxi,86400,89999
h0192,p0192,p0192_t01,1,z035,z015,education,car,43200,46799
h0192,p0192,p0192_t02,2,z015,z035,home,car,57600,61199
h0192,p0192,p0192_t03,3,z035,z035,market,car,68400,71999
h0192,p0192,p0192_t04,4,z035,z035,home,car,68400,71999
h0192,p0192,p0192_t05,5,z035,z035,recreation,car,75600,79199
h0193,p0193,p0193_t01,1,z029,z035,work,train,18000,21599
h0193,p0193,p0193_t02,2,z035,z035,work,train,54000,57599
h0194,p0194,p0194_t01,1,z001,z001,recreation,car,46800,50399
h0194,p0194,p0194_t02,2,z001,z001,home,car,50400,53999
h0195,p0195,p0195_t01,1,z007,z035,work,bus,21600,25199
h0195,p0195,p0195_t02,2,z035,z007,home,bus,57600,61199
h0195,p0195,p0195_t03,3,z007,z007,market,walk,57600,61199
h0196,p0196,p0196_t01,1,z007,z034,work,car,36000,39599
h0196,p0196,p0196_t02,2,z034,z024,market,car,68400,71999
h0196,p0196,p0196_t03,3,z024,z002,other,car,68400,71999
h0196,p0196,p0196_t04,4,z002,z007,home,car,72000,75599
h0197,p0197,p0197_t01,1,z015,z015,education,train,28800,32399
h0197,p0197,p0197_t02,2,z015,z001,education,train,61200,64799
h0198,p0198,p0198_t01,1,z001,z022,work,train,32400,35999
h0198,p0198,p0198_t02,2,z022,z001,home,train,50400,53999
h0199,p0199,p0199_t01,1,z032,z035,work,motorcycle,32400,35999
h0199,p0199,p0199_t02,2,z035,z022,work,motorcycle,68400,71999
h0200,p0200,p0200_t01,1,z030,z022,work,car,32400,35999
h0200,p0200,p0200_t02,2,z022,z030,home,car,79200,82799
h0201,p0201,p0201_t01,1,z001,z001,work,train,28800,32399
h0201,p0201,p0201_t02,2,z001,z001,home,train,68400,71999
h0201,p0201,p0201_t03,3,z001,z001,recreation,walk,75600,79199
h0201,p0201,p0201_t04,4,z001,z001,home,walk,75600,79199
h0202,p0202,p0202_t01,1,z025,z035,work,train,32400,35999
h0202,p0202,p0202_t02,2,z035,z025,home,train,68400,71999
h0203,p0203,p0203_t01,1,z025,z001,work,taxi,32400,35999
h0203,p0203,p0203_t02,2,z001,z025,home,taxi,68400,71999
h0204,p0204,p0204_t01,1,z032,z026,work,car,32400,35999
h0204,p0204,p0204_t02,2,z026,z022,work,car,39600,43199
h0205,p0205,p0205_t01,1,z018,z018,recreation,walk,61200,64799
h0205,p0205,p0205_t02,2,z018,z001,market,train,136800,140399
h0205,p0205,p0205_t03,3,z001,z002,recreation,car,165600,169199
h0205,p0205,p0205_t04,4,z002,z028,work,car,205200,208799
h0206,p0206,p0206_t01,1,z024,z035,work,train,50400,53999
h0206,p0206,p0206_t02,2,z035,z031,recreation,walk,72000,75599
h0207,p0207,p0207_t01,1,z020,z025,work,train,32400,35999
h0207,p0207,p0207_t02,2,z025,z028,market,train,68400,71999
h0207,p0207,p0207_t03,3,z028,z028,recreation,walk,79200,82799
h0208,p0208,p0208_t01,1,z019,z034,work,car,28800,32399
h0208,p0208,p0208_t02,2,z034,z019,home,car,64800,68399
h0208,p0208,p0208_t03,3,z019,z019,market,car,64800,68399
h0209,p0209,p0209_t01,1,z015,z022,recreation,taxi,0,3599
h0209,p0209,p0209_t02,2,z022,z015,home,taxi,25200,28799
h0210,p0210,p0210_t01,1,z002,z001,market,train,39600,43199
h0210,p0210,p0210_t02,2,z001,z028,recreation,train,39600,43199
h0210,p0210,p0210_t03,3,z028,z014,other,bus,68400,71999
h0211,p0211,p0211_t01,1,z035,z035,other,train,61200,64799
h0211,p0211,p0211_t02,2,z035,z036,recreation,train,104400,107999
h0212,p0212,p0212_t01,1,z031,z004,work,bicycle,32400,35999
h0212,p0212,p0212_t02,2,z004,z035,market,bicycle,68400,71999
h0213,p0213,p0213_t01,1,z035,z035,work,car,46800,50399
h0213,p0213,p0213_t02,2,z035,z035,home,car,86400,89999
h0214,p0214,p0214_t01,1,z019,z015,work,train,32400,35999
h0214,p0214,p0214_t02,2,z015,z001,recreation,bus,64800,68399
h0214,p0214,p0214_t03,3,z001,z019,home,train,79200,82799
h0215,p0215,p0215_t01,1,z024,z016,work,car,36000,39599
h0215,p0215,p0215_t02,2,z016,z013,other,car,64800,68399
h0215,p0215,p0215_t03,3,z013,z015,other,car,97200,100799
h0215,p0215,p0215_t04,4,z015,z013,recreation,walk,144000,147599
h0216,p0216,p0216_t01,1,z022,z034,work,car,21600,25199
h0216,p0216,p0216_t02,2,z034,z022,home,car,57600,61199
h0216,p0216,p0216_t03,3,z022,z035,education,car,61200,64799
h0216,p0216,p0216_t04,4,z035,z022,home,car,61200,64799
h0217,p0217,p0217_t01,1,z022,z036,work,car,32400,35999
h0217,p0217,p0217_t02,2,z036,z022,home,car,61200,64799
h0218,p0218,p0218_t01,1,z015,z015,recreation,motorcycle,46800,50399
h0218,p0218,p0218_t02,2,z015,z029,market,motorcycle,46800,50399
h0219,p0219,p0219_t01,1,z026,z013,work,car,25200,28799
h0219,p0219,p0219_t02,2,z013,z030,other,car,46800,50399
h0220,p0220,p0220_t01,1,z005,z035,work,car,25200,28799
h0220,p0220,p0220_t02,2,z035,z005,home,car,39600,43199
h0220,p0220,p0220_t03,3,z005,z001,other,car,57600,61199
h0220,p0220,p0220_t04,4,z001,z014,recreation,car,57600,61199
h0221,p0221,p0221_t01,1,z035,z029,education,train,32400,35999
h0221,p0221,p0221_t02,2,z029,z035,recreation,car,57600,61199
h0221,p0221,p0221_t03,3,z035,z035,home,bus,64800,68399
h0222,p0222,p0222_t01,1,z019,z002,market,train,32400,35999
h0222,p0222,p0222_t02,2,z002,z001,market,train,43200,46799
h0222,p0222,p0222_t03,3,z001,z004,recreation,train,50400,53999
h0223,p0223,p0223_t01,1,z019,z015,education,train,36000,39599
h0223,p0223,p0223_t02,2,z015,z019,home,train,54000,57599
h0223,p0223,p0223_t03,3,z019,z019,recreation,walk,79200,82799
h0224,p0224,p0224_t01,1,z022,z029,work,train,36000,39599
h0224,p0224,p0224_t02,2,z029,z001,work,train,54000,57599
h0224,p0224,p0224_t03,3,z001,z022,work,train,64800,68399
h0224,p0224,p0224_t04,4,z022,z022,home,taxi,79200,82799
h0225,p0225,p0225_t01,1,z001,z001,recreation,train,32400,35999
h0225,p0225,p0225_t02,2,z001,z001,recreation,train,39600,43199
h0225,p0225,p0225_t03,3,z001,z034,recreation,walk,75600,79199
h0226,p0226,p0226_t01,1,z028,z001,work,car,32400,35999
h0226,p0226,p0226_t02,2,z001,z028,home,car,61200,64799
h0227,p0227,p0227_t01,1,z018,z018,other,train,54000,57599
h0227,p0227,p0227_t02,2,z018,z001,education,train,126000,129599
h0227,p0227,p0227_t03,3,z001,z002,recreation,walk,147600,151199
h0228,p0228,p0228_t01,1,z011,z011,work,car,21600,25199
h0228,p0228,p0228_t02,2,z011,z022,work,car,21600,25199
h0228,p0228,p0228_t03,3,z022,z011,home,car,68400,71999
h0229,p0229,p0229_t01,1,z002,z024,work,motorcycle,28800,32399
h0229,p0229,p0229_t02,2,z024,z024,market,motorcycle,64800,68399
h0230,p0230,p0230_t01,1,z007,z032,work,car,32400,35999
h0230,p0230,p0230_t02,2,z032,z007,home,taxi,57600,61199
h0231,p0231,p0231_t01,1,z023,z017,work,train,75600,79199
h0231,p0231,p0231_t02,2,z017,z010,other,train,104400,107999
h0231,p0231,p0231_t03,3,z010,z034,other,walk,144000,147599
h0232,p0232,p0232_t01,1,z019,z001,education,train,36000,39599
h0232,p0232,p0232_t02,2,z001,z019,home,train,43200,46799
h0233,p0233,p0233_t01,1,z001,z001,other,train,64800,68399
h0233,p0233,p0233_t02,2,z001,z001,other,train,64800,68399
h0234,p0234,p0234_t01,1,z015,z015,education,walk,36000,39599
h0234,p0234,p0234_t02,2,z015,z001,market,bus,43200,46799
h0235,p0235,p0235_t01,1,z002,z015,work,taxi,32400,35999
h0235,p0235,p0235_t02,2,z015,z002,home,walk,50400,53999
h0235,p0235,p0235_t03,3,z002,z030,recreation,train,61200,64799
h0235,p0235,p0235_t04,4,z030,z001,recreation,train,75600,79199
h0235,p0235,p0235_t05,5,z001,z002,home,walk,100800,104399
h0236,p0236,p0236_t01,1,z001,z001,recreation,train,75600,79199
h0236,p0236,p0236_t02,2,z001,z011,recreation,car,75600,79199
h0237,p0237,p0237_t01,1,z033,z015,work,car,57600,61199
h0237,p0237,p0237_t02,2,z015,z018,work,car,75600,79199
h0237,p0237,p0237_t03,3,z018,z018,recreation,car,75600,79199
h0238,p0238,p0238_t01,1,z017,z022,work,car,28800,32399
h0238,p0238,p0238_t02,2,z022,z036,work,car,57600,61199
h0238,p0238,p0238_t03,3,z036,z022,recreation,car,61200,64799
h0239,p0239,p0239_t01,1,z031,z015,work,train,36000,39599
h0239,p0239,p0239_t02,2,z015,z031,home,train,68400,71999
h0239,p0239,p0239_t03,3,z031,z031,recreation,car,75600,79199
h0240,p0240,p0240_t01,1,z015,z015,work,car,36000,39599
h0240,p0240,p0240_t02,2,z015,z007,recreation,car,61200,64799
h0240,p0240,p0240_t03,3,z007,z015,home,car,72000,75599
h0241,p0241,p0241_t01,1,z035,z035,work,car,36000,39599
h0241,p0241,p0241_t02,2,z035,z035,home,car,68400,71999
h0241,p0241,p0241_t03,3,z035,z007,recreation,car,86400,89999
h0242,p0242,p0242_t01,1,z007,z022,work,car,21600,25199
h0242,p0242,p0242_t02,2,z022,z007,home,car,39600,43199
h0243,p0243,p0243_t01,1,z007,z022,work,car,32400,35999
h0243,p0243,p0243_t02,2,z022,z007,home,car,57600,61199
h0243,p0243,p0243_t03,3,z007,z030,recreation,train,68400,71999
h0243,p0243,p0243_t04,4,z030,z007,home,train,100800,104399
h0244,p0244,p0244_t01,1,z015,z015,education,bus,32400,35999
h0244,p0244,p0244_t02,2,z015,z011,recreation,train,64800,68399
h0245,p0245,p0245_t01,1,z017,z001,education,train,61200,64799
h0245,p0245,p0245_t02,2,z001,z001,recreation,walk,79200,82799
h0245,p0245,p0245_t03,3,z001,z017,home,car,90000,93599
h0246,p0246,p0246_t01,1,z010,z017,work,car,32400,35999
h0246,p0246,p0246_t02,2,z017,z013,work,car,61200,64799
h0247,p0247,p0247_t01,1,z016,z007,work,train,50400,53999
h0247,p0247,p0247_t02,2,z007,z016,home,train,90000,93599
h0248,p0248,p0248_t01,1,z006,z015,work,motorcycle,46800,50399
h0248,p0248,p0248_t02,2,z015,z018,recreation,motorcycle,75600,79199
h0249,p0249,p0249_t01,1,z015,z015,education,car,32400,35999
h0249,p0249,p0249_t02,2,z015,z015,home,car,39600,43199
h0249,p0249,p0249_t03,3,z015,z013,recreation,car,79200,82799
h0249,p0249,p0249_t04,4,z013,z013,home,car,79200,82799
h0250,p0250,p0250_t01,1,z021,z028,work,motorcycle,28800,32399
h0250,p0250,p0250_t02,2,z028,z021,home,motorcycle,57600,61199
h0251,p0251,p0251_t01,1,z018,z018,recreation,train,75600,79199
h0251,p0251,p0251_t02,2,z018,z028,market,train,154800,158399
h0251,p0251,p0251_t03,3,z028,z028,market,bus,154800,158399
h0252,p0252,p0252_t01,1,z030,z030,market,walk,43200,46799
h0252,p0252,p0252_t02,2,z030,z030,home,bus,43200,46799
h0253,p0253,p0253_t01,1,z030,z030,recreation,taxi,61200,64799
h0253,p0253,p0253_t02,2,z030,z030,home,taxi,72000,75599
h0254,p0254,p0254_t01,1,z022,z003,work,train,32400,35999
h0254,p0254,p0254_t02,2,z003,z022,home,train,64800,68399
h0255,p0255,p0255_t01,1,z018,z024,work,car,32400,35999
h0255,p0255,p0255_t02,2,z024,z018,home,car,75600,79199
h0255,p0255,p0255_t03,3,z018,z028,recreation,car,75600,79199
h0256,p0256,p0256_t01,1,z005,z015,education,car,39600,43199
h0256,p0256,p0256_t02,2,z015,z005,home,car,61200,64799
h0257,p0257,p0257_t01,1,z035,z001,education,train,50400,53999
h0257,p0257,p0257_t02,2,z001,z035,home,train,64800,68399
h0257,p0257,p0257_t03,3,z035,z035,recreation,bus,79200,82799
h0258,p0258,p0258_t01,1,z019,z011,education,bus,32400,35999
h0258,p0258,p0258_t02,2,z011,z019,home,bus,64800,68399
h0259,p0259,p0259_t01,1,z019,z017,education,train,32400,35999
h0259,p0259,p0259_t02,2,z017,z019,home,car,61200,64799
h0260,p0260,p0260_t01,1,z001,z001,recreation,train,72000,75599
h0260,p0260,p0260_t02,2,z001,z019,recreation,walk,151200,154799
h0261,p0261,p0261_t01,1,z026,z013,work,bus,21600,25199
h0261,p0261,p0261_t02,2,z013,z013,work,bus,21600,25199
h0261,p0261,p0261_t03,3,z013,z013,work,bus,21600,25199
h0261,p0261,p0261_t04,4,z013,z013,work,bus,50400,53999
h0261,p0261,p0261_t05,5,z013,z013,work,bus,50400,53999
h0262,p0262,p0262_t01,1,z011,z023,education,train,28800,32399
h0262,p0262,p0262_t02,2,z023,z011,home,walk,50400,53999
h0263,p0263,p0263_t01,1,z035,z035,recreation,car,75600,79199
h0263,p0263,p0263_t02,2,z035,z020,education,car,151200,154799
h0264,p0264,p0264_t01,1,z007,z032,work,train,25200,28799
h0264,p0264,p0264_t02,2,z032,z018,work,train,61200,64799
h0265,p0265,p0265_t01,1,z002,z021,recreation,bicycle,39600,43199
h0265,p0265,p0265_t02,2,z021,z002,home,bicycle,50400,53999
h0265,p0265,p0265_t03,3,z002,z002,recreation,walk,79200,82799
h0265,p0265,p0265_t04,4,z002,z002,home,walk,93600,97199
h0266,p0266,p0266_t01,1,z030,z030,market,walk,46800,50399
h0266,p0266,p0266_t02,2,z030,z030,home,bus,54000,57599
h0267,p0267,p0267_t01,1,z021,z022,work,car,36000,39599
h0267,p0267,p0267_t02,2,z022,z022,work,car,68400,71999
h0268,p0268,p0268_t01,1,z017,z035,work,car,21600,25199
h0268,p0268,p0268_t02,2,z035,z001,market,car,64800,68399
h0269,p0269,p0269_t01,1,z030,z031,work,car,25200,28799
h0269,p0269,p0269_t02,2,z031,z030,home,car,57600,61199
h0269,p0269,p0269_t03,3,z030,z031,work,car,61200,64799
h0269,p0269,p0269_t04,4,z031,z030,home,car,79200,82799
h0270,p0270,p0270_t01,1,z024,z001,market,car,61200,64799
h0270,p0270,p0270_t02,2,z001,z024,home,car,61200,64799
h0271,p0271,p0271_t01,1,z012,z025,work,car,32400,35999
h0271,p0271,p0271_t02,2,z025,z025,recreation,car,97200,100799
h0271,p0271,p0271_t03,3,z025,z025,other,car,147600,151199
h0272,p0272,p0272_t01,1,z022,z022,other,car,54000,57599
h0272,p0272,p0272_t02,2,z022,z022,other,car,54000,57599
h0272,p0272,p0272_t03,3,z022,z022,market,car,126000,129599
h0273,p0273,p0273_t01,1,z015,z001,work,bus,36000,39599
h0273,p0273,p0273_t02,2,z001,z015,home,bus,79200,82799
h0273,p0273,p0273_t03,3,z015,z006,work,taxi,126000,129599
h0274,p0274,p0274_t01,1,z024,z003,work,car,28800,32399
h0274,p0274,p0274_t02,2,z003,z024,home,car,61200,64799
h0275,p0275,p0275_t01,1,z028,z002,work,car,18000,21599
h0275,p0275,p0275_t02,2,z002,z028,home,car,57600,61199
h0276,p0276,p0276_t01,1,z016,z007,work,car,36000,39599
h0276,p0276,p0276_t02,2,z007,z022,work,car,68400,71999
h0276,p0276,p0276_t03,3,z022,z022,recreation,car,75600,79199
h0277,p0277,p0277_t01,1,z029,z005,work,car,32400,35999
h0277,p0277,p0277_t02,2,z005,z029,home,car,50400,53999
h0278,p0278,p0278_t01,1,z001,z001,recreation,car,64800,68399
h0278,p0278,p0278_t02,2,z001,z006,recreation,car,79200,82799
h0278,p0278,p0278_t03,3,z006,z001,home,car,100800,104399
h0279,p0279,p0279_t01,1,z029,z029,recreation,motorcycle,68400,71999
h0279,p0279,p0279_t02,2,z029,z015,recreation,walk,75600,79199
h0280,p0280,p0280_t01,1,z012,z001,work,car,18000,21599
h0280,p0280,p0280_t02,2,z001,z022,work,car,18000,21599
h0280,p0280,p0280_t03,3,z022,z003,recreation,car,61200,64799
h0280,p0280,p0280_t04,4,z003,z003,work,train,133200,136799
h0281,p0281,p0281_t01,1,z018,z022,work,car,28800,32399
h0281,p0281,p0281_t02,2,z022,z018,home,car,57600,61199
h0282,p0282,p0282_t01,1,z028,z035,work,car,32400,35999
h0282,p0282,p0282_t02,2,z035,z035,work,car,32400,35999
h0283,p0283,p0283_t01,1,z003,z003,other,car,64800,68399
h0283,p0283,p0283_t02,2,z003,z010,recreation,train,118800,122399
h0284,p0284,p0284_t01,1,z026,z026,recreation,walk,57600,61199
h0284,p0284,p0284_t02,2,z026,z026,recreation,walk,57600,61199
h0285,p0285,p0285_t01,1,z015,z011,work,car,21600,25199
h0285,p0285,p0285_t02,2,z011,z015,home,car,72000,75599
h0285,p0285,p0285_t03,3,z015,z001,recreation,car,93600,97199
h0286,p0286,p0286_t01,1,z015,z011,work,car,28800,32399
h0286,p0286,p0286_t02,2,z011,z014,work,car,64800,68399
h0287,p0287,p0287_t01,1,z008,z018,work,car,36000,39599
h0287,p0287,p0287_t02,2,z018,z024,work,car,36000,39599
h0287,p0287,p0287_t03,3,z024,z018,work,car,46800,50399
h0287,p0287,p0287_t04,4,z018,z028,market,car,46800,50399
h0287,p0287,p0287_t05,5,z028,z018,work,car,57600,61199
h0288,p0288,p0288_t01,1,z021,z017,work,motorcycle,36000,39599
h0288,p0288,p0288_t02,2,z017,z030,education,motorcycle,64800,68399
h0288,p0288,p0288_t03,3,z030,z021,home,motorcycle,75600,79199
h0288,p0288,p0288_t04,4,z021,z023,recreation,walk,75600,79199
h0288,p0288,p0288_t05,5,z023,z021,home,walk,100800,104399
h0289,p0289,p0289_t01,1,z029,z015,work,car,46800,50399
h0289,p0289,p0289_t02,2,z015,z029,home,car,57600,61199
h0289,p0289,p0289_t03,3,z029,z024,recreation,car,72000,75599
h0289,p0289,p0289_t04,4,z024,z029,home,car,93600,97199
h0290,p0290,p0290_t01,1,z012,z031,work,train,18000,21599
h0290,p0290,p0290_t02,2,z031,z031,work,train,18000,21599
h0290,p0290,p0290_t03,3,z031,z012,home,train,50400,53999
h0291,p0291,p0291_t01,1,z019,z032,work,car,18000,21599
h0291,p0291,p0291_t02,2,z032,z019,home,car,72000,75599
h0292,p0292,p0292_t01,1,z022,z001,work,train,32400,35999
h0292,p0292,p0292_t02,2,z001,z022,home,train,68400,71999
h0293,p0293,p0293_t01,1,z006,z001,work,walk,21600,25199
h0293,p0293,p0293_t02,2,z001,z006,home,walk,50400,53999
h0293,p0293,p0293_t03,3,z006,z001,other,walk,68400,71999
h0293,p0293,p0293_t04,4,z001,z001,recreation,walk,79200,82799
h0293,p0293,p0293_t05,5,z001,z006,home,walk,97200,100799
h0294,p0294,p0294_t01,1,z016,z016,recreation,walk,57600,61199
h0294,p0294,p0294_t02,2,z016,z020,recreation,bicycle,57600,61199
h0294,p0294,p0294_t03,3,z020,z022,recreation,taxi,72000,75599
h0295,p0295,p0295_t01,1,z008,z007,work,car,32400,35999
h0295,p0295,p0295_t02,2,z007,z001,recreation,car,75600,79199
h0296,p0296,p0296_t01,1,z019,z019,work,bus,32400,35999
h0296,p0296,p0296_t02,2,z019,z002,work,bus,32400,35999
h0296,p0296,p0296_t03,3,z002,z001,recreation,train,68400,71999
h0296,p0296,p0296_t04,4,z001,z019,home,bus,79200,82799
h0297,p0297,p0297_t01,1,z007,z007,work,walk,32400,35999
h0297,p0297,p0297_t02,2,z007,z007,recreation,walk,72000,75599
h0298,p0298,p0298_t01,1,z021,z014,work,bus,25200,28799
h0298,p0298,p0298_t02,2,z014,z002,work,bus,25200,28799
h0299,p0299,p0299_t01,1,z001,z022,work,train,57600,61199
h0299,p0299,p0299_t02,2,z022,z001,home,train,75600,79199
h0299,p0299,p0299_t03,3,z001,z015,education,bus,122400,125999
h0300,p0300,p0300_t01,1,z006,z006,work,motorcycle,25200,28799
h0300,p0300,p0300_t02,2,z006,z019,other,motorcycle,61200,64799
h0300,p0300,p0300_t03,3,z019,z035,recreation,motorcycle,72000,75599
h0300,p0300,p0300_t04,4,z035,z006,home,motorcycle,72000,75599
h0301,p0301,p0301_t01,1,z001,z025,work,train,28800,32399
h0301,p0301,p0301_t02,2,z025,z001,home,train,68400,71999
h0302,p0302,p0302_t01,1,z011,z034,work,car,64800,68399
h0302,p0302,p0302_t02,2,z034,z021,work,car,75600,79199
h0303,p0303,p0303_t01,1,z001,z001,market,train,39600,43199
h0303,p0303,p0303_t02,2,z001,z001,market,train,39600,43199
h0304,p0304,p0304_t01,1,z001,z013,work,car,36000,39599
h0304,p0304,p0304_t02,2,z013,z029,recreation,car,72000,75599
h0305,p0305,p0305_t01,1,z022,z032,work,bus,28800,32399
h0305,p0305,p0305_t02,2,z032,z001,work,train,28800,32399
h0306,p0306,p0306_t01,1,z008,z008,recreation,walk,68400,71999
h0306,p0306,p0306_t02,2,z008,z015,education,train,115200,118799
h0306,p0306,p0306_t03,3,z015,z008,home,train,154800,158399
h0307,p0307,p0307_t01,1,z004,z030,education,train,54000,57599
h0307,p0307,p0307_t02,2,z030,z004,home,train,68400,71999
h0308,p0308,p0308_t01,1,z019,z013,work,car,36000,39599
h0308,p0308,p0308_t02,2,z013,z016,recreation,car,54000,57599
h0309,p0309,p0309_t01,1,z003,z005,other,bus,36000,39599
h0309,p0309,p0309_t02,2,z005,z003,home,train,39600,43199
h0310,p0310,p0310_t01,1,z005,z005,education,walk,25200,28799
h0310,p0310,p0310_t02,2,z005,z005,home,walk,50400,53999
h0310,p0310,p0310_t03,3,z005,z014,recreation,car,61200,64799
h0310,p0310,p0310_t04,4,z014,z005,home,car,75600,79199
h0311,p0311,p0311_t01,1,z035,z035,education,train,57600,61199
h0311,p0311,p0311_t02,2,z035,z024,work,train,57600,61199
h0312,p0312,p0312_t01,1,z001,z001,work,car,21600,25199
h0312,p0312,p0312_t02,2,z001,z001,home,car,54000,57599
h0313,p0313,p0313_t01,1,z007,z022,work,car,21600,25199
h0313,p0313,p0313_t02,2,z022,z007,home,car,43200,46799
h0313,p0313,p0313_t03,3,z007,z030,work,car,57600,61199
h0313,p0313,p0313_t04,4,z030,z007,home,car,100800,104399
h0314,p0314,p0314_t01,1,z001,z001,recreation,walk,43200,46799
h0314,p0314,p0314_t02,2,z001,z001,home,walk,54000,57599
h0314,p0314,p0314_t03,3,z001,z016,recreation,taxi,75600,79199
h0314,p0314,p0314_t04,4,z016,z001,recreation,taxi,90000,93599
h0315,p0315,p0315_t01,1,z014,z030,recreation,bus,46800,50399
h0315,p0315,p0315_t02,2,z030,z014,home,bus,75600,79199
h0315,p0315,p0315_t03,3,z014,z012,recreation,bus,133200,136799
h0315,p0315,p0315_t04,4,z012,z030,recreation,bus,154800,158399
h0316,p0316,p0316_t01,1,z001,z017,recreation,car,64800,68399
h0316,p0316,p0316_t02,2,z017,z001,home,car,72000,75599
h0317,p0317,p0317_t01,1,z035,z001,work,car,46800,50399
h0317,p0317,p0317_t02,2,z001,z001,work,car,64800,68399
h0318,p0318,p0318_t01,1,z008,z035,work,car,21600,25199
h0318,p0318,p0318_t02,2,z035,z008,home,car,61200,64799
h0319,p0319,p0319_t01,1,z011,z018,work,train,28800,32399
h0319,p0319,p0319_t02,2,z018,z011,home,train,61200,64799
h0320,p0320,p0320_t01,1,z001,z001,recreation,bus,79200,82799
h0320,p0320,p0320_t02,2,z001,z035,recreation,bus,79200,82799
h0321,p0321,p0321_t01,1,z015,z002,work,walk,36000,39599
h0321,p0321,p0321_t02,2,z002,z015,home,walk,64800,68399
h0321,p0321,p0321_t03,3,z015,z015,market,walk,75600,79199
h0322,p0322,p0322_t01,1,z007,z007,work,motorcycle,57600,61199
h0322,p0322,p0322_t02,2,z007,z006,work,motorcycle,122400,125999
h0322,p0322,p0322_t03,3,z006,z001,market,motorcycle,144000,147599
h0322,p0322,p0322_t04,4,z001,z007,home,motorcycle,151200,154799
h0323,p0323,p0323_t01,1,z025,z034,work,car,28800,32399
h0323,p0323,p0323_t02,2,z034,z025,home,car,54000,57599
h0323,p0323,p0323_t03,3,z025,z001,recreation,car,75600,79199
h0323,p0323,p0323_t04,4,z001,z025,home,car,97200,100799
h0324,p0324,p0324_t01,1,z018,z018,recreation,car,75600,79199
h0324,p0324,p0324_t02,2,z018,z013,other,car,75600,79199
h0325,p0325,p0325_t01,1,z025,z025,recreation,train,64800,68399
h0325,p0325,p0325_t02,2,z025,z018,recreation,train,64800,68399
h0326,p0326,p0326_t01,1,z021,z015,education,taxi,50400,53999
h0326,p0326,p0326_t02,2,z015,z021,home,bus,61200,64799
h0327,p0327,p0327_t01,1,z030,z015,education,train,36000,39599
h0327,p0327,p0327_t02,2,z015,z030,home,train,54000,57599
h0327,p0327,p0327_t03,3,z030,z030,service,train,68400,71999
h0328,p0328,p0328_t01,1,z016,z012,work,car,36000,39599
h0328,p0328,p0328_t02,2,z012,z022,work,car,57600,61199
h0329,p0329,p0329_t01,1,z011,z007,work,train,36000,39599
h0329,p0329,p0329_t02,2,z007,z006,market,train,46800,50399
h0330,p0330,p0330_t01,1,z007,z001,work,train,36000,39599
h0330,p0330,p0330_t02,2,z001,z007,home,train,61200,64799
h0331,p0331,p0331_t01,1,z022,z022,recreation,car,54000,57599
h0331,p0331,p0331_t02,2,z022,z028,recreation,car,68400,71999
h0332,p0332,p0332_t01,1,z004,z017,work,train,54000,57599
h0332,p0332,p0332_t02,2,z017,z004,home,train,79200,82799
h0333,p0333,p0333_t01,1,z001,z001,work,car,36000,39599
h0333,p0333,p0333_t02,2,z001,z001,home,car,54000,57599
h0334,p0334,p0334_t01,1,z035,z022,work,car,28800,32399
h0334,p0334,p0334_t02,2,z022,z035,home,car,61200,64799
h0335,p0335,p0335_t01,1,z022,z022,work,car,32400,35999
h0335,p0335,p0335_t02,2,z022,z022,home,car,57600,61199
h0335,p0335,p0335_t03,3,z022,z022,recreation,car,61200,64799
h0335,p0335,p0335_t04,4,z022,z022,recreation,car,79200,82799
h0335,p0335,p0335_t05,5,z022,z022,home,car,97200,100799
h0336,p0336,p0336_t01,1,z021,z001,recreation,bus,68400,71999
h0336,p0336,p0336_t02,2,z001,z021,home,bus,68400,71999
h0337,p0337,p0337_t01,1,z015,z016,education,bus,32400,35999
h0337,p0337,p0337_t02,2,z016,z015,home,bus,61200,64799
h0337,p0337,p0337_t03,3,z015,z016,recreation,train,61200,64799
h0337,p0337,p0337_t04,4,z016,z018,home,train,72000,75599
h0338,p0338,p0338_t01,1,z001,z032,market,train,64800,68399
h0338,p0338,p0338_t02,2,z032,z001,home,train,64800,68399
h0339,p0339,p0339_t01,1,z032,z022,work,car,32400,35999
h0339,p0339,p0339_t02,2,z022,z035,recreation,car,61200,64799
h0340,p0340,p0340_t01,1,z030,z004,work,train,25200,28799
h0340,p0340,p0340_t02,2,z004,z002,work,train,39600,43199
h0341,p0341,p0341_t01,1,z018,z011,education,train,32400,35999
h0341,p0341,p0341_t02,2,z011,z001,recreation,train,72000,75599
h0341,p0341,p0341_t03,3,z001,z018,home,train,90000,93599
h0342,p0342,p0342_t01,1,z021,z021,work,bus,25200,28799
h0342,p0342,p0342_t02,2,z021,z021,home,train,57600,61199
h0343,p0343,p0343_t01,1,z031,z029,work,train,25200,28799
h0343,p0343,p0343_t02,2,z029,z031,home,train,54000,57599
h0343,p0343,p0343_t03,3,z031,z028,recreation,car,61200,64799
h0343,p0343,p0343_t04,4,z028,z031,home,car,61200,64799
h0343,p0343,p0343_t05,5,z031,z035,market,train,61200,64799
h0344,p0344,p0344_t01,1,z030,z030,other,walk,28800,32399
h0344,p0344,p0344_t02,2,z030,z031,other,walk,43200,46799
h0345,p0345,p0345_t01,1,z008,z002,work,bus,18000,21599
h0345,p0345,p0345_t02,2,z002,z011,other,train,68400,71999
h0345,p0345,p0345_t03,3,z011,z008,home,bus,79200,82799
h0346,p0346,p0346_t01,1,z012,z012,recreation,car,68400,71999
h0346,p0346,p0346_t02,2,z012,z012,home,car,97200,100799
h0347,p0347,p0347_t01,1,z034,z013,other,taxi,64800,68399
h0347,p0347,p0347_t02,2,z013,z034,home,taxi,72000,75599
h0347,p0347,p0347_t03,3,z034,z034,home,taxi,72000,75599
h0348,p0348,p0348_t01,1,z004,z004,recreation,car,43200,46799
h0348,p0348,p0348_t02,2,z004,z019,recreation,car,50400,53999
h0349,p0349,p0349_t01,1,z024,z009,work,car,32400,35999
h0349,p0349,p0349_t02,2,z009,z024,home,car,64800,68399
h0349,p0349,p0349_t03,3,z024,z032,recreation,car,75600,79199
h0350,p0350,p0350_t01,1,z004,z004,work,walk,46800,50399
h0350,p0350,p0350_t02,2,z004,z004,home,walk,61200,64799
h0350,p0350,p0350_t03,3,z004,z004,market,walk,61200,64799
h0351,p0351,p0351_t01,1,z005,z026,recreation,bus,61200,64799
h0351,p0351,p0351_t02,2,z026,z005,home,walk,61200,64799
h0352,p0352,p0352_t01,1,z018,z021,work,bus,36000,39599
h0352,p0352,p0352_t02,2,z021,z030,work,bus,79200,82799
h0353,p0353,p0353_t01,1,z031,z022,work,car,28800,32399
h0353,p0353,p0353_t02,2,z022,z031,home,car,61200,64799
h0353,p0353,p0353_t03,3,z031,z031,recreation,walk,61200,64799
h0353,p0353,p0353_t04,4,z031,z031,home,walk,61200,64799
h0354,p0354,p0354_t01,1,z013,z001,market,walk,54000,57599
h0354,p0354,p0354_t02,2,z001,z013,home,walk,75600,79199
h0355,p0355,p0355_t01,1,z020,z024,work,train,57600,61199
h0355,p0355,p0355_t02,2,z024,z016,work,train,57600,61199
h0356,p0356,p0356_t01,1,z024,z024,work,car,28800,32399
h0356,p0356,p0356_t02,2,z024,z024,home,car,61200,64799
h0357,p0357,p0357_t01,1,z032,z032,recreation,motorcycle,68400,71999
h0357,p0357,p0357_t02,2,z032,z032,home,motorcycle,68400,71999
h0358,p0358,p0358_t01,1,z012,z012,recreation,car,61200,64799
h0358,p0358,p0358_t02,2,z012,z012,market,car,126000,129599
h0359,p0359,p0359_t01,1,z002,z001,recreation,bus,46800,50399
h0359,p0359,p0359_t02,2,z001,z002,home,bus,68400,71999
h0359,p0359,p0359_t03,3,z002,z002,other,walk,79200,82799
h0359,p0359,p0359_t04,4,z002,z002,home,walk,90000,93599
h0360,p0360,p0360_t01,1,z002,z030,recreation,car,50400,53999
h0360,p0360,p0360_t02,2,z030,z002,home,car,68400,71999
h0361,p0361,p0361_t01,1,z009,z022,work,car,25200,28799
h0361,p0361,p0361_t02,2,z022,z009,home,car,54000,57599
h0361,p0361,p0361_t03,3,z009,z025,other,car,75600,79199
h0362,p0362,p0362_t01,1,z032,z032,work,walk,32400,35999
h0362,p0362,p0362_t02,2,z032,z035,work,train,32400,35999
h0362,p0362,p0362_t03,3,z035,z032,home,train,61200,64799
h0363,p0363,p0363_t01,1,z024,z022,work,car,36000,39599
h0363,p0363,p0363_t02,2,z022,z022,market,car,64800,68399
h0364,p0364,p0364_t01,1,z026,z026,other,car,61200,64799
h0364,p0364,p0364_t02,2,z026,z026,home,car,61200,64799
h0365,p0365,p0365_t01,1,z022,z022,recreation,car,79200,82799
h0365,p0365,p0365_t02,2,z022,z022,home,car,93600,97199
h0366,p0366,p0366_t01,1,z035,z001,recreation,train,46800,50399
h0366,p0366,p0366_t02,2,z001,z035,home,train,72000,75599
h0367,p0367,p0367_t01,1,z018,z015,other,car,36000,39599
h0367,p0367,p0367_t02,2,z015,z018,home,car,36000,39599
h0368,p0368,p0368_t01,1,z007,z004,work,walk,21600,25199
h0368,p0368,p0368_t02,2,z004,z007,home,taxi,61200,64799
h0369,p0369,p0369_t01,1,z007,z025,work,train,32400,35999
h0369,p0369,p0369_t02,2,z025,z007,home,train,75600,79199
h0370,p0370,p0370_t01,1,z030,z015,work,train,36000,39599
h0370,p0370,p0370_t02,2,z015,z030,home,train,64800,68399
h0371,p0371,p0371_t01,1,z004,z001,work,bus,43200,46799
h0371,p0371,p0371_t02,2,z001,z004,home,bus,72000,75599
h0372,p0372,p0372_t01,1,z016,z016,recreation,walk,57600,61199
h0372,p0372,p0372_t02,2,z016,z016,recreation,walk,57600,61199
h0373,p0373,p0373_t01,1,z035,z035,other,train,54000,57599
h0373,p0373,p0373_t02,2,z035,z035,work,bus,115200,118799
h0373,p0373,p0373_t03,3,z035,z035,other,train,147600,151199
h0374,p0374,p0374_t01,1,z008,z008,work,bus,36000,39599
h0374,p0374,p0374_t02,2,z008,z008,education,train,36000,39599
h0374,p0374,p0374_t03,3,z008,z008,market,bus,46800,50399
h0374,p0374,p0374_t04,4,z008,z008,home,bus,64800,68399
h0375,p0375,p0375_t01,1,z007,z035,work,train,28800,32399
h0375,p0375,p0375_t02,2,z035,z007,home,train,64800,68399
h0375,p0375,p0375_t03,3,z007,z035,other,bus,75600,79199
h0376,p0376,p0376_t01,1,z017,z036,other,car,54000,57599
h0376,p0376,p0376_t02,2,z036,z017,home,car,54000,57599
h0377,p0377,p0377_t01,1,z007,z021,work,train,25200,28799
h0377,p0377,p0377_t02,2,z021,z007,home,train,57600,61199
h0378,p0378,p0378_t01,1,z021,z028,work,bus,72000,75599
h0378,p0378,p0378_t02,2,z028,z021,home,bus,104400,107999
h0378,p0378,p0378_t03,3,z021,z021,other,walk,136800,140399
h0379,p0379,p0379_t01,1,z002,z029,work,car,28800,32399
h0379,p0379,p0379_t02,2,z029,z034,recreation,car,68400,71999
h0379,p0379,p0379_t03,3,z034,z002,home,car,100800,104399
h0380,p0380,p0380_t01,1,z022,z002,work,car,28800,32399
h0380,p0380,p0380_t02,2,z002,z024,work,car,57600,61199
h0380,p0380,p0380_t03,3,z024,z022,other,car,61200,64799
h0380,p0380,p0380_t04,4,z022,z020,recreation,car,79200,82799
h0380,p0380,p0380_t05,5,z020,z022,home,car,90000,93599
h0381,p0381,p0381_t01,1,z030,z030,work,walk,25200,28799
h0381,p0381,p0381_t02,2,z030,z030,home,walk,68400,71999
h0382,p0382,p0382_t01,1,z026,z015,work,car,32400,35999
h0382,p0382,p0382_t02,2,z015,z011,work,car,64800,68399
h0383,p0383,p0383_t01,1,z012,z007,work,car,36000,39599
h0383,p0383,p0383_t02,2,z007,z007,work,car,57600,61199
h0383,p0383,p0383_t03,3,z007,z001,recreation,train,72000,75599
h0384,p0384,p0384_t01,1,z020,z029,work,car,21600,25199
h0384,p0384,p0384_t02,2,z029,z002,recreation,car,57600,61199
h0384,p0384,p0384_t03,3,z002,z020,home,car,61200,64799
h0385,p0385,p0385_t01,1,z036,z011,education,bus,28800,32399
h0385,p0385,p0385_t02,2,z011,z036,home,bus,39600,43199
h0386,p0386,p0386_t01,1,z022,z022,other,car,39600,43199
h0386,p0386,p0386_t02,2,z022,z014,work,car,39600,43199
h0386,p0386,p0386_t03,3,z014,z032,recreation,car,72000,75599
h0387,p0387,p0387_t01,1,z014,z022,work,car,68400,71999
h0387,p0387,p0387_t02,2,z022,z035,market,car,68400,71999
h0388,p0388,p0388_t01,1,z036,z036,recreation,car,64800,68399
h0388,p0388,p0388_t02,2,z036,z036,market,car,79200,82799
h0389,p0389,p0389_t01,1,z007,z007,other,motorcycle,32400,35999
h0389,p0389,p0389_t02,2,z007,z001,service,motorcycle,46800,50399
h0389,p0389,p0389_t03,3,z001,z002,market,motorcycle,46800,50399
h0390,p0390,p0390_t01,1,z004,z003,work,car,21600,25199
h0390,p0390,p0390_t02,2,z003,z004,home,car,50400,53999
h0390,p0390,p0390_t03,3,z004,z002,recreation,car,79200,82799
h0391,p0391,p0391_t01,1,z026,z022,work,car,28800,32399
h0391,p0391,p0391_t02,2,z022,z002,work,car,57600,61199
h0391,p0391,p0391_t03,3,z002,z002,recreation,walk,75600,79199
h0392,p0392,p0392_t01,1,z002,z003,work,walk,36000,39599
h0392,p0392,p0392_t02,2,z003,z002,home,walk,64800,68399
h0392,p0392,p0392_t03,3,z002,z001,recreation,taxi,79200,82799
h0393,p0393,p0393_t01,1,z035,z002,work,car,28800,32399
h0393,p0393,p0393_t02,2,z002,z035,home,car,64800,68399
h0394,p0394,p0394_t01,1,z001,z001,work,walk,21600,25199
h0394,p0394,p0394_t02,2,z001,z001,work,walk,54000,57599
h0394,p0394,p0394_t03,3,z001,z001,market,car,64800,68399
h0395,p0395,p0395_t01,1,z005,z018,work,car,36000,39599
h0395,p0395,p0395_t02,2,z018,z011,work,car,68400,71999
h0395,p0395,p0395_t03,3,z011,z016,recreation,walk,68400,71999
h0396,p0396,p0396_t01,1,z001,z001,education,train,43200,46799
h0396,p0396,p0396_t02,2,z001,z001,recreation,walk,50400,53999
h0396,p0396,p0396_t03,3,z001,z004,recreation,car,79200,82799
h0397,p0397,p0397_t01,1,z001,z001,recreation,bus,75600,79199
h0397,p0397,p0397_t02,2,z001,z001,market,walk,118800,122399
h0398,p0398,p0398_t01,1,z034,z035,work,car,36000,39599
h0398,p0398,p0398_t02,2,z035,z034,home,car,75600,79199
h0399,p0399,p0399_t01,1,z020,z001,other,car,28800,32399
h0399,p0399,p0399_t02,2,z001,z003,work,car,43200,46799
h0399,p0399,p0399_t03,3,z003,z020,home,car,68400,71999
h0400,p0400,p0400_t01,1,z015,z034,other,car,28800,32399
h0400,p0400,p0400_t02,2,z034,z002,market,car,64800,68399
h0400,p0400,p0400_t03,3,z002,z015,home,car,72000,75599
h0401,p0401,p0401_t01,1,z002,z002,recreation,walk,36000,39599
h0401,p0401,p0401_t02,2,z002,z001,other,walk,39600,43199
h0401,p0401,p0401_t03,3,z001,z001,work,bicycle,68400,71999
h0401,p0401,p0401_t04,4,z001,z002,home,bicycle,75600,79199
h0402,p0402,p0402_t01,1,z020,z035,work,car,32400,35999
h0402,p0402,p0402_t02,2,z035,z020,home,car,68400,71999
h0403,p0403,p0403_t01,1,z001,z001,work,walk,25200,28799
h0403,p0403,p0403_t02,2,z001,z013,other,car,64800,68399
h0404,p0404,p0404_t01,1,z024,z002,work,motorcycle,21600,25199
h0404,p0404,p0404_t02,2,z002,z001,recreation,bicycle,61200,64799
h0405,p0405,p0405_t01,1,z018,z018,other,train,46800,50399
h0405,p0405,p0405_t02,2,z018,z018,home,train,46800,50399
h0406,p0406,p0406_t01,1,z002,z030,education,train,18000,21599
h0406,p0406,p0406_t02,2,z030,z002,home,bus,39600,43199
h0407,p0407,p0407_t01,1,z015,z022,work,bus,50400,53999
h0407,p0407,p0407_t02,2,z022,z015,home,bus,75600,79199
h0407,p0407,p0407_t03,3,z015,z004,service,bus,126000,129599
h0408,p0408,p0408_t01,1,z002,z030,work,car,36000,39599
h0408,p0408,p0408_t02,2,z030,z002,home,car,68400,71999
h0408,p0408,p0408_t03,3,z002,z012,other,car,126000,129599
h0409,p0409,p0409_t01,1,z028,z007,work,car,28800,32399
h0409,p0409,p0409_t02,2,z007,z022,recreation,car,61200,64799
h0409,p0409,p0409_t03,3,z022,z028,home,car,79200,82799
h0410,p0410,p0410_t01,1,z002,z015,work,bus,28800,32399
h0410,p0410,p0410_t02,2,z015,z001,market,train,54000,57599
h0410,p0410,p0410_t03,3,z001,z002,home,walk,68400,71999
h0411,p0411,p0411_t01,1,z028,z028,recreation,taxi,57600,61199
h0411,p0411,p0411_t02,2,z028,z028,market,walk,72000,75599
h0412,p0412,p0412_t01,1,z007,z001,work,car,28800,32399
h0412,p0412,p0412_t02,2,z001,z028,work,car,64800,68399
h0413,p0413,p0413_t01,1,z002,z013,other,taxi,36000,39599
h0413,p0413,p0413_t02,2,z013,z002,home,bus,43200,46799
h0414,p0414,p0414_t01,1,z005,z005,other,walk,39600,43199
h0414,p0414,p0414_t02,2,z005,z006,other,walk,50400,53999
h0414,p0414,p0414_t03,3,z006,z006,market,walk,68400,71999
h0415,p0415,p0415_t01,1,z006,z007,work,motorcycle,32400,35999
h0415,p0415,p0415_t02,2,z007,z006,home,motorcycle,61200,64799
h0415,p0415,p0415_t03,3,z006,z006,market,walk,61200,64799
h0416,p0416,p0416_t01,1,z015,z007,work,car,36000,39599
h0416,p0416,p0416_t02,2,z007,z006,work,car,50400,53999
h0417,p0417,p0417_t01,1,z016,z016,education,walk,68400,71999
h0417,p0417,p0417_t02,2,z016,z001,work,walk,111600,115199
h0418,p0418,p0418_t01,1,z015,z001,work,motorcycle,36000,39599
h0418,p0418,p0418_t02,2,z001,z015,home,motorcycle,68400,71999
h0418,p0418,p0418_t03,3,z015,z018,recreation,motorcycle,68400,71999
h0418,p0418,p0418_t04,4,z018,z030,recreation,motorcycle,79200,82799
h0419,p0419,p0419_t01,1,z014,z023,work,bicycle,28800,32399
h0419,p0419,p0419_t02,2,z023,z021,work,bicycle,50400,53999
h0420,p0420,p0420_t01,1,z006,z006,market,walk,50400,53999
h0420,p0420,p0420_t02,2,z006,z006,other,walk,50400,53999
h0421,p0421,p0421_t01,1,z020,z015,work,car,28800,32399
h0421,p0421,p0421_t02,2,z015,z010,other,car,28800,32399
h0422,p0422,p0422_t01,1,z007,z015,work,bus,32400,35999
h0422,p0422,p0422_t02,2,z015,z007,home,bus,61200,64799
h0422,p0422,p0422_t03,3,z007,z007,recreation,walk,79200,82799
h0422,p0422,p0422_t04,4,z007,z007,home,walk,100800,104399
h0423,p0423,p0423_t01,1,z015,z015,recreation,bus,46800,50399
h0423,p0423,p0423_t02,2,z015,z015,home,walk,97200,100799
h0423,p0423,p0423_t03,3,z015,z001,home,taxi,162000,165599
h0424,p0424,p0424_t01,1,z015,z034,recreation,motorcycle,50400,53999
h0424,p0424,p0424_t02,2,z034,z021,other,motorcycle,61200,64799
h0424,p0424,p0424_t03,3,z021,z015,home,motorcycle,79200,82799
h0424,p0424,p0424_t04,4,z015,z025,recreation,motorcycle,79200,82799
h0424,p0424,p0424_t05,5,z025,z011,recreation,train,79200,82799
h0425,p0425,p0425_t01,1,z007,z001,recreation,car,72000,75599
h0425,p0425,p0425_t02,2,z001,z007,home,car,90000,93599
h0426,p0426,p0426_t01,1,z015,z015,other,walk,57600,61199
h0426,p0426,p0426_t02,2,z015,z007,recreation,bus,75600,79199
h0427,p0427,p0427_t01,1,z030,z024,work,car,32400,35999
h0427,p0427,p0427_t02,2,z024,z007,other,car,64800,68399
h0427,p0427,p0427_t03,3,z007,z030,home,car,64800,68399
h0428,p0428,p0428_t01,1,z025,z024,work,train,36000,39599
h0428,p0428,p0428_t02,2,z024,z024,work,train,104400,107999
h0428,p0428,p0428_t03,3,z024,z015,work,train,158400,161999
h0429,p0429,p0429_t01,1,z001,z001,recreation,walk,72000,75599
h0429,p0429,p0429_t02,2,z001,z015,recreation,walk,72000,75599
h0430,p0430,p0430_t01,1,z035,z035,recreation,car,64800,68399
h0430,p0430,p0430_t02,2,z035,z036,work,car,115200,118799
h0431,p0431,p0431_t01,1,z003,z001,work,train,28800,32399
h0431,p0431,p0431_t02,2,z001,z003,home,train,61200,64799
h0432,p0432,p0432_t01,1,z021,z021,other,car,39600,43199
h0432,p0432,p0432_t02,2,z021,z002,market,car,39600,43199
h0433,p0433,p0433_t01,1,z014,z014,other,walk,64800,68399
h0433,p0433,p0433_t02,2,z014,z014,other,walk,64800,68399
h0433,p0433,p0433_t03,3,z014,z014,market,car,136800,140399
h0434,p0434,p0434_t01,1,z001,z001,market,walk,39600,43199
h0434,p0434,p0434_t02,2,z001,z001,other,car,54000,57599
h0435,p0435,p0435_t01,1,z036,z036,work,car,36000,39599
h0435,p0435,p0435_t02,2,z036,z036,home,car,50400,53999
h0436,p0436,p0436_t01,1,z015,z001,market,bus,64800,68399
h0436,p0436,p0436_t02,2,z001,z006,work,walk,122400,125999
h0437,p0437,p0437_t01,1,z001,z012,recreation,car,39600,43199
h0437,p0437,p0437_t02,2,z012,z001,home,car,57600,61199
h0437,p0437,p0437_t03,3,z001,z001,recreation,taxi,72000,75599
h0437,p0437,p0437_t04,4,z001,z001,home,car,97200,100799
h0438,p0438,p0438_t01,1,z024,z022,work,train,28800,32399
h0438,p0438,p0438_t02,2,z022,z024,home,train,61200,64799
h0439,p0439,p0439_t01,1,z007,z015,education,bus,28800,32399
h0439,p0439,p0439_t02,2,z015,z007,home,bus,61200,64799
h0439,p0439,p0439_t03,3,z007,z001,recreation,train,72000,75599
h0440,p0440,p0440_t01,1,z007,z029,other,car,68400,71999
h0440,p0440,p0440_t02,2,z029,z007,recreation,car,68400,71999
h0440,p0440,p0440_t03,3,z007,z007,home,car,75600,79199
h0441,p0441,p0441_t01,1,z036,z002,work,train,46800,50399
h0441,p0441,p0441_t02,2,z002,z002,work,train,46800,50399
h0442,p0442,p0442_t01,1,z022,z022,other,car,32400,35999
h0442,p0442,p0442_t02,2,z022,z022,home,car,72000,75599
h0443,p0443,p0443_t01,1,z024,z015,work,motorcycle,54000,57599
h0443,p0443,p0443_t02,2,z015,z013,work,motorcycle,54000,57599
h0443,p0443,p0443_t03,3,z013,z024,work,motorcycle,79200,82799
h0444,p0444,p0444_t01,1,z025,z001,recreation,train,46800,50399
h0444,p0444,p0444_t02,2,z001,z025,home,train,54000,57599
h0445,p0445,p0445_t01,1,z015,z036,work,train,32400,35999
h0445,p0445,p0445_t02,2,z036,z015,home,train,68400,71999
h0446,p0446,p0446_t01,1,z007,z012,work,car,32400,35999
h0446,p0446,p0446_t02,2,z012,z007,work,car,61200,64799
h0446,p0446,p0446_t03,3,z007,z007,market,walk,61200,64799
h0446,p0446,p0446_t04,4,z007,z007,home,walk,61200,64799
h0446,p0446,p0446_t05,5,z007,z007,recreation,walk,72000,75599
h0447,p0447,p0447_t01,1,z010,z018,work,car,50400,53999
h0447,p0447,p0447_t02,2,z018,z025,work,car,50400,53999
h0447,p0447,p0447_t03,3,z025,z028,work,car,61200,64799
h0448,p0448,p0448_t01,1,z008,z023,work,car,32400,35999
h0448,p0448,p0448_t02,2,z023,z006,market,car,54000,57599
h0449,p0449,p0449_t01,1,z015,z015,education,bus,28800,32399
h0449,p0449,p0449_t02,2,z015,z011,recreation,train,79200,82799
h0449,p0449,p0449_t03,3,z011,z013,recreation,bus,154800,158399
h0449,p0449,p0449_t04,4,z013,z001,market,train,230400,233999
h0449,p0449,p0449_t05,5,z001,z007,recreation,bus,241200,244799
h0450,p0450,p0450_t01,1,z002,z001,market,walk,39600,43199
h0450,p0450,p0450_t02,2,z001,z002,home,walk,39600,43199
h0451,p0451,p0451_t01,1,z034,z034,other,taxi,39600,43199
h0451,p0451,p0451_t02,2,z034,z029,work,taxi,108000,111599
h0452,p0452,p0452_t01,1,z013,z015,work,bus,28800,32399
h0452,p0452,p0452_t02,2,z015,z001,work,bus,61200,64799
h0453,p0453,p0453_t01,1,z001,z001,work,bus,36000,39599
h0453,p0453,p0453_t02,2,z001,z001,recreation,taxi,79200,82799
h0453,p0453,p0453_t03,3,z001,z001,home,walk,147600,151199
h0453,p0453,p0453_t04,4,z001,z001,home,taxi,172800,176399
h0454,p0454,p0454_t01,1,z028,z001,work,car,32400,35999
h0454,p0454,p0454_t02,2,z001,z007,other,car,57600,61199
h0454,p0454,p0454_t03,3,z007,z028,home,car,68400,71999
h0455,p0455,p0455_t01,1,z001,z015,work,car,28800,32399
h0455,p0455,p0455_t02,2,z015,z001,home,car,75600,79199
h0455,p0455,p0455_t03,3,z001,z002,recreation,walk,75600,79199
h0455,p0455,p0455_t04,4,z002,z001,home,car,97200,100799
h0456,p0456,p0456_t01,1,z030,z036,work,car,21600,25199
h0456,p0456,p0456_t02,2,z036,z019,work,car,32400,35999
h0456,p0456,p0456_t03,3,z019,z022,market,car,46800,50399
h0456,p0456,p0456_t04,4,z022,z024,other,taxi,54000,57599
h0457,p0457,p0457_t01,1,z035,z029,work,train,25200,28799
h0457,p0457,p0457_t02,2,z029,z035,home,train,57600,61199
h0458,p0458,p0458_t01,1,z015,z001,work,taxi,21600,25199
h0458,p0458,p0458_t02,2,z001,z002,market,taxi,43200,46799
h0459,p0459,p0459_t01,1,z032,z032,other,car,68400,71999
h0459,p0459,p0459_t02,2,z032,z032,other,car,68400,71999
h0459,p0459,p0459_t03,3,z032,z032,other,car,68400,71999
h0459,p0459,p0459_t04,4,z032,z032,other,car,68400,71999
h0459,p0459,p0459_t05,5,z032,z032,other,car,68400,71999
h0460,p0460,p0460_t01,1,z035,z001,work,train,25200,28799
h0460,p0460,p0460_t02,2,z001,z035,home,train,57600,61199
h0460,p0460,p0460_t03,3,z035,z035,work,bus,111600,115199
h0460,p0460,p0460_t04,4,z035,z035,home,bus,151200,154799
h0461,p0461,p0461_t01,1,z015,z019,work,bus,21600,25199
h0461,p0461,p0461_t02,2,z019,z019,work,bus,21600,25199
h0462,p0462,p0462_t01,1,z025,z025,other,walk,43200,46799
h0462,p0462,p0462_t02,2,z025,z025,home,walk,79200,82799
h0462,p0462,p0462_t03,3,z025,z025,market,walk,79200,82799
h0463,p0463,p0463_t01,1,z007,z001,work,walk,32400,35999
h0463,p0463,p0463_t02,2,z001,z007,home,walk,61200,64799
h0464,p0464,p0464_t01,1,z005,z014,work,car,36000,39599
h0464,p0464,p0464_t02,2,z014,z005,home,car,54000,57599
h0465,p0465,p0465_t01,1,z013,z002,work,car,10800,14399
h0465,p0465,p0465_t02,2,z002,z002,work,car,10800,14399
h0466,p0466,p0466_t01,1,z023,z036,market,car,46800,50399
h0466,p0466,p0466_t02,2,z036,z036,market,car,46800,50399
h0466,p0466,p0466_t03,3,z036,z036,other,car,79200,82799
h0467,p0467,p0467_t01,1,z015,z021,other,car,61200,64799
h0467,p0467,p0467_t02,2,z021,z015,home,car,75600,79199
h0468,p0468,p0468_t01,1,z021,z021,other,taxi,72000,75599
h0468,p0468,p0468_t02,2,z021,z025,recreation,bus,72000,75599
h0469,p0469,p0469_t01,1,z010,z010,other,car,21600,25199
h0469,p0469,p0469_t02,2,z010,z010,other,car,21600,25199
h0470,p0470,p0470_t01,1,z015,z001,market,car,36000,39599
h0470,p0470,p0470_t02,2,z001,z015,home,car,46800,50399
h0470,p0470,p0470_t03,3,z015,z020,recreation,walk,68400,71999
h0470,p0470,p0470_t04,4,z020,z015,home,walk,75600,79199
h0471,p0471,p0471_t01,1,z025,z028,work,car,21600,25199
h0471,p0471,p0471_t02,2,z028,z025,home,car,54000,57599
h0472,p0472,p0472_t01,1,z012,z012,other,car,68400,71999
h0472,p0472,p0472_t02,2,z012,z005,other,car,115200,118799
h0473,p0473,p0473_t01,1,z036,z036,recreation,car,75600,79199
h0473,p0473,p0473_t02,2,z036,z036,market,car,151200,154799
h0474,p0474,p0474_t01,1,z025,z030,work,car,18000,21599
h0474,p0474,p0474_t02,2,z030,z025,home,car,54000,57599
h0475,p0475,p0475_t01,1,z015,z031,other,train,64800,68399
h0475,p0475,p0475_t02,2,z031,z015,home,train,79200,82799
h0476,p0476,p0476_t01,1,z022,z022,market,walk,46800,50399
h0476,p0476,p0476_t02,2,z022,z022,market,bus,46800,50399
h0477,p0477,p0477_t01,1,z019,z019,other,car,39600,43199
h0477,p0477,p0477_t02,2,z019,z005,market,car,50400,53999
h0477,p0477,p0477_t03,3,z005,z006,market,car,61200,64799
h0478,p0478,p0478_t01,1,z019,z019,other,car,43200,46799
h0478,p0478,p0478_t02,2,z019,z005,market,car,57600,61199
h0478,p0478,p0478_t03,3,z005,z006,market,car,68400,71999
h0479,p0479,p0479_t01,1,z018,z001,work,car,28800,32399
h0479,p0479,p0479_t02,2,z001,z001,work,car,28800,32399
h0479,p0479,p0479_t03,3,z001,z018,home,car,64800,68399
h0480,p0480,p0480_t01,1,z025,z004,market,taxi,39600,43199
h0480,p0480,p0480_t02,2,z004,z004,market,taxi,39600,43199
h0481,p0481,p0481_t01,1,z032,z017,work,car,21600,25199
h0481,p0481,p0481_t02,2,z017,z009,recreation,car,64800,68399
h0482,p0482,p0482_t01,1,z021,z010,recreation,bus,28800,32399
h0482,p0482,p0482_t02,2,z010,z021,home,taxi,75600,79199
h0483,p0483,p0483_t01,1,z015,z015,other,bus,46800,50399
h0483,p0483,p0483_t02,2,z015,z015,other,bus,68400,71999
h0484,p0484,p0484_t01,1,z021,z001,work,car,25200,28799
h0484,p0484,p0484_t02,2,z001,z021,home,car,57600,61199
h0485,p0485,p0485_t01,1,z006,z028,work,car,25200,28799
h0485,p0485,p0485_t02,2,z028,z006,home,car,57600,61199
h0486,p0486,p0486_t01,1,z021,z001,work,car,25200,28799
h0486,p0486,p0486_t02,2,z001,z021,home,car,50400,53999
h0487,p0487,p0487_t01,1,z019,z001,work,car,21600,25199
h0487,p0487,p0487_t02,2,z001,z019,recreation,car,68400,71999
h0488,p0488,p0488_t01,1,z002,z015,education,bus,50400,53999
h0488,p0488,p0488_t02,2,z015,z002,home,bus,72000,75599
h0489,p0489,p0489_t01,1,z009,z011,work,car,18000,21599
h0489,p0489,p0489_t02,2,z011,z009,home,car,18000,21599
h0489,p0489,p0489_t03,3,z009,z001,recreation,car,61200,64799
h0490,p0490,p0490_t01,1,z016,z025,work,bicycle,57600,61199
h0490,p0490,p0490_t02,2,z025,z025,work,bicycle,57600,61199
h0490,p0490,p0490_t03,3,z025,z025,work,bicycle,57600,61199
h0490,p0490,p0490_t04,4,z025,z025,work,bicycle,57600,61199
h0491,p0491,p0491_t01,1,z005,z001,work,train,25200,28799
h0491,p0491,p0491_t02,2,z001,z005,home,train,54000,57599
h0492,p0492,p0492_t01,1,z018,z001,work,train,25200,28799
h0492,p0492,p0492_t02,2,z001,z018,home,train,68400,71999
h0493,p0493,p0493_t01,1,z025,z003,education,train,36000,39599
h0493,p0493,p0493_t02,2,z003,z002,market,train,39600,43199
h0493,p0493,p0493_t03,3,z002,z031,other,train,68400,71999
h0493,p0493,p0493_t04,4,z031,z025,home,train,100800,104399
h0493,p0493,p0493_t05,5,z025,z001,recreation,train,126000,129599
h0494,p0494,p0494_t01,1,z035,z035,work,car,32400,35999
h0494,p0494,p0494_t02,2,z035,z035,recreation,car,61200,64799
h0494,p0494,p0494_t03,3,z035,z035,home,car,79200,82799
h0495,p0495,p0495_t01,1,z032,z032,recreation,walk,21600,25199
h0495,p0495,p0495_t02,2,z032,z036,work,bus,21600,25199
h0496,p0496,p0496_t01,1,z036,z036,market,car,32400,35999
h0496,p0496,p0496_t02,2,z036,z036,service,car,111600,115199
h0496,p0496,p0496_t03,3,z036,z036,home,car,126000,129599
h0497,p0497,p0497_t01,1,z035,z022,work,car,28800,32399
h0497,p0497,p0497_t02,2,z022,z035,home,car,68400,71999
h0498,p0498,p0498_t01,1,z025,z007,work,taxi,21600,25199
h0498,p0498,p0498_t02,2,z007,z025,home,train,54000,57599
h0499,p0499,p0499_t01,1,z035,z022,work,bus,21600,25199
h0499,p0499,p0499_t02,2,z022,z035,home,bus,57600,61199
h0499,p0499,p0499_t03,3,z035,z035,market,walk,64800,68399
h0499,p0499,p0499_t04,4,z035,z001,recreation,car,75600,79199
h0500,p0500,p0500_t01,1,z001,z001,recreation,taxi,72000,75599
h0500,p0500,p0500_t02,2,z001,z001,recreation,taxi,72000,75599
h0501,p0501,p0501_t01,1,z019,z019,work,car,36000,39599
h0501,p0501,p0501_t02,2,z019,z019,work,car,36000,39599
h0501,p0501,p0501_t03,3,z019,z019,other,car,64800,68399
h0501,p0501,p0501_t04,4,z019,z019,home,car,136800,140399
h0501,p0501,p0501_t05,5,z019,z019,market,car,136800,140399
h0502,p0502,p0502_t01,1,z029,z029,other,bus,21600,25199
h0502,p0502,p0502_t02,2,z029,z033,market,escooter,93600,97199
h0503,p0503,p0503_t01,1,z008,z008,other,bus,68400,71999
h0503,p0503,p0503_t02,2,z008,z008,education,train,115200,118799
h0503,p0503,p0503_t03,3,z008,z008,recreation,taxi,165600,169199
h0504,p0504,p0504_t01,1,z030,z024,work,car,25200,28799
h0504,p0504,p0504_t02,2,z024,z030,home,car,50400,53999
h0505,p0505,p0505_t01,1,z007,z001,recreation,train,50400,53999
h0505,p0505,p0505_t02,2,z001,z007,home,bus,61200,64799
h0506,p0506,p0506_t01,1,z018,z018,other,train,39600,43199
h0506,p0506,p0506_t02,2,z018,z007,service,train,39600,43199
h0507,p0507,p0507_t01,1,z035,z018,market,car,43200,46799
h0507,p0507,p0507_t02,2,z018,z018,other,car,122400,125999
h0508,p0508,p0508_t01,1,z001,z022,work,train,36000,39599
h0508,p0508,p0508_t02,2,z022,z001,home,train,68400,71999
h0509,p0509,p0509_t01,1,z016,z001,work,train,28800,32399
h0509,p0509,p0509_t02,2,z001,z016,home,train,64800,68399
h0510,p0510,p0510_t01,1,z011,z032,work,car,32400,35999
h0510,p0510,p0510_t02,2,z032,z011,home,car,54000,57599
h0511,p0511,p0511_t01,1,z028,z028,work,car,36000,39599
h0511,p0511,p0511_t02,2,z028,z028,home,car,68400,71999
h0512,p0512,p0512_t01,1,z012,z022,market,car,32400,35999
h0512,p0512,p0512_t02,2,z022,z001,recreation,car,64800,68399
h0513,p0513,p0513_t01,1,z026,z026,recreation,walk,75600,79199
h0513,p0513,p0513_t02,2,z026,z012,recreation,bus,75600,79199
